{
  "name": "incendium:generic",
  "fallback": "incendium:castle/decor/tables_small",
  "elements": [
    {
      "weight": 1,
      "element": {
        "location": "incendium:castle/decor/tables/table_small1",
        "processors": "incendium:castle/table_small",
        "projection": "rigid",
        "element_type": "minecraft:single_pool_element"
      }
    },
    {
      "weight": 1,
      "element": {
        "location": "incendium:castle/decor/tables/table_small2",
        "processors": "incendium:castle/table_small",
        "projection": "rigid",
        "element_type": "minecraft:single_pool_element"
      }
    },
    {
      "weight": 1,
      "element": {
        "location": "incendium:castle/decor/tables/table_small3",
        "processors": "incendium:castle/table_small",
        "projection": "rigid",
        "element_type": "minecraft:single_pool_element"
      }
    },
    {
      "weight": 5,
      "element": {
        "element_type": "minecraft:empty_pool_element"
      }
    }
  ]
}
