{
  "structures": [
        {
      "structure": "incendium:quartz_kitchen",
      "weight": 1
    },
        {
      "structure": "incendium:abandoned_tower",
      "weight": 1
    },
    {
      "structure": "incendium:pipeline",
      "weight": 1
    },
    {
      "structure": "incendium:piglin_village",
      "weight": 1
    },
    {
      "structure": "incendium:infernal_altar",
      "weight": 1
    },
    {
      "structure": "incendium:ruined_lab",
      "weight": 1
    }
  ],
  "placement": {
    "salt": 399125,
    "spacing": 19,
    "separation": 8,
    "type": "minecraft:random_spread"
  }
}