{
  "name": "incendium:generic",
  "fallback": "incendium:castle/roof_1x1",
  "elements": [
    {
      "weight": 12,
      "element": {
        "location": "incendium:castle/roof_1x1_1",
        "processors": "incendium:nuclear_option",
        "projection": "rigid",
        "element_type": "minecraft:single_pool_element"
      }
    },
    {
      "weight": 12,
      "element": {
        "location": "incendium:castle/roof_1x1_2",
        "processors": "incendium:nuclear_option",
        "projection": "rigid",
        "element_type": "minecraft:single_pool_element"
      }
    },
    {
      "weight": 3,
      "element": {
        "location": "incendium:castle/roof_1x1_3",
        "processors": "incendium:nuclear_option",
        "projection": "rigid",
        "element_type": "minecraft:single_pool_element"
      }
    },
    {
      "weight": 6,
      "element": {
        "location": "incendium:castle/roof_1x1_4",
        "processors": "incendium:nuclear_option",
        "projection": "rigid",
        "element_type": "minecraft:single_pool_element"
      }
    },
    {
      "weight": 4,
      "element": {
        "location": "incendium:castle/roof_1x1_8",
        "processors": "incendium:nuclear_option",
        "projection": "rigid",
        "element_type": "minecraft:single_pool_element"
      }
    },
    {
      "weight": 4,
      "element": {
        "location": "incendium:castle/rooms/1x1/archery_tower",
        "processors": "incendium:nuclear_option",
        "projection": "rigid",
        "element_type": "minecraft:single_pool_element"
      }
    },
    {
      "weight": 2,
      "element": {
        "location": "incendium:castle/rooms/1x1/pig_ben",
        "processors": "incendium:nuclear_option",
        "projection": "rigid",
        "element_type": "minecraft:single_pool_element"
      }
    },
    {
      "weight": 1,
      "element": {
        "location": "incendium:castle/roof_1x1_6",
        "processors": "incendium:nuclear_option",
        "projection": "rigid",
        "element_type": "minecraft:single_pool_element"
      }
    },
    {
      "weight": 1,
      "element": {
        "location": "incendium:castle/roof_1x1_short1",
        "processors": "incendium:nuclear_option",
        "projection": "rigid",
        "element_type": "minecraft:single_pool_element"
      }
    }
  ]
}
