{
  "name": "incendium:generic",
  "fallback": "minecraft:empty",
  "elements": [
    {
      "weight": 50,
      "element": {
        "location": "incendium:castle/statue_2x2",
        "processors": "incendium:castle_floor",
        "projection": "rigid",
        "element_type": "minecraft:single_pool_element"
      }
    },
    {
      "weight": 10,
      "element": {
        "location": "incendium:castle/statues/king_broken1",
        "processors": "incendium:castle_floor",
        "projection": "rigid",
        "element_type": "minecraft:single_pool_element"
      }
    },
    {
      "weight": 4,
      "element": {
        "location": "incendium:castle/statues/king_broken2",
        "processors": "incendium:castle_floor",
        "projection": "rigid",
        "element_type": "minecraft:single_pool_element"
      }
    },
    {
      "weight": 1,
      "element": {
        "location": "incendium:castle/statues/king_intact1",
        "processors": "incendium:castle_floor",
        "projection": "rigid",
        "element_type": "minecraft:single_pool_element"
      }
    }
  ]
}
