{
  "type": "add",
  "argument1": {
    "type": "square",
    "argument": {
      "type": "shifted_noise",
      "noise": "incendium:tendril/noise",
      "xz_scale": 1,
      "y_scale": 0,
      "shift_x": {
        "type": "mul",
        "argument1": {
          "type": "noise",
          "noise": "incendium:tendril/shift1",
          "xz_scale": 0.075,
          "y_scale": 1
        },
        "argument2": 8
      },
      "shift_y": 8,
      "shift_z": {
        "type": "mul",
        "argument1": 8,
        "argument2": {
          "type": "noise",
          "noise": "incendium:tendril/shift2",
          "xz_scale": 0.075,
          "y_scale": 1
        }
      }
    }
  },
  "argument2": {
    "type": "add",
    "argument1": {
      "type": "y_clamped_gradient",
      "from_y": -96,
      "to_y": 160,
      "from_value": 1.5,
      "to_value": -2
    },
    "argument2": 
    {
      "type":"mul","argument1":1.5,
      "argument2":
    {
      "type": "noise",
      "noise": "incendium:climate/temperature",
      "xz_scale": 0.25,
      "y_scale": 0
    }
  }
  }
}