{
	"credit": "Made with Blockbench",
	"texture_size": [64, 64],
	"textures": {
		"0": "block/door2",
		"particle": "block/door2"
	},
	"elements": [
		{
			"from": [1, 13, 0],
			"to": [4, 16, 16],
			"rotation": {"angle": 0, "axis": "y", "origin": [0, 0, 16]},
			"faces": {
				"north": {"uv": [11, 0, 10.25, 0.75], "texture": "#0"},
				"east": {"uv": [12, 8, 8, 8.75], "texture": "#0"},
				"south": {"uv": [11, 0, 10.25, 0.75], "texture": "#0"},
				"west": {"uv": [12, 8, 8, 8.75], "texture": "#0"},
				"up": {"uv": [14.25, 8, 15, 4], "texture": "#0"},
				"down": {"uv": [14.25, 8, 15, 4], "texture": "#0"}
			}
		},
		{
			"from": [1, 0, 0],
			"to": [4, 13, 3],
			"rotation": {"angle": 0, "axis": "y", "origin": [0, 0, 16]},
			"faces": {
				"north": {"uv": [11, 0.75, 10.25, 4], "texture": "#0"},
				"east": {"uv": [8.75, 8.75, 8, 12], "texture": "#0"},
				"south": {"uv": [11, 0.75, 10.25, 4], "texture": "#0"},
				"west": {"uv": [12, 8.75, 11.25, 12], "texture": "#0"},
				"up": {"uv": [0, 0.75, 0.75, 0], "texture": "#0"},
				"down": {"uv": [0, 0.75, 0.75, 0], "texture": "#0"}
			}
		},
		{
			"from": [1, 0, 13],
			"to": [4, 13, 16],
			"rotation": {"angle": 0, "axis": "y", "origin": [0, 0, 16]},
			"faces": {
				"north": {"uv": [11, 0.75, 10.25, 4], "texture": "#0"},
				"east": {"uv": [12, 8.75, 11.25, 12], "texture": "#0"},
				"south": {"uv": [11, 0.75, 10.25, 4], "texture": "#0"},
				"west": {"uv": [8.75, 8.75, 8, 12], "texture": "#0"},
				"up": {"uv": [0, 0.75, 0.75, 0], "texture": "#0"},
				"down": {"uv": [0, 0.75, 0.75, 0], "texture": "#0"}
			}
		},
		{
			"from": [1.5, 4, 3],
			"to": [3.5, 6, 13],
			"rotation": {"angle": 0, "axis": "y", "origin": [0, 0, 16]},
			"faces": {
				"north": {"uv": [0.5, 0, 0, 0.75], "texture": "#0"},
				"east": {"uv": [11.25, 10.5, 8.75, 11], "texture": "#0"},
				"south": {"uv": [0.5, 0, 0, 0.75], "texture": "#0"},
				"west": {"uv": [11.25, 10.5, 8.75, 11], "texture": "#0"},
				"up": {"uv": [2.25, 8.75, 2.75, 11.25], "texture": "#0"},
				"down": {"uv": [8.75, 11, 11.25, 10.5], "texture": "#0"}
			}
		},
		{
			"from": [1.5, 0, 7],
			"to": [3.5, 4, 9],
			"rotation": {"angle": 0, "axis": "y", "origin": [0, 0, 16]},
			"faces": {
				"north": {"uv": [10.25, 11, 9.75, 12], "texture": "#0"},
				"east": {"uv": [10.25, 11, 9.75, 12], "texture": "#0"},
				"south": {"uv": [10.25, 11, 9.75, 12], "texture": "#0"},
				"west": {"uv": [10.25, 11, 9.75, 12], "texture": "#0"},
				"up": {"uv": [1.75, 11.25, 2.25, 8.75], "texture": "#0"},
				"down": {"uv": [1.75, 11.25, 2.25, 8.75], "texture": "#0"}
			}
		},
		{
			"from": [2, 0, 3],
			"to": [3, 4, 7],
			"rotation": {"angle": 0, "axis": "y", "origin": [0, 0, 16]},
			"faces": {
				"north": {"uv": [10.25, 11, 9.75, 12], "texture": "#0"},
				"east": {"uv": [9.75, 11, 8.75, 12], "texture": "#0"},
				"south": {"uv": [10.25, 11, 9.75, 12], "texture": "#0"},
				"west": {"uv": [11.25, 11, 10.25, 12], "texture": "#0"},
				"up": {"uv": [1.75, 11.25, 2.25, 8.75], "texture": "#0"},
				"down": {"uv": [1.75, 11.25, 2.25, 8.75], "texture": "#0"}
			}
		},
		{
			"from": [2, 0, 9],
			"to": [3, 4, 13],
			"rotation": {"angle": 0, "axis": "y", "origin": [0, 0, 16]},
			"faces": {
				"north": {"uv": [10.25, 11, 9.75, 12], "texture": "#0"},
				"east": {"uv": [9.75, 11, 8.75, 12], "texture": "#0"},
				"south": {"uv": [10.25, 11, 9.75, 12], "texture": "#0"},
				"west": {"uv": [9.75, 11, 8.75, 12], "texture": "#0"},
				"up": {"uv": [1.75, 11.25, 2.25, 8.75], "texture": "#0"},
				"down": {"uv": [1.75, 11.25, 2.25, 8.75], "texture": "#0"}
			}
		}
	],
	"groups": [
		{
			"name": "group",
			"origin": [0, 0, 0],
			"color": 0,
			"children": [0, 1, 2, 3, 4, 5, 6]
		}
	]
}