{
	"credit": "Made with Blockbench",
	"parent": "minecraft:block/template_orientable_trapdoor_bottom",
	"texture_size": [64, 64],
	"textures": {
		"texture": "block/trapdoor"
	},
	"elements": [
		{
			"from": [0, 13, 13],
			"to": [16, 16, 16],
			"faces": {
				"north": {"uv": [8, 12, 12, 12.75], "rotation": 180, "texture": "#texture"},
				"east": {"uv": [11.25, 11.25, 12, 12], "texture": "#texture"},
				"south": {"uv": [8, 15.25, 12, 16], "texture": "#texture"},
				"west": {"uv": [11.25, 8.0625, 12, 8.8125], "rotation": 180, "texture": "#texture"},
				"up": {"uv": [8, 12, 12, 12.75], "rotation": 180, "texture": "#texture"},
				"down": {"uv": [8, 15.25, 12, 16], "texture": "#texture"}
			}
		},
		{
			"from": [0, 3, 13],
			"to": [3, 13, 16],
			"faces": {
				"north": {"uv": [11.25, 12.75, 12, 15.25], "rotation": 180, "texture": "#texture"},
				"east": {"uv": [11.25, 8.8125, 12, 11.25], "texture": "#texture"},
				"south": {"uv": [11.25, 12.75, 12, 15.25], "texture": "#texture"},
				"west": {"uv": [11.25, 8.8125, 12, 11.25], "rotation": 180, "texture": "#texture"},
				"up": {"uv": [0, 0, 3, 3], "rotation": 180, "texture": "#missing"},
				"down": {"uv": [0, 0, 3, 3], "texture": "#missing"}
			}
		},
		{
			"from": [13, 3, 13],
			"to": [16, 13, 16],
			"faces": {
				"north": {"uv": [8, 12.75, 8.75, 15.25], "rotation": 180, "texture": "#texture"},
				"east": {"uv": [11.25, 8.8125, 12, 11.25], "texture": "#texture"},
				"south": {"uv": [8, 12.75, 8.75, 15.25], "texture": "#texture"},
				"west": {"uv": [11.25, 8.8125, 12, 11.25], "rotation": 180, "texture": "#texture"},
				"up": {"uv": [0, 0, 3, 3], "rotation": 180, "texture": "#missing"},
				"down": {"uv": [0, 0, 3, 3], "texture": "#missing"}
			}
		},
		{
			"from": [0, 0, 13],
			"to": [16, 3, 16],
			"faces": {
				"north": {"uv": [8, 15.25, 12, 16], "rotation": 180, "texture": "#texture"},
				"east": {"uv": [11.25, 8.0625, 12, 8.8125], "texture": "#texture"},
				"south": {"uv": [8, 12, 12, 12.75], "texture": "#texture"},
				"west": {"uv": [11.25, 8.0625, 12, 8.8125], "rotation": 180, "texture": "#texture"},
				"up": {"uv": [8, 12, 12, 12.75], "rotation": 180, "texture": "#texture"},
				"down": {"uv": [8, 12, 12, 12.75], "texture": "#texture"}
			}
		},
		{
			"from": [3, 7, 13.5],
			"to": [13, 9, 15.5],
			"faces": {
				"north": {"uv": [8.75, 13.75, 11.25, 14.25], "rotation": 180, "texture": "#texture"},
				"east": {"uv": [0, 0, 0.5, 0.5], "rotation": 270, "texture": "#missing"},
				"south": {"uv": [8.75, 13.75, 11.25, 14.25], "texture": "#texture"},
				"west": {"uv": [0, 0, 0.5, 0.5], "rotation": 90, "texture": "#missing"},
				"up": {"uv": [8.75, 13.75, 11.25, 14.25], "rotation": 180, "texture": "#texture"},
				"down": {"uv": [8.75, 13.75, 11.25, 14.25], "texture": "#texture"}
			}
		},
		{
			"from": [7, 3, 13.5],
			"to": [9, 13, 15.5],
			"faces": {
				"north": {"uv": [9.75, 12.75, 10.25, 15.25], "rotation": 180, "texture": "#texture"},
				"east": {"uv": [9.75, 12.75, 10.25, 15.25], "texture": "#texture"},
				"south": {"uv": [9.75, 12.75, 10.25, 15.25], "texture": "#texture"},
				"west": {"uv": [9.75, 12.75, 10.25, 15.25], "rotation": 180, "texture": "#texture"},
				"up": {"uv": [0, 0, 0.5, 0.5], "rotation": 180, "texture": "#missing"},
				"down": {"uv": [0, 0, 0.5, 0.5], "texture": "#missing"}
			}
		}
	]
}