{
	"credit": "Made with Blockbench",
	"parent": "minecraft:block/template_orientable_trapdoor_bottom",
	"texture_size": [64, 64],
	"textures": {
		"texture": "block/trapdoor"
	},
	"elements": [
		{
			"from": [0, 0, 0],
			"to": [16, 3, 3],
			"faces": {
				"north": {"uv": [8, 12, 12, 12.75], "texture": "#texture"},
				"east": {"uv": [11.25, 11.25, 12, 12], "rotation": 90, "texture": "#texture"},
				"south": {"uv": [8, 15.25, 12, 16], "texture": "#texture"},
				"west": {"uv": [11.25, 8.0625, 12, 8.8125], "rotation": 90, "texture": "#texture"},
				"up": {"uv": [8, 15.25, 12, 16], "texture": "#texture"},
				"down": {"uv": [8, 12, 12, 12.75], "texture": "#texture"}
			}
		},
		{
			"from": [0, 0, 3],
			"to": [3, 3, 13],
			"faces": {
				"north": {"uv": [0, 0, 3, 3], "texture": "#missing"},
				"east": {"uv": [11.25, 8.8125, 12, 11.25], "rotation": 90, "texture": "#texture"},
				"south": {"uv": [0, 0, 3, 3], "texture": "#missing"},
				"west": {"uv": [11.25, 8.8125, 12, 11.25], "rotation": 90, "texture": "#texture"},
				"up": {"uv": [11.25, 12.75, 12, 15.25], "texture": "#texture"},
				"down": {"uv": [11.25, 12.75, 12, 15.25], "texture": "#texture"}
			}
		},
		{
			"from": [13, 0, 3],
			"to": [16, 3, 13],
			"faces": {
				"north": {"uv": [0, 0, 3, 3], "texture": "#missing"},
				"east": {"uv": [11.25, 8.8125, 12, 11.25], "rotation": 90, "texture": "#texture"},
				"south": {"uv": [0, 0, 3, 3], "texture": "#missing"},
				"west": {"uv": [11.25, 8.8125, 12, 11.25], "rotation": 90, "texture": "#texture"},
				"up": {"uv": [8, 12.75, 8.75, 15.25], "texture": "#texture"},
				"down": {"uv": [8, 12.75, 8.75, 15.25], "texture": "#texture"}
			}
		},
		{
			"from": [0, 0, 13],
			"to": [16, 3, 16],
			"faces": {
				"north": {"uv": [8, 12, 12, 12.75], "texture": "#texture"},
				"east": {"uv": [11.25, 8.0625, 12, 8.8125], "rotation": 90, "texture": "#texture"},
				"south": {"uv": [8, 12, 12, 12.75], "texture": "#texture"},
				"west": {"uv": [11.25, 8.0625, 12, 8.8125], "rotation": 90, "texture": "#texture"},
				"up": {"uv": [8, 12, 12, 12.75], "texture": "#texture"},
				"down": {"uv": [8, 15.25, 12, 16], "texture": "#texture"}
			}
		},
		{
			"from": [3, 0.5, 7],
			"to": [13, 2.5, 9],
			"faces": {
				"north": {"uv": [8.75, 13.75, 11.25, 14.25], "texture": "#texture"},
				"east": {"uv": [0, 0, 0.5, 0.5], "texture": "#missing"},
				"south": {"uv": [8.75, 13.75, 11.25, 14.25], "texture": "#texture"},
				"west": {"uv": [0, 0, 0.5, 0.5], "texture": "#missing"},
				"up": {"uv": [8.75, 13.75, 11.25, 14.25], "texture": "#texture"},
				"down": {"uv": [8.75, 13.75, 11.25, 14.25], "texture": "#texture"}
			}
		},
		{
			"from": [7, 0.5, 3],
			"to": [9, 2.5, 13],
			"faces": {
				"north": {"uv": [0, 0, 0.5, 0.5], "texture": "#missing"},
				"east": {"uv": [9.75, 12.75, 10.25, 15.25], "rotation": 90, "texture": "#texture"},
				"south": {"uv": [0, 0, 0.5, 0.5], "texture": "#missing"},
				"west": {"uv": [9.75, 12.75, 10.25, 15.25], "rotation": 90, "texture": "#texture"},
				"up": {"uv": [9.75, 12.75, 10.25, 15.25], "texture": "#texture"},
				"down": {"uv": [9.75, 12.75, 10.25, 15.25], "texture": "#texture"}
			}
		}
	]
}