{
	"credit": "Made with Blockbench",
	"parent": "minecraft:block/fence_post",
	"texture_size": [32, 32],
	"textures": {
		"1": "block/acacia_fence",
		"particle": "block/acacia_fence"
	},
	"elements": [
		{
			"from": [6, 0, 6],
			"to": [10, 16, 10],
			"rotation": {"angle": 0, "axis": "y", "origin": [16, 0, 0]},
			"faces": {
				"north": {"uv": [3, 0, 5, 8], "texture": "#1"},
				"east": {"uv": [3, 0, 5, 8], "texture": "#1"},
				"south": {"uv": [3, 0, 5, 8], "texture": "#1"},
				"west": {"uv": [3, 0, 5, 8], "texture": "#1"},
				"up": {"uv": [14, 0, 16, 2], "rotation": 90, "texture": "#1"}
			}
		},
		{
			"from": [6, -5, 6],
			"to": [10, 0, 10],
			"rotation": {"angle": 0, "axis": "y", "origin": [16, -15, 0]},
			"faces": {
				"north": {"uv": [3, 0, 5, 2.5], "texture": "#1"},
				"east": {"uv": [3, 0, 5, 2.5], "texture": "#1"},
				"south": {"uv": [3, 0, 5, 2.5], "texture": "#1"},
				"west": {"uv": [3, 0, 5, 2.5], "texture": "#1"},
				"down": {"uv": [14, 0, 16, 2], "rotation": 270, "texture": "#1"}
			}
		}
	]
}