{
	"credit": "Made with Blockbench",
	"parent": "minecraft:block/fence_post",
	"texture_size": [32, 32],
	"textures": {
		"1": "block/acacia_fence",
		"particle": "block/acacia_fence"
	},
	"elements": [
		{
			"from": [14, 0, 5.96875],
			"to": [18, 14.96875, 10.03125],
			"rotation": {"angle": 0, "axis": "y", "origin": [16, 0, 0]},
			"faces": {
				"north": {"uv": [3, 1, 5, 8.48438], "texture": "#1"},
				"east": {"uv": [3, 1, 5, 8.48438], "texture": "#1"},
				"south": {"uv": [3, 1, 5, 8.48438], "texture": "#1"},
				"west": {"uv": [3, 1, 5, 8.48438], "texture": "#1"},
				"up": {"uv": [14, 0, 16, 2], "rotation": 90, "texture": "#1"},
				"down": {"uv": [14, 0, 16, 2], "rotation": 90, "texture": "#1"}
			}
		},
		{
			"from": [-2, 0, 5.96875],
			"to": [2, 14.96875, 10.03125],
			"rotation": {"angle": 0, "axis": "y", "origin": [16, 0, 0]},
			"faces": {
				"north": {"uv": [3, 1, 5, 8.48438], "texture": "#1"},
				"east": {"uv": [3, 1, 5, 8.48438], "texture": "#1"},
				"south": {"uv": [3, 1, 5, 8.48438], "texture": "#1"},
				"west": {"uv": [3, 1, 5, 8.48438], "texture": "#1"},
				"up": {"uv": [14, 0, 16, 2], "rotation": 90, "texture": "#1"},
				"down": {"uv": [14, 0, 16, 2], "rotation": 90, "texture": "#1"}
			}
		},
		{
			"from": [-2, 1, 10],
			"to": [2, 5, 16],
			"rotation": {"angle": 0, "axis": "y", "origin": [8, -1, 24]},
			"faces": {
				"north": {"uv": [0, 0, 2, 2], "texture": "#missing"},
				"east": {"uv": [8, 2, 11, 4], "texture": "#1"},
				"south": {"uv": [14, 0, 16, 2], "texture": "#1"},
				"west": {"uv": [11, 2, 8, 4], "texture": "#1"},
				"up": {"uv": [3, 2.5, 5, 5], "rotation": 180, "texture": "#1"},
				"down": {"uv": [3, 0, 5, 2.5], "rotation": 180, "texture": "#1"}
			}
		},
		{
			"from": [-1, 5, 10],
			"to": [1, 10.125, 15],
			"rotation": {"angle": 0, "axis": "y", "origin": [8, 0, 24]},
			"faces": {
				"north": {"uv": [0, 0, 1, 3.0625], "texture": "#missing"},
				"east": {"uv": [9.5, 6, 12, 9.04688], "texture": "#1"},
				"south": {"uv": [0, 0, 1, 3.0625], "texture": "#missing"},
				"west": {"uv": [8, 6, 10.5, 9.04688], "texture": "#1"},
				"up": {"uv": [0, 0, 1, 2.5], "rotation": 180, "texture": "#missing"},
				"down": {"uv": [0, 0, 1, 2.5], "rotation": 180, "texture": "#missing"}
			}
		},
		{
			"from": [-2, 10.0625, 12],
			"to": [2, 14.0625, 16],
			"rotation": {"angle": 0, "axis": "y", "origin": [-2, 12.0625, 16]},
			"faces": {
				"north": {"uv": [10, 2, 12, 4], "texture": "#1"},
				"east": {"uv": [8, 2, 10, 4], "texture": "#1"},
				"south": {"uv": [14, 0, 16, 2], "texture": "#1"},
				"west": {"uv": [14, 2, 16, 4], "texture": "#1"},
				"up": {"uv": [14, 4, 16, 6], "rotation": 270, "texture": "#1"},
				"down": {"uv": [12, 2, 14, 4], "rotation": 90, "texture": "#1"}
			}
		},
		{
			"from": [-1.96875, 9.25, 9],
			"to": [1.96875, 13.25, 13],
			"rotation": {"angle": -22.5, "axis": "x", "origin": [0, 11.25, 10.5]},
			"faces": {
				"east": {"uv": [8, 4, 10, 6], "texture": "#1"},
				"west": {"uv": [10, 4, 12, 6], "texture": "#1"},
				"up": {"uv": [12.5, 4, 14.5, 5.96875], "rotation": 270, "texture": "#1"},
				"down": {"uv": [12, 2, 14, 3.96875], "rotation": 90, "texture": "#1"}
			}
		},
		{
			"from": [-1.53125, 5, 15],
			"to": [1.53125, 10.0625, 16],
			"rotation": {"angle": 0, "axis": "y", "origin": [8, 0, 24]},
			"faces": {
				"north": {"uv": [3, 0, 4.53125, 3], "texture": "#1"},
				"east": {"uv": [4, 9, 4.5, 12], "texture": "#1"},
				"south": {"uv": [3, 0, 4.53125, 3], "texture": "#1"},
				"west": {"uv": [3.5, 9, 4, 12], "texture": "#1"},
				"up": {"uv": [13.96875, 0, 15.5, 0.5], "rotation": 180, "texture": "#1"},
				"down": {"uv": [13.96875, 0, 15.5, 0.5], "rotation": 180, "texture": "#1"}
			}
		},
		{
			"from": [14, 10.0625, 12],
			"to": [18, 14.0625, 16],
			"rotation": {"angle": 0, "axis": "y", "origin": [18, 10.0625, 16]},
			"faces": {
				"north": {"uv": [12, 2, 10, 4], "texture": "#1"},
				"east": {"uv": [16, 2, 14, 4], "texture": "#1"},
				"south": {"uv": [16, 0, 14, 2], "texture": "#1"},
				"west": {"uv": [10, 2, 8, 4], "texture": "#1"},
				"up": {"uv": [16, 4, 14, 6], "rotation": 90, "texture": "#1"},
				"down": {"uv": [14, 2, 12, 4], "rotation": 270, "texture": "#1"}
			}
		},
		{
			"from": [14.03125, 9.25, 9],
			"to": [17.96875, 13.25, 13],
			"rotation": {"angle": -22.5, "axis": "x", "origin": [16, 11.25, 10.5]},
			"faces": {
				"east": {"uv": [12, 4, 10, 6], "texture": "#1"},
				"west": {"uv": [10, 4, 8, 6], "texture": "#1"},
				"up": {"uv": [14.5, 4, 12.5, 5.96875], "rotation": 90, "texture": "#1"},
				"down": {"uv": [14, 2, 12, 3.96875], "rotation": 270, "texture": "#1"}
			}
		},
		{
			"from": [15, 5, 10],
			"to": [17, 10.09375, 15],
			"rotation": {"angle": 0, "axis": "y", "origin": [8, 0, 8]},
			"faces": {
				"north": {"uv": [0, 0, 1, 3.04688], "texture": "#missing"},
				"east": {"uv": [13.5, 6, 16, 9.04688], "texture": "#1"},
				"south": {"uv": [0, 0, 1, 3.04688], "texture": "#missing"},
				"west": {"uv": [11.5, 6, 14, 9.04688], "texture": "#1"},
				"up": {"uv": [0, 0, 1, 2.5], "texture": "#missing"},
				"down": {"uv": [0, 0, 1, 2.5], "texture": "#missing"}
			}
		},
		{
			"from": [14, 1, 10],
			"to": [18, 5, 16],
			"rotation": {"angle": 0, "axis": "y", "origin": [8, -1, 8]},
			"faces": {
				"north": {"uv": [0, 0, 2, 2], "texture": "#missing"},
				"east": {"uv": [8, 2, 11, 4], "texture": "#1"},
				"south": {"uv": [14, 0, 16, 2], "texture": "#1"},
				"west": {"uv": [11, 2, 8, 4], "texture": "#1"},
				"up": {"uv": [3, 4.5, 5, 7], "texture": "#1"},
				"down": {"uv": [3, 4.5, 5, 7], "texture": "#1"}
			}
		},
		{
			"from": [14.46875, 5, 15],
			"to": [17.53125, 10.0625, 16],
			"rotation": {"angle": 0, "axis": "y", "origin": [8, 0, 8]},
			"faces": {
				"north": {"uv": [3, 0, 4.53125, 3], "texture": "#1"},
				"east": {"uv": [4, 9, 4.5, 12], "texture": "#1"},
				"south": {"uv": [3, 0, 4.53125, 3], "texture": "#1"},
				"west": {"uv": [3.5, 9, 4, 12], "texture": "#1"},
				"up": {"uv": [13.96875, 0, 15.5, 0.5], "texture": "#1"},
				"down": {"uv": [13.96875, 0, 15.5, 0.5], "texture": "#1"}
			}
		}
	],
	"groups": [
		0,
		1,
		{
			"name": "group",
			"origin": [8, 13.25, 13.5],
			"color": 0,
			"children": [2, 3, 4, 5, 6]
		},
		{
			"name": "group",
			"origin": [0, 0, 0],
			"color": 0,
			"children": [7, 8, 9, 10, 11]
		}
	]
}