{
	"credit": "Made with Blockbench",
	"texture_size": [64, 64],
	"textures": {
		"0": "block/door2",
		"particle": "block/door2"
	},
	"elements": [
		{
			"from": [1, 0, 0],
			"to": [4, 3, 16],
			"rotation": {"angle": 0, "axis": "y", "origin": [0, 0, 16]},
			"faces": {
				"north": {"uv": [11, 7.25, 10.25, 8], "texture": "#0"},
				"east": {"uv": [12, 15.25, 8, 16], "texture": "#0"},
				"south": {"uv": [11, 7.25, 10.25, 8], "texture": "#0"},
				"west": {"uv": [12, 15.25, 8, 16], "texture": "#0"},
				"up": {"uv": [12, 11.5625, 8, 12.3125], "rotation": 90, "texture": "#0"},
				"down": {"uv": [14.25, 8, 15, 4], "texture": "#0"}
			}
		},
		{
			"from": [1, 3, 0],
			"to": [4, 16, 3],
			"rotation": {"angle": 0, "axis": "y", "origin": [0, 0, 16]},
			"faces": {
				"north": {"uv": [11, 4, 10.25, 7.25], "texture": "#0"},
				"east": {"uv": [8.75, 12, 8, 15.25], "texture": "#0"},
				"south": {"uv": [11, 4, 10.25, 7.25], "texture": "#0"},
				"west": {"uv": [12, 12, 11.25, 15.25], "texture": "#0"},
				"up": {"uv": [0, 0.75, 0.75, 0], "texture": "#0"},
				"down": {"uv": [0, 0.75, 0.75, 0], "texture": "#0"}
			}
		},
		{
			"from": [1.5, 3, 7],
			"to": [3.5, 16, 9],
			"rotation": {"angle": 0, "axis": "y", "origin": [0, 0, 16]},
			"faces": {
				"north": {"uv": [10.25, 11.96875, 9.75, 15.21875], "texture": "#0"},
				"east": {"uv": [10.25, 11.96875, 9.75, 15.21875], "texture": "#0"},
				"south": {"uv": [10.25, 11.96875, 9.75, 15.21875], "texture": "#0"},
				"west": {"uv": [10.25, 11.96875, 9.75, 15.21875], "texture": "#0"},
				"up": {"uv": [0, 2.5, 0.25, 0], "texture": "#0"},
				"down": {"uv": [0, 2.5, 0.25, 0], "texture": "#0"}
			}
		},
		{
			"from": [2, 3, 3],
			"to": [3, 16, 7],
			"rotation": {"angle": 0, "axis": "y", "origin": [0, 0, 16]},
			"faces": {
				"north": {"uv": [10.25, 11.96875, 9.75, 15.21875], "texture": "#0"},
				"east": {"uv": [9.75, 11.96875, 8.75, 15.21875], "texture": "#0"},
				"south": {"uv": [10.25, 11.96875, 9.75, 15.21875], "texture": "#0"},
				"west": {"uv": [11.25, 11.96875, 10.25, 15.21875], "texture": "#0"},
				"up": {"uv": [0, 2.5, 0.25, 0], "texture": "#0"},
				"down": {"uv": [0, 2.5, 0.25, 0], "texture": "#0"}
			}
		},
		{
			"from": [2, 3, 9],
			"to": [3, 16, 13],
			"rotation": {"angle": 0, "axis": "y", "origin": [0, 0, 16]},
			"faces": {
				"north": {"uv": [10.25, 11.96875, 9.75, 15.21875], "texture": "#0"},
				"east": {"uv": [11.25, 11.96875, 10.25, 15.21875], "texture": "#0"},
				"south": {"uv": [10.25, 11.96875, 9.75, 15.21875], "texture": "#0"},
				"west": {"uv": [9.75, 11.96875, 8.75, 15.21875], "texture": "#0"},
				"up": {"uv": [0, 2.5, 0.25, 0], "texture": "#0"},
				"down": {"uv": [0, 2.5, 0.25, 0], "texture": "#0"}
			}
		},
		{
			"from": [1.5, 11, 3],
			"to": [3.5, 13, 13],
			"rotation": {"angle": 0, "axis": "y", "origin": [0, 0, 16]},
			"faces": {
				"north": {"uv": [0.5, 0, 0, 0.5], "texture": "#0"},
				"east": {"uv": [11.25, 12.75, 8.75, 13.25], "texture": "#0"},
				"south": {"uv": [0.5, 0, 0, 0.5], "texture": "#0"},
				"west": {"uv": [11.25, 12.75, 8.75, 13.25], "texture": "#0"},
				"up": {"uv": [8.75, 12.0625, 11.25, 11.5625], "texture": "#0"},
				"down": {"uv": [8.75, 11, 11.25, 10.5], "texture": "#0"}
			}
		},
		{
			"from": [0, 15, 1],
			"to": [1, 16, 4],
			"rotation": {"angle": 0, "axis": "y", "origin": [0, 0, 16]},
			"faces": {
				"north": {"uv": [15.25, 7.5, 15, 7.75], "texture": "#0"},
				"east": {"uv": [16, 7.5, 15.25, 7.75], "texture": "#0"},
				"south": {"uv": [15.25, 7.5, 15, 7.75], "texture": "#0"},
				"west": {"uv": [16, 7.5, 15.25, 7.75], "texture": "#0"},
				"up": {"uv": [16, 7.25, 15.25, 7.5], "rotation": 90, "texture": "#0"},
				"down": {"uv": [16, 7.75, 15.25, 8], "rotation": 90, "texture": "#0"}
			}
		},
		{
			"from": [4, 15, 1],
			"to": [5, 16, 4],
			"rotation": {"angle": 0, "axis": "y", "origin": [0, 0, 16]},
			"faces": {
				"north": {"uv": [15.25, 7.5, 15, 7.75], "texture": "#0"},
				"east": {"uv": [16, 7.5, 15.25, 7.75], "texture": "#0"},
				"south": {"uv": [15.25, 7.5, 15, 7.75], "texture": "#0"},
				"west": {"uv": [16, 7.5, 15.25, 7.75], "texture": "#0"},
				"up": {"uv": [16, 7.25, 15.25, 7.5], "rotation": 90, "texture": "#0"},
				"down": {"uv": [16, 7.75, 15.25, 8], "rotation": 90, "texture": "#0"}
			}
		},
		{
			"from": [1, 3, 13],
			"to": [4, 16, 16],
			"rotation": {"angle": 0, "axis": "y", "origin": [0, 0, 16]},
			"faces": {
				"north": {"uv": [11, 4, 10.25, 7.25], "texture": "#0"},
				"east": {"uv": [12, 12, 11.25, 15.25], "texture": "#0"},
				"south": {"uv": [11, 4, 10.25, 7.25], "texture": "#0"},
				"west": {"uv": [8.75, 12, 8, 15.25], "texture": "#0"},
				"up": {"uv": [0, 0.75, 0.75, 0], "texture": "#0"},
				"down": {"uv": [0, 0.75, 0.75, 0], "texture": "#0"}
			}
		}
	],
	"groups": [
		{
			"name": "group",
			"origin": [0, 0, 0],
			"color": 0,
			"children": [0, 1, 2, 3, 4, 5, 6, 7, 8]
		}
	]
}