{
	"credit": "Made with Blockbench",
	"parent": "minecraft:block/cube_bottom_top",
	"texture_size": [32, 32],
	"textures": {
		"0": "block/barrel",
		"particle": "block/barrel"
	},
	"elements": [
		{
			"from": [14, 14, 2],
			"to": [16, 16, 14],
			"faces": {
				"north": {"uv": [0, 0, 2, 2], "texture": "#missing"},
				"east": {"uv": [1, 8, 7, 9], "texture": "#0"},
				"south": {"uv": [0, 0, 2, 2], "texture": "#missing"},
				"west": {"uv": [1, 8, 7, 9], "texture": "#0"},
				"up": {"uv": [7, 1, 8, 7], "texture": "#0"},
				"down": {"uv": [7, 9, 8, 15], "texture": "#0"}
			}
		},
		{
			"from": [0, 0, 2],
			"to": [2, 2, 14],
			"faces": {
				"north": {"uv": [0, 0, 2, 2], "texture": "#missing"},
				"east": {"uv": [1, 15, 7, 16], "texture": "#0"},
				"south": {"uv": [0, 0, 2, 2], "texture": "#missing"},
				"west": {"uv": [1, 15, 7, 16], "texture": "#0"},
				"up": {"uv": [0, 9, 1, 15], "texture": "#0"},
				"down": {"uv": [7, 9, 8, 15], "texture": "#0"}
			}
		},
		{
			"from": [0, 14, 2],
			"to": [2, 16, 14],
			"faces": {
				"north": {"uv": [0, 0, 2, 2], "texture": "#missing"},
				"east": {"uv": [1, 8, 7, 9], "texture": "#0"},
				"south": {"uv": [0, 0, 2, 2], "texture": "#missing"},
				"west": {"uv": [1, 8, 7, 9], "texture": "#0"},
				"up": {"uv": [0, 1, 1, 7], "texture": "#0"},
				"down": {"uv": [0, 9, 1, 15], "texture": "#0"}
			}
		},
		{
			"from": [0, 2, 0],
			"to": [2, 14, 2],
			"faces": {
				"north": {"uv": [7, 9, 8, 15], "texture": "#0"},
				"east": {"uv": [7, 9, 8, 15], "texture": "#0"},
				"south": {"uv": [0, 9, 1, 15], "texture": "#0"},
				"west": {"uv": [0, 9, 1, 15], "texture": "#0"},
				"up": {"uv": [0, 0, 2, 2], "texture": "#missing"},
				"down": {"uv": [0, 0, 2, 2], "texture": "#missing"}
			}
		},
		{
			"from": [14, 2, 14],
			"to": [16, 14, 16],
			"faces": {
				"north": {"uv": [0, 9, 1, 15], "texture": "#0"},
				"east": {"uv": [0, 9, 1, 15], "texture": "#0"},
				"south": {"uv": [7, 9, 8, 15], "texture": "#0"},
				"west": {"uv": [7, 9, 8, 15], "texture": "#0"},
				"up": {"uv": [0, 0, 2, 2], "texture": "#missing"},
				"down": {"uv": [0, 0, 2, 2], "texture": "#missing"}
			}
		},
		{
			"from": [0, 2, 14],
			"to": [2, 14, 16],
			"faces": {
				"north": {"uv": [7, 9, 8, 15], "texture": "#0"},
				"east": {"uv": [0, 9, 1, 15], "texture": "#0"},
				"south": {"uv": [0, 9, 1, 15], "texture": "#0"},
				"west": {"uv": [7, 9, 8, 15], "texture": "#0"},
				"up": {"uv": [0, 0, 2, 2], "texture": "#missing"},
				"down": {"uv": [0, 0, 2, 2], "texture": "#missing"}
			}
		},
		{
			"from": [14, 2, 0],
			"to": [16, 14, 2],
			"faces": {
				"north": {"uv": [0, 9, 1, 15], "texture": "#0"},
				"east": {"uv": [7, 9, 8, 15], "texture": "#0"},
				"south": {"uv": [7, 9, 8, 15], "texture": "#0"},
				"west": {"uv": [0, 9, 1, 15], "texture": "#0"},
				"up": {"uv": [0, 0, 2, 2], "texture": "#missing"},
				"down": {"uv": [0, 0, 2, 2], "texture": "#missing"}
			}
		},
		{
			"from": [0, 14, 14],
			"to": [16, 16, 16],
			"faces": {
				"north": {"uv": [0, 8, 8, 9], "texture": "#0"},
				"east": {"uv": [0, 8, 1, 9], "texture": "#0"},
				"south": {"uv": [0, 8, 8, 9], "texture": "#0"},
				"west": {"uv": [7, 8, 8, 9], "texture": "#0"},
				"up": {"uv": [0, 7, 8, 8], "texture": "#0"},
				"down": {"uv": [0, 8, 8, 9], "texture": "#0"}
			}
		},
		{
			"from": [14, 0, 2],
			"to": [16, 2, 14],
			"faces": {
				"north": {"uv": [0, 0, 2, 2], "texture": "#missing"},
				"east": {"uv": [1, 15, 7, 16], "texture": "#0"},
				"south": {"uv": [0, 0, 2, 2], "texture": "#missing"},
				"west": {"uv": [1, 15, 7, 16], "texture": "#0"},
				"up": {"uv": [7, 9, 8, 15], "texture": "#0"},
				"down": {"uv": [0, 9, 1, 15], "texture": "#0"}
			}
		},
		{
			"from": [0, 14, 0],
			"to": [16, 16, 2],
			"faces": {
				"north": {"uv": [0, 8, 8, 9], "texture": "#0"},
				"east": {"uv": [7, 8, 8, 9], "texture": "#0"},
				"south": {"uv": [0, 8, 8, 9], "texture": "#0"},
				"west": {"uv": [0, 8, 1, 9], "texture": "#0"},
				"up": {"uv": [0, 0, 8, 1], "texture": "#0"},
				"down": {"uv": [0, 15, 8, 16], "texture": "#0"}
			}
		},
		{
			"from": [0, 0, 0],
			"to": [16, 2, 2],
			"faces": {
				"north": {"uv": [0, 15, 8, 16], "texture": "#0"},
				"east": {"uv": [7, 15, 8, 16], "texture": "#0"},
				"south": {"uv": [0, 8, 8, 9], "texture": "#0"},
				"west": {"uv": [0, 15, 1, 16], "texture": "#0"},
				"up": {"uv": [0, 15, 8, 16], "texture": "#0"},
				"down": {"uv": [0, 15, 8, 16], "texture": "#0"}
			}
		},
		{
			"from": [0, 0, 14],
			"to": [16, 2, 16],
			"faces": {
				"north": {"uv": [0, 8, 8, 9], "texture": "#0"},
				"east": {"uv": [0, 15, 1, 16], "texture": "#0"},
				"south": {"uv": [0, 15, 8, 16], "texture": "#0"},
				"west": {"uv": [7, 15, 8, 16], "texture": "#0"},
				"up": {"uv": [0, 15, 8, 16], "texture": "#0"},
				"down": {"uv": [0, 8, 8, 9], "texture": "#0"}
			}
		},
		{
			"from": [2, 2, 1],
			"to": [14, 14, 2],
			"faces": {
				"north": {"uv": [1, 9, 7, 15], "texture": "#0"},
				"east": {"uv": [0, 0, 1, 12], "texture": "#missing"},
				"south": {"uv": [1, 9, 7, 15], "texture": "#0"},
				"west": {"uv": [0, 0, 1, 12], "texture": "#missing"},
				"up": {"uv": [0, 0, 12, 1], "texture": "#missing"},
				"down": {"uv": [0, 0, 12, 1], "texture": "#missing"}
			}
		},
		{
			"from": [2, 2, 14],
			"to": [14, 14, 15],
			"faces": {
				"north": {"uv": [1, 9, 7, 15], "texture": "#0"},
				"east": {"uv": [0, 0, 1, 12], "texture": "#missing"},
				"south": {"uv": [1, 9, 7, 15], "texture": "#0"},
				"west": {"uv": [0, 0, 1, 12], "texture": "#missing"},
				"up": {"uv": [0, 0, 12, 1], "texture": "#missing"},
				"down": {"uv": [0, 0, 12, 1], "texture": "#missing"}
			}
		},
		{
			"from": [1, 2, 2],
			"to": [2, 14, 14],
			"faces": {
				"north": {"uv": [0, 0, 1, 12], "texture": "#missing"},
				"east": {"uv": [1, 9, 7, 15], "texture": "#0"},
				"south": {"uv": [0, 0, 1, 12], "texture": "#missing"},
				"west": {"uv": [1, 9, 7, 15], "texture": "#0"},
				"up": {"uv": [0, 0, 1, 12], "texture": "#missing"},
				"down": {"uv": [0, 0, 1, 12], "texture": "#missing"}
			}
		},
		{
			"from": [14, 2, 2],
			"to": [15, 14, 14],
			"faces": {
				"north": {"uv": [0, 0, 1, 12], "texture": "#missing"},
				"east": {"uv": [1, 9, 7, 15], "texture": "#0"},
				"south": {"uv": [0, 0, 1, 12], "texture": "#missing"},
				"west": {"uv": [1, 9, 7, 15], "texture": "#0"},
				"up": {"uv": [0, 0, 1, 12], "texture": "#missing"},
				"down": {"uv": [0, 0, 1, 12], "texture": "#missing"}
			}
		},
		{
			"from": [2, 1, 2],
			"to": [14, 2, 14],
			"faces": {
				"north": {"uv": [0, 0, 12, 1], "texture": "#missing"},
				"east": {"uv": [0, 0, 12, 1], "texture": "#missing"},
				"south": {"uv": [0, 0, 12, 1], "texture": "#missing"},
				"west": {"uv": [0, 0, 12, 1], "texture": "#missing"},
				"up": {"uv": [1, 9, 7, 15], "texture": "#0"},
				"down": {"uv": [1, 9, 7, 15], "texture": "#0"}
			}
		},
		{
			"from": [2, 15, 2],
			"to": [14, 27, 3],
			"rotation": {"angle": 0, "axis": "y", "origin": [0, 13, 17]},
			"faces": {
				"north": {"uv": [1, 1, 7, 7], "rotation": 180, "texture": "#0"},
				"east": {"uv": [9.5, 9.5, 10, 15.5], "rotation": 180, "texture": "#0"},
				"south": {"uv": [1, 1, 7, 7], "texture": "#0"},
				"west": {"uv": [9.5, 9.5, 10, 15.5], "texture": "#0"},
				"up": {"uv": [9.5, 9.5, 10, 15.5], "rotation": 90, "texture": "#0"},
				"down": {"uv": [9.5, 9.5, 10, 15.5], "rotation": 270, "texture": "#0"}
			}
		},
		{
			"from": [6, 25, 1],
			"to": [10, 26, 2],
			"rotation": {"angle": 0, "axis": "y", "origin": [0, 13, 17]},
			"faces": {
				"north": {"uv": [8, 15.5, 10, 16], "rotation": 180, "texture": "#0"},
				"east": {"uv": [9.5, 0.5, 10, 1], "rotation": 90, "texture": "#0"},
				"south": {"uv": [0, 0, 4, 1], "texture": "#missing"},
				"west": {"uv": [9.5, 0.5, 10, 1], "rotation": 270, "texture": "#0"},
				"up": {"uv": [8, 0, 10, 0.5], "texture": "#0"},
				"down": {"uv": [8, 0, 10, 0.5], "rotation": 180, "texture": "#0"}
			}
		},
		{
			"from": [-0.5, 0.5, 6.5],
			"to": [16.5, 1.5, 9.5],
			"rotation": {"angle": 45, "axis": "y", "origin": [8, 1, 8]},
			"faces": {
				"north": {"uv": [9.5, 1, 10, 9.5], "rotation": 90, "texture": "#0"},
				"south": {"uv": [9.5, 1, 10, 9.5], "rotation": 270, "texture": "#0"},
				"down": {"uv": [8, 0.5, 9.5, 9], "rotation": 270, "texture": "#0"}
			}
		},
		{
			"from": [0.5, -0.5, 6.5],
			"to": [1.5, 16.5, 9.5],
			"rotation": {"angle": 45, "axis": "x", "origin": [1, 8, 8]},
			"faces": {
				"north": {"uv": [9.5, 1, 10, 9.5], "texture": "#0"},
				"south": {"uv": [9.5, 1, 10, 9.5], "texture": "#0"},
				"west": {"uv": [8, 0.5, 9.5, 9], "texture": "#0"}
			}
		},
		{
			"from": [6.5, -0.5, 14.5],
			"to": [9.5, 16.5, 15.5],
			"rotation": {"angle": -45, "axis": "z", "origin": [8, 8, 15]},
			"faces": {
				"east": {"uv": [9.5, 1, 10, 9.5], "texture": "#0"},
				"south": {"uv": [8, 0.5, 9.5, 9], "texture": "#0"},
				"west": {"uv": [9.5, 1, 10, 9.5], "texture": "#0"}
			}
		},
		{
			"from": [14.5, -0.5, 6.5],
			"to": [15.5, 16.5, 9.5],
			"rotation": {"angle": -45, "axis": "x", "origin": [15, 8, 8]},
			"faces": {
				"north": {"uv": [9.5, 1, 10, 9.5], "texture": "#0"},
				"east": {"uv": [8, 0.5, 9.5, 9], "texture": "#0"},
				"south": {"uv": [9.5, 1, 10, 9.5], "texture": "#0"}
			}
		},
		{
			"from": [6.5, -0.5, 0.5],
			"to": [9.5, 16.5, 1.5],
			"rotation": {"angle": 45, "axis": "z", "origin": [8, 8, 1]},
			"faces": {
				"north": {"uv": [8, 0.5, 9.5, 9], "texture": "#0"},
				"east": {"uv": [9.5, 1, 10, 9.5], "texture": "#0"},
				"west": {"uv": [9.5, 1, 10, 9.5], "texture": "#0"}
			}
		}
	],
	"groups": [
		{
			"name": "group",
			"origin": [8, 1, 8],
			"color": 0,
			"children": [0, 1, 2, 3, 4, 5, 6, 7, 8, 9, 10, 11, 12, 13, 14, 15, 16]
		},
		{
			"name": "group",
			"origin": [0, 0, 0],
			"color": 0,
			"children": [17, 18]
		},
		{
			"name": "group",
			"origin": [8, 1, 8],
			"color": 0,
			"children": [19, 20, 21, 22, 23]
		}
	]
}