{
	"credit": "Made with Blockbench",
	"texture_size": [64, 64],
	"textures": {
		"0": "block/door",
		"particle": "block/door"
	},
	"elements": [
		{
			"from": [1, 13, 13],
			"to": [17, 16, 16],
			"rotation": {"angle": 0, "axis": "y", "origin": [0, 0, 16]},
			"faces": {
				"north": {"uv": [12, 8, 8, 8.75], "texture": "#0"},
				"east": {"uv": [11, 0, 10.25, 0.75], "texture": "#0"},
				"south": {"uv": [12, 8, 8, 8.75], "texture": "#0"},
				"west": {"uv": [11, 0, 10.25, 0.75], "texture": "#0"},
				"up": {"uv": [14.25, 8, 15, 4], "rotation": 90, "texture": "#0"},
				"down": {"uv": [14.25, 8, 15, 4], "rotation": 270, "texture": "#0"}
			}
		},
		{
			"from": [14, 0, 13],
			"to": [17, 13, 16],
			"rotation": {"angle": 0, "axis": "y", "origin": [0, 0, 16]},
			"faces": {
				"north": {"uv": [12, 8.75, 11.25, 12], "texture": "#0"},
				"east": {"uv": [11, 0.75, 10.25, 4], "texture": "#0"},
				"south": {"uv": [8.75, 8.75, 8, 12], "texture": "#0"},
				"west": {"uv": [11, 0.75, 10.25, 4], "texture": "#0"},
				"up": {"uv": [0, 0.75, 0.75, 0], "rotation": 90, "texture": "#0"},
				"down": {"uv": [0, 0.75, 0.75, 0], "rotation": 270, "texture": "#0"}
			}
		},
		{
			"from": [1, 0, 13],
			"to": [4, 13, 16],
			"rotation": {"angle": 0, "axis": "y", "origin": [0, 0, 16]},
			"faces": {
				"north": {"uv": [8.75, 8.75, 8, 12], "texture": "#0"},
				"east": {"uv": [11, 0.75, 10.25, 4], "texture": "#0"},
				"south": {"uv": [12, 8.75, 11.25, 12], "texture": "#0"},
				"west": {"uv": [11, 0.75, 10.25, 4], "texture": "#0"},
				"up": {"uv": [0, 0.75, 0.75, 0], "rotation": 90, "texture": "#0"},
				"down": {"uv": [0, 0.75, 0.75, 0], "rotation": 270, "texture": "#0"}
			}
		},
		{
			"from": [4, 4, 13.5],
			"to": [14, 6, 15.5],
			"rotation": {"angle": 0, "axis": "y", "origin": [0, 0, 16]},
			"faces": {
				"north": {"uv": [11.25, 10.5, 8.75, 11], "texture": "#0"},
				"east": {"uv": [0.5, 0, 0, 0.75], "texture": "#0"},
				"south": {"uv": [11.25, 10.5, 8.75, 11], "texture": "#0"},
				"west": {"uv": [0.5, 0, 0, 0.75], "texture": "#0"},
				"up": {"uv": [2.25, 8.75, 2.75, 11.25], "rotation": 90, "texture": "#0"},
				"down": {"uv": [9.75, 14.25, 10.25, 11.75], "rotation": 270, "texture": "#0"}
			}
		},
		{
			"from": [8, 0, 13.5],
			"to": [10, 4, 15.5],
			"rotation": {"angle": 0, "axis": "y", "origin": [0, 0, 16]},
			"faces": {
				"north": {"uv": [10.25, 11, 9.75, 12], "texture": "#0"},
				"east": {"uv": [10.25, 11, 9.75, 12], "texture": "#0"},
				"south": {"uv": [10.25, 11, 9.75, 12], "texture": "#0"},
				"west": {"uv": [10.25, 11, 9.75, 12], "texture": "#0"},
				"up": {"uv": [1.75, 11.25, 2.25, 8.75], "rotation": 90, "texture": "#0"},
				"down": {"uv": [1.75, 11.25, 2.25, 8.75], "rotation": 270, "texture": "#0"}
			}
		}
	],
	"groups": [
		{
			"name": "group",
			"origin": [0, 0, 0],
			"color": 0,
			"children": [0, 1, 2, 3, 4]
		}
	]
}