{
	"credit": "Made with Blockbench",
	"parent": "minecraft:block/fence_post",
	"texture_size": [32, 32],
	"textures": {
		"1": "block/birch_fence",
		"particle": "block/birch_fence"
	},
	"elements": [
		{
			"from": [15, 0, 6.5],
			"to": [18, 13, 9.5],
			"rotation": {"angle": 0, "axis": "y", "origin": [8, -3, 0.5]},
			"faces": {
				"north": {"uv": [0, 1.5, 1.5, 8], "texture": "#1"},
				"east": {"uv": [0, 1.5, 1.5, 8], "texture": "#1"},
				"south": {"uv": [0, 1.5, 1.5, 8], "texture": "#1"},
				"west": {"uv": [0, 1.5, 1.5, 8], "texture": "#1"},
				"up": {"uv": [14, 0, 16, 2], "texture": "#1"},
				"down": {"uv": [14, 0, 16, 2], "texture": "#1"}
			}
		},
		{
			"from": [15.59375, 12.03125, 6.53125],
			"to": [17.75, 14.1875, 9.46875],
			"rotation": {"angle": -45, "axis": "z", "origin": [16.5, 13.28125, 8]},
			"faces": {
				"north": {"uv": [15.5, 2, 16, 2.5], "texture": "#1"},
				"east": {"uv": [15.5, 2, 16, 2.5], "texture": "#1"},
				"south": {"uv": [15.5, 2, 16, 2.5], "texture": "#1"},
				"west": {"uv": [15.5, 2, 16, 2.5], "texture": "#1"},
				"up": {"uv": [15.5, 2, 16, 2.5], "texture": "#1"},
				"down": {"uv": [15.5, 2, 16, 2.5], "texture": "#1"}
			}
		},
		{
			"from": [15.03125, 12.03125, 7.09375],
			"to": [17.96875, 14.1875, 9.25],
			"rotation": {"angle": 45, "axis": "x", "origin": [16.5, 13.28125, 8]},
			"faces": {
				"north": {"uv": [15.54688, 2, 16, 2.45313], "texture": "#1"},
				"east": {"uv": [15.54688, 2, 16, 2.45313], "texture": "#1"},
				"south": {"uv": [15.54688, 2, 16, 2.45313], "texture": "#1"},
				"west": {"uv": [15.54688, 2, 16, 2.45313], "texture": "#1"},
				"up": {"uv": [15.54688, 2, 16, 2.45313], "texture": "#1"},
				"down": {"uv": [15.54688, 2, 16, 2.45313], "texture": "#1"}
			}
		},
		{
			"from": [-2, 0, 6.5],
			"to": [1, 13, 9.5],
			"rotation": {"angle": 0, "axis": "y", "origin": [-9, -3, 0.5]},
			"faces": {
				"north": {"uv": [0, 1.5, 1.5, 8], "texture": "#1"},
				"east": {"uv": [0, 1.5, 1.5, 8], "texture": "#1"},
				"south": {"uv": [0, 1.5, 1.5, 8], "texture": "#1"},
				"west": {"uv": [0, 1.5, 1.5, 8], "texture": "#1"},
				"up": {"uv": [14, 0, 16, 2], "texture": "#1"},
				"down": {"uv": [14, 0, 16, 2], "texture": "#missing"}
			}
		},
		{
			"from": [-1.40625, 12.03125, 6.53125],
			"to": [0.75, 14.1875, 9.46875],
			"rotation": {"angle": -45, "axis": "z", "origin": [-0.5, 13.28125, 8]},
			"faces": {
				"north": {"uv": [15.5, 2, 16, 2.5], "texture": "#1"},
				"east": {"uv": [15.5, 2, 16, 2.5], "texture": "#1"},
				"south": {"uv": [15.5, 2, 16, 2.5], "texture": "#1"},
				"west": {"uv": [15.5, 2, 16, 2.5], "texture": "#1"},
				"up": {"uv": [15.5, 2, 16, 2.5], "texture": "#1"},
				"down": {"uv": [15.5, 2, 16, 2.5], "texture": "#1"}
			}
		},
		{
			"from": [-1.96875, 12.03125, 7.09375],
			"to": [0.96875, 14.1875, 9.25],
			"rotation": {"angle": 45, "axis": "x", "origin": [-0.5, 13.28125, 8]},
			"faces": {
				"north": {"uv": [15.54688, 2, 16, 2.45313], "texture": "#1"},
				"east": {"uv": [15.54688, 2, 16, 2.45313], "texture": "#1"},
				"south": {"uv": [15.54688, 2, 16, 2.45313], "texture": "#1"},
				"west": {"uv": [15.54688, 2, 16, 2.45313], "texture": "#1"},
				"up": {"uv": [15.54688, 2, 16, 2.45313], "texture": "#1"},
				"down": {"uv": [15.54688, 2, 16, 2.45313], "texture": "#1"}
			}
		},
		{
			"from": [15.53125, 12.75, 15.21875],
			"to": [17.46875, 13.4375, 15.90625],
			"rotation": {"angle": -45, "axis": "x", "origin": [16.5, 13.28125, 15.75]},
			"faces": {
				"north": {"uv": [15.5, 2, 16, 2.5], "texture": "#1"},
				"east": {"uv": [15.5, 2, 16, 2.5], "texture": "#1"},
				"south": {"uv": [15.5, 2, 16, 2.5], "texture": "#1"},
				"west": {"uv": [15.5, 2, 16, 2.5], "texture": "#1"},
				"up": {"uv": [15.5, 2, 16, 2.5], "rotation": 270, "texture": "#1"},
				"down": {"uv": [15.5, 2, 16, 2.5], "rotation": 90, "texture": "#1"}
			}
		},
		{
			"from": [15.5, 0, 15.25],
			"to": [17.5, 13, 16.25],
			"rotation": {"angle": 0, "axis": "y", "origin": [9, -3, 16.75]},
			"faces": {
				"north": {"uv": [0, 0, 1.5, 6.5], "texture": "#1"},
				"east": {"uv": [1, 0, 1.5, 6.5], "texture": "#1"},
				"south": {"uv": [0, 0, 1.5, 6.5], "texture": "#1"},
				"west": {"uv": [0, 0, 0.5, 6.5], "texture": "#1"},
				"up": {"uv": [14, 0, 16, 2], "rotation": 270, "texture": "#1"},
				"down": {"uv": [14, 0, 16, 2], "rotation": 90, "texture": "#1"}
			}
		},
		{
			"from": [16.25, 1, 8.5],
			"to": [16.75, 3, 16],
			"rotation": {"angle": 0, "axis": "z", "origin": [16.5, 2, 12.25]},
			"faces": {
				"east": {"uv": [0.75, 8, 4, 9], "texture": "#1"},
				"west": {"uv": [4, 8, 7.25, 9], "texture": "#1"},
				"up": {"uv": [15.75, 0, 16, 1], "texture": "#1"},
				"down": {"uv": [15.75, 0, 16, 1], "texture": "#1"}
			}
		},
		{
			"from": [16.25, 7, 8.5],
			"to": [16.75, 9, 16],
			"rotation": {"angle": 0, "axis": "z", "origin": [16.5, 8, 12.25]},
			"faces": {
				"east": {"uv": [0.75, 8, 4, 9], "texture": "#1"},
				"west": {"uv": [4, 8, 7.25, 9], "texture": "#1"},
				"up": {"uv": [15.75, 0, 16, 1], "texture": "#1"},
				"down": {"uv": [15.75, 0, 16, 1], "texture": "#1"}
			}
		},
		{
			"from": [16, 0, 12.75],
			"to": [17, 12.75, 14.75],
			"rotation": {"angle": 0, "axis": "y", "origin": [7, -3.25, 5.75]},
			"faces": {
				"north": {"uv": [4, 0, 4.5, 6.5], "texture": "#1"},
				"east": {"uv": [2, 0, 3, 6.5], "texture": "#1"},
				"south": {"uv": [4, 0, 4.5, 6.5], "texture": "#1"},
				"west": {"uv": [2, 0, 3, 6.5], "texture": "#1"},
				"up": {"uv": [14, 0, 16, 2], "texture": "#1"},
				"down": {"uv": [14, 0, 16, 2], "texture": "#1"}
			}
		},
		{
			"from": [16.03125, 12.15625, 13.34375],
			"to": [16.96875, 13.5625, 14.75],
			"rotation": {"angle": 45, "axis": "x", "origin": [16.5, 13.15625, 13.75]},
			"faces": {
				"north": {"uv": [15.29688, 0, 16, 0.70313], "texture": "#1"},
				"east": {"uv": [15.29688, 0, 16, 0.70313], "texture": "#1"},
				"south": {"uv": [15.29688, 0, 16, 0.70313], "texture": "#1"},
				"west": {"uv": [15.29688, 0, 16, 0.70313], "texture": "#1"},
				"up": {"uv": [15.29688, 0, 16, 0.70313], "texture": "#1"},
				"down": {"uv": [15.29688, 0, 16, 0.70313], "texture": "#1"}
			}
		},
		{
			"from": [16.03125, 10.90625, 10.59375],
			"to": [16.96875, 12.3125, 12],
			"rotation": {"angle": 45, "axis": "x", "origin": [16.5, 11.90625, 11]},
			"faces": {
				"north": {"uv": [15.29688, 0, 16, 0.70313], "texture": "#1"},
				"east": {"uv": [15.29688, 0, 16, 0.70313], "texture": "#1"},
				"south": {"uv": [15.29688, 0, 16, 0.70313], "texture": "#1"},
				"west": {"uv": [15.29688, 0, 16, 0.70313], "texture": "#1"},
				"up": {"uv": [15.29688, 0, 16, 0.70313], "texture": "#1"},
				"down": {"uv": [15.29688, 0, 16, 0.70313], "texture": "#1"}
			}
		},
		{
			"from": [16, 0, 10],
			"to": [17, 11.5, 12],
			"rotation": {"angle": 0, "axis": "y", "origin": [7, -4.5, 3]},
			"faces": {
				"north": {"uv": [4, 0, 4.5, 6.5], "texture": "#1"},
				"east": {"uv": [6, 0, 7, 6.5], "texture": "#1"},
				"south": {"uv": [4, 0, 4.5, 6.5], "texture": "#1"},
				"west": {"uv": [6, 0, 7, 6.5], "texture": "#1"},
				"up": {"uv": [14, 0, 16, 2], "texture": "#1"},
				"down": {"uv": [14, 0, 16, 2], "texture": "#1"}
			}
		},
		{
			"from": [-1.5, 0, 15.25],
			"to": [0.5, 13, 16.25],
			"rotation": {"angle": 0, "axis": "y", "origin": [-8, -3, 16.75]},
			"faces": {
				"north": {"uv": [0, 0, 1.5, 6.5], "texture": "#1"},
				"east": {"uv": [1, 0, 1.5, 6.5], "texture": "#1"},
				"south": {"uv": [0, 0, 1.5, 6.5], "texture": "#1"},
				"west": {"uv": [0, 0, 0.5, 6.5], "texture": "#1"},
				"up": {"uv": [14, 0, 16, 2], "rotation": 270, "texture": "#1"},
				"down": {"uv": [14, 0, 16, 2], "rotation": 90, "texture": "#1"}
			}
		},
		{
			"from": [-1.46875, 12.75, 15.21875],
			"to": [0.46875, 13.4375, 15.90625],
			"rotation": {"angle": -45, "axis": "x", "origin": [-0.5, 13.28125, 15.75]},
			"faces": {
				"north": {"uv": [15.5, 2, 16, 2.5], "texture": "#1"},
				"east": {"uv": [15.5, 2, 16, 2.5], "texture": "#1"},
				"south": {"uv": [15.5, 2, 16, 2.5], "texture": "#1"},
				"west": {"uv": [15.5, 2, 16, 2.5], "texture": "#1"},
				"up": {"uv": [15.5, 2, 16, 2.5], "rotation": 270, "texture": "#1"},
				"down": {"uv": [15.5, 2, 16, 2.5], "rotation": 90, "texture": "#1"}
			}
		},
		{
			"from": [-0.75, 1, 8.5],
			"to": [-0.25, 3, 16],
			"rotation": {"angle": 0, "axis": "x", "origin": [-0.5, 2, 12.25]},
			"faces": {
				"east": {"uv": [0.75, 8, 4, 9], "texture": "#1"},
				"west": {"uv": [4, 8, 7.25, 9], "texture": "#1"},
				"up": {"uv": [15.75, 0, 16, 1], "texture": "#1"},
				"down": {"uv": [15.75, 0, 16, 1], "texture": "#1"}
			}
		},
		{
			"from": [-0.75, 7, 8.5],
			"to": [-0.25, 9, 16],
			"rotation": {"angle": 0, "axis": "z", "origin": [-0.5, 8, 12.25]},
			"faces": {
				"east": {"uv": [0.75, 8, 4, 9], "texture": "#1"},
				"west": {"uv": [4, 8, 7.25, 9], "texture": "#1"},
				"up": {"uv": [15.75, 0, 16, 1], "texture": "#1"},
				"down": {"uv": [15.75, 0, 16, 1], "texture": "#1"}
			}
		},
		{
			"from": [-1, 0, 12.75],
			"to": [0, 12.75, 14.75],
			"rotation": {"angle": 0, "axis": "y", "origin": [-10, -3.25, 5.75]},
			"faces": {
				"north": {"uv": [4, 0, 4.5, 6.5], "texture": "#1"},
				"east": {"uv": [2, 0, 3, 6.5], "texture": "#1"},
				"south": {"uv": [4, 0, 4.5, 6.5], "texture": "#1"},
				"west": {"uv": [2, 0, 3, 6.5], "texture": "#1"},
				"up": {"uv": [14, 0, 16, 2], "texture": "#1"},
				"down": {"uv": [14, 0, 16, 2], "texture": "#1"}
			}
		},
		{
			"from": [-0.96875, 12.15625, 13.34375],
			"to": [-0.03125, 13.5625, 14.75],
			"rotation": {"angle": 45, "axis": "x", "origin": [-0.5, 13.15625, 13.75]},
			"faces": {
				"north": {"uv": [15.29688, 0, 16, 0.70313], "texture": "#1"},
				"east": {"uv": [15.29688, 0, 16, 0.70313], "texture": "#1"},
				"south": {"uv": [15.29688, 0, 16, 0.70313], "texture": "#1"},
				"west": {"uv": [15.29688, 0, 16, 0.70313], "texture": "#1"},
				"up": {"uv": [15.29688, 0, 16, 0.70313], "texture": "#1"},
				"down": {"uv": [15.29688, 0, 16, 0.70313], "texture": "#1"}
			}
		},
		{
			"from": [-0.96875, 10.90625, 10.59375],
			"to": [-0.03125, 12.3125, 12],
			"rotation": {"angle": 45, "axis": "x", "origin": [-0.5, 11.90625, 11]},
			"faces": {
				"north": {"uv": [15.29688, 0, 16, 0.70313], "texture": "#1"},
				"east": {"uv": [15.29688, 0, 16, 0.70313], "texture": "#1"},
				"south": {"uv": [15.29688, 0, 16, 0.70313], "texture": "#1"},
				"west": {"uv": [15.29688, 0, 16, 0.70313], "texture": "#1"},
				"up": {"uv": [15.29688, 0, 16, 0.70313], "texture": "#1"},
				"down": {"uv": [15.29688, 0, 16, 0.70313], "texture": "#1"}
			}
		},
		{
			"from": [-1, 0, 10],
			"to": [0, 11.5, 12],
			"rotation": {"angle": 0, "axis": "y", "origin": [-10, -4.5, 3]},
			"faces": {
				"north": {"uv": [4, 0, 4.5, 6.5], "texture": "#1"},
				"east": {"uv": [6, 0, 7, 6.5], "texture": "#1"},
				"south": {"uv": [4, 0, 4.5, 6.5], "texture": "#1"},
				"west": {"uv": [6, 0, 7, 6.5], "texture": "#1"},
				"up": {"uv": [14, 0, 16, 2], "texture": "#1"},
				"down": {"uv": [14, 0, 16, 2], "texture": "#1"}
			}
		}
	],
	"groups": [
		{
			"name": "group",
			"origin": [16, 16.28125, 8],
			"color": 0,
			"children": [0, 1, 2]
		},
		{
			"name": "group",
			"origin": [16, 16.28125, 8],
			"color": 0,
			"children": [3, 4, 5]
		},
		{
			"name": "group",
			"origin": [21.25, -1.5, -1.75],
			"color": 0,
			"children": [6, 7, 8, 9, 10, 11, 12, 13]
		},
		{
			"name": "group",
			"origin": [21.25, -1.5, -1.75],
			"color": 0,
			"children": [14, 15, 16, 17, 18, 19, 20, 21]
		}
	]
}