{
	"credit": "Made with Blockbench",
	"texture_size": [64, 64],
	"textures": {
		"0": "block/door",
		"particle": "block/door"
	},
	"elements": [
		{
			"from": [1, 0, 0],
			"to": [4, 3, 16],
			"faces": {
				"north": {"uv": [10.25, 7.25, 11, 8], "texture": "#0"},
				"east": {"uv": [8, 15.25, 12, 16], "texture": "#0"},
				"south": {"uv": [10.25, 7.25, 11, 8], "texture": "#0"},
				"west": {"uv": [8, 15.25, 12, 16], "texture": "#0"},
				"up": {"uv": [8, 15.25, 12, 16], "rotation": 90, "texture": "#0"},
				"down": {"uv": [14.25, 4, 15, 8], "texture": "#0"}
			}
		},
		{
			"from": [1, 3, 13],
			"to": [4, 16, 16],
			"faces": {
				"north": {"uv": [10.25, 4, 11, 7.25], "texture": "#0"},
				"east": {"uv": [8, 12, 8.75, 15.25], "texture": "#0"},
				"south": {"uv": [10.25, 4, 11, 7.25], "texture": "#0"},
				"west": {"uv": [11.25, 12, 12, 15.25], "texture": "#0"},
				"up": {"uv": [0, 0, 0.75, 0.75], "texture": "#0"},
				"down": {"uv": [0, 0, 0.75, 0.75], "texture": "#0"}
			}
		},
		{
			"from": [1.5, 3, 7],
			"to": [3.5, 16, 9],
			"faces": {
				"north": {"uv": [9.75, 11.96875, 10.25, 15.21875], "texture": "#0"},
				"east": {"uv": [9.75, 11.96875, 10.25, 15.21875], "texture": "#0"},
				"south": {"uv": [9.75, 11.96875, 10.25, 15.21875], "texture": "#0"},
				"west": {"uv": [9.75, 11.96875, 10.25, 15.21875], "texture": "#0"},
				"up": {"uv": [0, 0, 0.25, 2.5], "texture": "#0"},
				"down": {"uv": [0, 0, 0.25, 2.5], "texture": "#0"}
			}
		},
		{
			"from": [1.5, 10.875, 3],
			"to": [3.5, 12.875, 13],
			"faces": {
				"north": {"uv": [0, 0, 0.5, 0.5], "texture": "#0"},
				"east": {"uv": [8.75, 12.75, 11.25, 13.25], "texture": "#0"},
				"south": {"uv": [0, 0, 0.5, 0.5], "texture": "#0"},
				"west": {"uv": [8.75, 12.75, 11.25, 13.25], "texture": "#0"},
				"up": {"uv": [9.75, 11.75, 10.25, 14.25], "texture": "#0"},
				"down": {"uv": [9.75, 11.75, 10.25, 14.25], "texture": "#0"}
			}
		},
		{
			"from": [0, 15, 12],
			"to": [1, 16, 15],
			"faces": {
				"north": {"uv": [15, 7.5, 15.25, 7.75], "texture": "#0"},
				"east": {"uv": [15.25, 7.5, 16, 7.75], "texture": "#0"},
				"south": {"uv": [15, 7.5, 15.25, 7.75], "texture": "#0"},
				"west": {"uv": [15.25, 7.5, 16, 7.75], "texture": "#0"},
				"up": {"uv": [15.25, 7.25, 16, 7.5], "rotation": 90, "texture": "#0"},
				"down": {"uv": [15.25, 7.75, 16, 8], "rotation": 90, "texture": "#0"}
			}
		},
		{
			"from": [4, 15, 12],
			"to": [5, 16, 15],
			"faces": {
				"north": {"uv": [15, 7.5, 15.25, 7.75], "texture": "#0"},
				"east": {"uv": [15.25, 7.5, 16, 7.75], "texture": "#0"},
				"south": {"uv": [15, 7.5, 15.25, 7.75], "texture": "#0"},
				"west": {"uv": [15.25, 7.5, 16, 7.75], "texture": "#0"},
				"up": {"uv": [15.25, 7.25, 16, 7.5], "rotation": 90, "texture": "#0"},
				"down": {"uv": [15.25, 7.75, 16, 8], "rotation": 90, "texture": "#0"}
			}
		},
		{
			"from": [1, 3, 0],
			"to": [4, 16, 3],
			"faces": {
				"north": {"uv": [10.25, 4, 11, 7.25], "texture": "#0"},
				"east": {"uv": [11.25, 12, 12, 15.25], "texture": "#0"},
				"south": {"uv": [10.25, 4, 11, 7.25], "texture": "#0"},
				"west": {"uv": [8, 12, 8.75, 15.25], "texture": "#0"},
				"up": {"uv": [0, 0, 0.75, 0.75], "texture": "#0"},
				"down": {"uv": [0, 0, 0.75, 0.75], "texture": "#0"}
			}
		}
	],
	"groups": [
		{
			"name": "group",
			"origin": [0, 0, 0],
			"color": 0,
			"children": [0, 1, 2, 3, 4, 5, 6]
		}
	]
}