{
	"credit": "Made with Blockbench",
	"parent": "minecraft:block/fence_post",
	"texture_size": [32, 32],
	"textures": {
		"1": "block/birch_fence",
		"particle": "block/birch_fence"
	},
	"elements": [
		{
			"from": [7.5, -1.5, 0.5],
			"to": [8.5, 14.5, 2.5],
			"rotation": {"angle": 0, "axis": "y", "origin": [-1.5, -1.5, -6.5]},
			"faces": {
				"north": {"uv": [4, 0, 4.5, 8], "texture": "#1"},
				"east": {"uv": [6, 0, 7, 8], "texture": "#1"},
				"south": {"uv": [4, 0, 4.5, 8], "texture": "#1"},
				"west": {"uv": [6, 0, 7, 8], "texture": "#1"},
				"up": {"uv": [14, 0, 16, 2], "texture": "#1"},
				"down": {"uv": [14, 0, 16, 2], "texture": "#1"}
			}
		},
		{
			"from": [7.53125, 13.90625, 1.09375],
			"to": [8.46875, 15.3125, 2.5],
			"rotation": {"angle": 45, "axis": "x", "origin": [8, 14.90625, 1.5]},
			"faces": {
				"north": {"uv": [15.29688, 0, 16, 0.70313], "texture": "#1"},
				"east": {"uv": [15.29688, 0, 16, 0.70313], "texture": "#1"},
				"south": {"uv": [15.29688, 0, 16, 0.70313], "texture": "#1"},
				"west": {"uv": [15.29688, 0, 16, 0.70313], "texture": "#1"},
				"up": {"uv": [15.29688, 0, 16, 0.70313], "texture": "#1"},
				"down": {"uv": [15.29688, 0, 16, 0.70313], "texture": "#1"}
			}
		},
		{
			"from": [7.53125, 13.90625, 4.09375],
			"to": [8.46875, 15.3125, 5.5],
			"rotation": {"angle": 45, "axis": "x", "origin": [8, 14.90625, 4.5]},
			"faces": {
				"north": {"uv": [15.29688, 0, 16, 0.70313], "texture": "#1"},
				"east": {"uv": [15.29688, 0, 16, 0.70313], "texture": "#1"},
				"south": {"uv": [15.29688, 0, 16, 0.70313], "texture": "#1"},
				"west": {"uv": [15.29688, 0, 16, 0.70313], "texture": "#1"},
				"up": {"uv": [15.29688, 0, 16, 0.70313], "texture": "#1"},
				"down": {"uv": [15.29688, 0, 16, 0.70313], "texture": "#1"}
			}
		},
		{
			"from": [7.5, -1.5, 3.5],
			"to": [8.5, 14.5, 5.5],
			"rotation": {"angle": 0, "axis": "y", "origin": [-1.5, -1.5, -3.5]},
			"faces": {
				"north": {"uv": [4, 0, 4.5, 8], "texture": "#1"},
				"east": {"uv": [2, 0, 3, 8], "texture": "#1"},
				"south": {"uv": [4, 0, 4.5, 8], "texture": "#1"},
				"west": {"uv": [2, 0, 3, 8], "texture": "#1"},
				"up": {"uv": [14, 0, 16, 2], "texture": "#1"},
				"down": {"uv": [14, 0, 16, 2], "texture": "#1"}
			}
		},
		{
			"from": [7.75, 10, 0],
			"to": [8.25, 12, 6.5],
			"rotation": {"angle": 0, "axis": "y", "origin": [0.25, 11, 0]},
			"faces": {
				"east": {"uv": [0.75, 8, 4, 9], "texture": "#1"},
				"west": {"uv": [4, 8, 7.25, 9], "texture": "#1"},
				"up": {"uv": [15.75, 0, 16, 1], "texture": "#1"},
				"down": {"uv": [15.75, 0, 16, 1], "texture": "#1"}
			}
		},
		{
			"from": [7.75, 2, 0],
			"to": [8.25, 4, 6.5],
			"rotation": {"angle": 0, "axis": "y", "origin": [0.25, 3, 0]},
			"faces": {
				"east": {"uv": [0.75, 8, 4, 9], "texture": "#1"},
				"west": {"uv": [4, 8, 7.25, 9], "texture": "#1"},
				"up": {"uv": [15.75, 0, 16, 1], "texture": "#1"},
				"down": {"uv": [15.75, 0, 16, 1], "texture": "#1"}
			}
		}
	]
}