{
	"credit": "Made with Blockbench",
	"texture_size": [64, 64],
	"textures": {
		"0": "block/door",
		"particle": "block/door"
	},
	"elements": [
		{
			"from": [1, 0, 13],
			"to": [17, 3, 16],
			"rotation": {"angle": 0, "axis": "y", "origin": [0, 0, 16]},
			"faces": {
				"north": {"uv": [12, 15.25, 8, 16], "texture": "#0"},
				"east": {"uv": [11, 7.25, 10.25, 8], "texture": "#0"},
				"south": {"uv": [12, 15.25, 8, 16], "texture": "#0"},
				"west": {"uv": [11, 7.25, 10.25, 8], "texture": "#0"},
				"up": {"uv": [8, 16, 12, 15.25], "texture": "#0"},
				"down": {"uv": [15, 4, 14.25, 8], "rotation": 90, "texture": "#0"}
			}
		},
		{
			"from": [14, 3, 13],
			"to": [17, 16, 16],
			"rotation": {"angle": 0, "axis": "y", "origin": [0, 0, 16]},
			"faces": {
				"north": {"uv": [12, 12, 11.25, 15.25], "texture": "#0"},
				"east": {"uv": [11, 4, 10.25, 7.25], "texture": "#0"},
				"south": {"uv": [8.75, 12, 8, 15.25], "texture": "#0"},
				"west": {"uv": [11, 4, 10.25, 7.25], "texture": "#0"},
				"up": {"uv": [0.75, 0, 0, 0.75], "rotation": 270, "texture": "#0"},
				"down": {"uv": [0.75, 0, 0, 0.75], "rotation": 90, "texture": "#0"}
			}
		},
		{
			"from": [8, 3, 13.5],
			"to": [10, 16, 15.5],
			"rotation": {"angle": 0, "axis": "y", "origin": [0, 0, 16]},
			"faces": {
				"north": {"uv": [10.25, 11.96875, 9.75, 15.21875], "texture": "#0"},
				"east": {"uv": [10.25, 11.96875, 9.75, 15.21875], "texture": "#0"},
				"south": {"uv": [10.25, 11.96875, 9.75, 15.21875], "texture": "#0"},
				"west": {"uv": [10.25, 11.96875, 9.75, 15.21875], "texture": "#0"},
				"up": {"uv": [0.25, 0, 0, 2.5], "rotation": 270, "texture": "#0"},
				"down": {"uv": [0.25, 0, 0, 2.5], "rotation": 90, "texture": "#0"}
			}
		},
		{
			"from": [4, 10.875, 13.5],
			"to": [14, 12.875, 15.5],
			"rotation": {"angle": 0, "axis": "y", "origin": [0, 0, 16]},
			"faces": {
				"north": {"uv": [11.25, 12.75, 8.75, 13.25], "texture": "#0"},
				"east": {"uv": [0.5, 0, 0, 0.5], "texture": "#0"},
				"south": {"uv": [11.25, 12.75, 8.75, 13.25], "texture": "#0"},
				"west": {"uv": [0.5, 0, 0, 0.5], "texture": "#0"},
				"up": {"uv": [10.25, 11.75, 9.75, 14.25], "rotation": 270, "texture": "#0"},
				"down": {"uv": [10.25, 11.75, 9.75, 14.25], "rotation": 90, "texture": "#0"}
			}
		},
		{
			"from": [13, 15, 12],
			"to": [16, 16, 13],
			"rotation": {"angle": 0, "axis": "y", "origin": [0, 0, 16]},
			"faces": {
				"north": {"uv": [16, 7.5, 15.25, 7.75], "texture": "#0"},
				"east": {"uv": [15.25, 7.5, 15, 7.75], "texture": "#0"},
				"south": {"uv": [16, 7.5, 15.25, 7.75], "texture": "#0"},
				"west": {"uv": [15.25, 7.5, 15, 7.75], "texture": "#0"},
				"up": {"uv": [15.25, 7.5, 16, 7.25], "texture": "#0"},
				"down": {"uv": [15.25, 8, 16, 7.75], "rotation": 180, "texture": "#0"}
			}
		},
		{
			"from": [13.03125, 15, 16],
			"to": [16.03125, 16, 17],
			"rotation": {"angle": 0, "axis": "y", "origin": [0, 0, 16]},
			"faces": {
				"north": {"uv": [16, 7.5, 15.25, 7.75], "texture": "#0"},
				"east": {"uv": [15.25, 7.5, 15, 7.75], "texture": "#0"},
				"south": {"uv": [16, 7.5, 15.25, 7.75], "texture": "#0"},
				"west": {"uv": [15.25, 7.5, 15, 7.75], "texture": "#0"},
				"up": {"uv": [15.25, 7.5, 16, 7.25], "texture": "#0"},
				"down": {"uv": [15.25, 8, 16, 7.75], "rotation": 180, "texture": "#0"}
			}
		},
		{
			"from": [1, 3, 13],
			"to": [4, 16, 16],
			"rotation": {"angle": 0, "axis": "y", "origin": [0, 0, 16]},
			"faces": {
				"north": {"uv": [8.75, 12, 8, 15.25], "texture": "#0"},
				"east": {"uv": [11, 4, 10.25, 7.25], "texture": "#0"},
				"south": {"uv": [12, 12, 11.25, 15.25], "texture": "#0"},
				"west": {"uv": [11, 4, 10.25, 7.25], "texture": "#0"},
				"up": {"uv": [0.75, 0, 0, 0.75], "rotation": 270, "texture": "#0"},
				"down": {"uv": [0.75, 0, 0, 0.75], "rotation": 90, "texture": "#0"}
			}
		}
	],
	"groups": [
		{
			"name": "group",
			"origin": [0, 0, 0],
			"color": 0,
			"children": [0, 1, 2, 3, 4, 5, 6]
		}
	]
}