{
	"credit": "Made with Blockbench",
	"texture_size": [64, 64],
	"textures": {
		"0": "block/door",
		"particle": "block/door"
	},
	"elements": [
		{
			"from": [1, 13, 0],
			"to": [17, 16, 3],
			"faces": {
				"north": {"uv": [8, 8, 12, 8.75], "texture": "#0"},
				"east": {"uv": [10.25, 0, 11, 0.75], "texture": "#0"},
				"south": {"uv": [8, 8, 12, 8.75], "texture": "#0"},
				"west": {"uv": [10.25, 0, 11, 0.75], "texture": "#0"},
				"up": {"uv": [14.25, 4, 15, 8], "rotation": 270, "texture": "#0"},
				"down": {"uv": [14.25, 4, 15, 8], "rotation": 90, "texture": "#0"}
			}
		},
		{
			"from": [14, 0, 0],
			"to": [17, 13, 3],
			"faces": {
				"north": {"uv": [8, 8.75, 8.75, 12], "texture": "#0"},
				"east": {"uv": [10.25, 0.75, 11, 4], "texture": "#0"},
				"south": {"uv": [11.25, 8.75, 12, 12], "texture": "#0"},
				"west": {"uv": [10.25, 0.75, 11, 4], "texture": "#0"},
				"up": {"uv": [0, 0, 0.75, 0.75], "rotation": 270, "texture": "#0"},
				"down": {"uv": [0, 0, 0.75, 0.75], "rotation": 90, "texture": "#0"}
			}
		},
		{
			"from": [1, 0, 0],
			"to": [4, 13, 3],
			"faces": {
				"north": {"uv": [11.25, 8.75, 12, 12], "texture": "#0"},
				"east": {"uv": [10.25, 0.75, 11, 4], "texture": "#0"},
				"south": {"uv": [8, 8.75, 8.75, 12], "texture": "#0"},
				"west": {"uv": [10.25, 0.75, 11, 4], "texture": "#0"},
				"up": {"uv": [0, 0, 0.75, 0.75], "rotation": 270, "texture": "#0"},
				"down": {"uv": [0, 0, 0.75, 0.75], "rotation": 90, "texture": "#0"}
			}
		},
		{
			"from": [4, 4, 0.5],
			"to": [14, 6, 2.5],
			"faces": {
				"north": {"uv": [8.75, 10.5, 11.25, 11], "texture": "#0"},
				"east": {"uv": [0, 0, 0.5, 0.75], "texture": "#0"},
				"south": {"uv": [8.75, 10.5, 11.25, 11], "texture": "#0"},
				"west": {"uv": [0, 0, 0.5, 0.75], "texture": "#0"},
				"up": {"uv": [2.25, 11.25, 2.75, 8.75], "rotation": 270, "texture": "#0"},
				"down": {"uv": [9.75, 11.75, 10.25, 14.25], "rotation": 90, "texture": "#0"}
			}
		},
		{
			"from": [8, 0, 0.5],
			"to": [10, 4, 2.5],
			"faces": {
				"north": {"uv": [9.75, 11, 10.25, 12], "texture": "#0"},
				"east": {"uv": [9.75, 11, 10.25, 12], "texture": "#0"},
				"south": {"uv": [9.75, 11, 10.25, 12], "texture": "#0"},
				"west": {"uv": [9.75, 11, 10.25, 12], "texture": "#0"},
				"up": {"uv": [1.75, 8.75, 2.25, 11.25], "rotation": 270, "texture": "#0"},
				"down": {"uv": [1.75, 8.75, 2.25, 11.25], "rotation": 90, "texture": "#0"}
			}
		}
	],
	"groups": [
		{
			"name": "group",
			"origin": [0, 0, 0],
			"color": 0,
			"children": [0, 1, 2, 3, 4]
		}
	]
}