{
	"credit": "Made with Blockbench",
	"parent": "minecraft:block/fence_post",
	"texture_size": [32, 32],
	"textures": {
		"1": "block/birch_fence",
		"particle": "block/birch_fence"
	},
	"elements": [
		{
			"from": [15, 0, 6.5],
			"to": [18, 13, 9.5],
			"rotation": {"angle": 0, "axis": "y", "origin": [8, -3, 0.5]},
			"faces": {
				"north": {"uv": [0, 1.5, 1.5, 8], "texture": "#1"},
				"east": {"uv": [0, 1.5, 1.5, 8], "texture": "#1"},
				"south": {"uv": [0, 1.5, 1.5, 8], "texture": "#1"},
				"west": {"uv": [0, 1.5, 1.5, 8], "texture": "#1"},
				"up": {"uv": [14, 0, 16, 2], "texture": "#1"},
				"down": {"uv": [14, 0, 16, 2], "texture": "#1"}
			}
		},
		{
			"from": [15.59375, 12.03125, 6.53125],
			"to": [17.75, 14.1875, 9.46875],
			"rotation": {"angle": -45, "axis": "z", "origin": [16.5, 13.28125, 8]},
			"faces": {
				"north": {"uv": [15.5, 2, 16, 2.5], "texture": "#1"},
				"east": {"uv": [15.5, 2, 16, 2.5], "texture": "#1"},
				"south": {"uv": [15.5, 2, 16, 2.5], "texture": "#1"},
				"west": {"uv": [15.5, 2, 16, 2.5], "texture": "#1"},
				"up": {"uv": [15.5, 2, 16, 2.5], "texture": "#1"},
				"down": {"uv": [15.5, 2, 16, 2.5], "texture": "#1"}
			}
		},
		{
			"from": [15.03125, 12.03125, 7.09375],
			"to": [17.96875, 14.1875, 9.25],
			"rotation": {"angle": 45, "axis": "x", "origin": [16.5, 13.28125, 8]},
			"faces": {
				"north": {"uv": [15.54688, 2, 16, 2.45313], "texture": "#1"},
				"east": {"uv": [15.54688, 2, 16, 2.45313], "texture": "#1"},
				"south": {"uv": [15.54688, 2, 16, 2.45313], "texture": "#1"},
				"west": {"uv": [15.54688, 2, 16, 2.45313], "texture": "#1"},
				"up": {"uv": [15.54688, 2, 16, 2.45313], "texture": "#1"},
				"down": {"uv": [15.54688, 2, 16, 2.45313], "texture": "#1"}
			}
		},
		{
			"from": [-2, 0, 6.5],
			"to": [1, 13, 9.5],
			"rotation": {"angle": 0, "axis": "y", "origin": [-9, -3, 0.5]},
			"faces": {
				"north": {"uv": [0, 1.5, 1.5, 8], "texture": "#1"},
				"east": {"uv": [0, 1.5, 1.5, 8], "texture": "#1"},
				"south": {"uv": [0, 1.5, 1.5, 8], "texture": "#1"},
				"west": {"uv": [0, 1.5, 1.5, 8], "texture": "#1"},
				"up": {"uv": [14, 0, 16, 2], "texture": "#1"},
				"down": {"uv": [14, 0, 16, 2], "texture": "#missing"}
			}
		},
		{
			"from": [-1.40625, 12.03125, 6.53125],
			"to": [0.75, 14.1875, 9.46875],
			"rotation": {"angle": -45, "axis": "z", "origin": [-0.5, 13.28125, 8]},
			"faces": {
				"north": {"uv": [15.5, 2, 16, 2.5], "texture": "#1"},
				"east": {"uv": [15.5, 2, 16, 2.5], "texture": "#1"},
				"south": {"uv": [15.5, 2, 16, 2.5], "texture": "#1"},
				"west": {"uv": [15.5, 2, 16, 2.5], "texture": "#1"},
				"up": {"uv": [15.5, 2, 16, 2.5], "texture": "#1"},
				"down": {"uv": [15.5, 2, 16, 2.5], "texture": "#1"}
			}
		},
		{
			"from": [-1.96875, 12.03125, 7.09375],
			"to": [0.96875, 14.1875, 9.25],
			"rotation": {"angle": 45, "axis": "x", "origin": [-0.5, 13.28125, 8]},
			"faces": {
				"north": {"uv": [15.54688, 2, 16, 2.45313], "texture": "#1"},
				"east": {"uv": [15.54688, 2, 16, 2.45313], "texture": "#1"},
				"south": {"uv": [15.54688, 2, 16, 2.45313], "texture": "#1"},
				"west": {"uv": [15.54688, 2, 16, 2.45313], "texture": "#1"},
				"up": {"uv": [15.54688, 2, 16, 2.45313], "texture": "#1"},
				"down": {"uv": [15.54688, 2, 16, 2.45313], "texture": "#1"}
			}
		},
		{
			"from": [8.34375, 12.75, 7.03125],
			"to": [9.03125, 13.4375, 8.96875],
			"rotation": {"angle": -45, "axis": "z", "origin": [8.5, 13.28125, 8]},
			"faces": {
				"north": {"uv": [15.5, 2, 16, 2.5], "texture": "#1"},
				"east": {"uv": [15.5, 2, 16, 2.5], "texture": "#1"},
				"south": {"uv": [15.5, 2, 16, 2.5], "texture": "#1"},
				"west": {"uv": [15.5, 2, 16, 2.5], "texture": "#1"},
				"up": {"uv": [15.5, 2, 16, 2.5], "texture": "#1"},
				"down": {"uv": [15.5, 2, 16, 2.5], "texture": "#1"}
			}
		},
		{
			"from": [8, 0, 7],
			"to": [9, 13, 9],
			"rotation": {"angle": 0, "axis": "y", "origin": [7.5, -3, 0.5]},
			"faces": {
				"north": {"uv": [0, 0, 0.5, 6.5], "texture": "#1"},
				"east": {"uv": [0, 0, 1.5, 6.5], "texture": "#1"},
				"south": {"uv": [1, 0, 1.5, 6.5], "texture": "#1"},
				"west": {"uv": [0, 0, 1.5, 6.5], "texture": "#1"},
				"up": {"uv": [14, 0, 16, 2], "texture": "#1"},
				"down": {"uv": [14, 0, 16, 2], "texture": "#1"}
			}
		},
		{
			"from": [8.25, 1, 7.75],
			"to": [15.75, 3, 8.25],
			"rotation": {"angle": 0, "axis": "z", "origin": [12, 2, 8]},
			"faces": {
				"north": {"uv": [4, 8, 7.25, 9], "texture": "#1"},
				"south": {"uv": [0.75, 8, 4, 9], "texture": "#1"},
				"up": {"uv": [15.75, 0, 16, 1], "rotation": 90, "texture": "#1"},
				"down": {"uv": [15.75, 0, 16, 1], "rotation": 270, "texture": "#1"}
			}
		},
		{
			"from": [8.25, 7, 7.75],
			"to": [15.75, 9, 8.25],
			"rotation": {"angle": 0, "axis": "z", "origin": [12, 8, 8]},
			"faces": {
				"north": {"uv": [4, 8, 7.25, 9], "texture": "#1"},
				"south": {"uv": [0.75, 8, 4, 9], "texture": "#1"},
				"up": {"uv": [15.75, 0, 16, 1], "rotation": 90, "texture": "#1"},
				"down": {"uv": [15.75, 0, 16, 1], "rotation": 270, "texture": "#1"}
			}
		},
		{
			"from": [9.5, 0, 7.5],
			"to": [11.5, 12.75, 8.5],
			"rotation": {"angle": 0, "axis": "y", "origin": [18.5, -3.25, -1.5]},
			"faces": {
				"north": {"uv": [2, 0, 3, 6.5], "texture": "#1"},
				"east": {"uv": [4, 0, 4.5, 6.5], "texture": "#1"},
				"south": {"uv": [2, 0, 3, 6.5], "texture": "#1"},
				"west": {"uv": [4, 0, 4.5, 6.5], "texture": "#1"},
				"up": {"uv": [14, 0, 16, 2], "rotation": 90, "texture": "#1"},
				"down": {"uv": [14, 0, 16, 2], "rotation": 270, "texture": "#1"}
			}
		},
		{
			"from": [9.5, 12.15625, 7.53125],
			"to": [10.90625, 13.5625, 8.46875],
			"rotation": {"angle": 45, "axis": "z", "origin": [10.5, 13.15625, 8]},
			"faces": {
				"north": {"uv": [15.29688, 0, 16, 0.70313], "texture": "#1"},
				"east": {"uv": [15.29688, 0, 16, 0.70313], "texture": "#1"},
				"south": {"uv": [15.29688, 0, 16, 0.70313], "texture": "#1"},
				"west": {"uv": [15.29688, 0, 16, 0.70313], "texture": "#1"},
				"up": {"uv": [15.29688, 0, 16, 0.70313], "rotation": 90, "texture": "#1"},
				"down": {"uv": [15.29688, 0, 16, 0.70313], "rotation": 270, "texture": "#1"}
			}
		},
		{
			"from": [12.25, 10.90625, 7.53125],
			"to": [13.65625, 12.3125, 8.46875],
			"rotation": {"angle": 45, "axis": "z", "origin": [13.25, 11.90625, 8]},
			"faces": {
				"north": {"uv": [15.29688, 0, 16, 0.70313], "texture": "#1"},
				"east": {"uv": [15.29688, 0, 16, 0.70313], "texture": "#1"},
				"south": {"uv": [15.29688, 0, 16, 0.70313], "texture": "#1"},
				"west": {"uv": [15.29688, 0, 16, 0.70313], "texture": "#1"},
				"up": {"uv": [15.29688, 0, 16, 0.70313], "rotation": 90, "texture": "#1"},
				"down": {"uv": [15.29688, 0, 16, 0.70313], "rotation": 270, "texture": "#1"}
			}
		},
		{
			"from": [12.25, 0, 7.5],
			"to": [14.25, 11.5, 8.5],
			"rotation": {"angle": 0, "axis": "y", "origin": [21.25, -4.5, -1.5]},
			"faces": {
				"north": {"uv": [6, 0, 7, 6.5], "texture": "#1"},
				"east": {"uv": [4, 0, 4.5, 6.5], "texture": "#1"},
				"south": {"uv": [6, 0, 7, 6.5], "texture": "#1"},
				"west": {"uv": [4, 0, 4.5, 6.5], "texture": "#1"},
				"up": {"uv": [14, 0, 16, 2], "rotation": 90, "texture": "#1"},
				"down": {"uv": [14, 0, 16, 2], "rotation": 270, "texture": "#1"}
			}
		},
		{
			"from": [7, 0, 7],
			"to": [8, 13, 9],
			"rotation": {"angle": 0, "axis": "y", "origin": [8.5, -3, 15.5]},
			"faces": {
				"north": {"uv": [1, 0, 1.5, 6.5], "texture": "#1"},
				"east": {"uv": [0, 0, 1.5, 6.5], "texture": "#1"},
				"south": {"uv": [0, 0, 0.5, 6.5], "texture": "#1"},
				"west": {"uv": [0, 0, 1.5, 6.5], "texture": "#1"},
				"up": {"uv": [14, 0, 16, 2], "rotation": 180, "texture": "#1"},
				"down": {"uv": [14, 0, 16, 2], "rotation": 180, "texture": "#1"}
			}
		},
		{
			"from": [6.96875, 12.75, 7.03125],
			"to": [7.65625, 13.4375, 8.96875],
			"rotation": {"angle": 45, "axis": "z", "origin": [7.5, 13.28125, 8]},
			"faces": {
				"north": {"uv": [15.5, 2, 16, 2.5], "texture": "#1"},
				"east": {"uv": [15.5, 2, 16, 2.5], "texture": "#1"},
				"south": {"uv": [15.5, 2, 16, 2.5], "texture": "#1"},
				"west": {"uv": [15.5, 2, 16, 2.5], "texture": "#1"},
				"up": {"uv": [15.5, 2, 16, 2.5], "rotation": 180, "texture": "#1"},
				"down": {"uv": [15.5, 2, 16, 2.5], "rotation": 180, "texture": "#1"}
			}
		},
		{
			"from": [0.25, 1, 7.75],
			"to": [7.75, 3, 8.25],
			"rotation": {"angle": 0, "axis": "x", "origin": [4, 2, 8]},
			"faces": {
				"north": {"uv": [0.75, 8, 4, 9], "texture": "#1"},
				"south": {"uv": [4, 8, 7.25, 9], "texture": "#1"},
				"up": {"uv": [15.75, 0, 16, 1], "rotation": 270, "texture": "#1"},
				"down": {"uv": [15.75, 0, 16, 1], "rotation": 90, "texture": "#1"}
			}
		},
		{
			"from": [0.25, 7, 7.75],
			"to": [7.75, 9, 8.25],
			"rotation": {"angle": 0, "axis": "z", "origin": [4, 8, 8]},
			"faces": {
				"north": {"uv": [0.75, 8, 4, 9], "texture": "#1"},
				"south": {"uv": [4, 8, 7.25, 9], "texture": "#1"},
				"up": {"uv": [15.75, 0, 16, 1], "rotation": 270, "texture": "#1"},
				"down": {"uv": [15.75, 0, 16, 1], "rotation": 90, "texture": "#1"}
			}
		},
		{
			"from": [4.5, 0, 7.5],
			"to": [6.5, 12.75, 8.5],
			"rotation": {"angle": 0, "axis": "y", "origin": [-2.5, -3.25, 17.5]},
			"faces": {
				"north": {"uv": [2, 0, 3, 6.5], "texture": "#1"},
				"east": {"uv": [4, 0, 4.5, 6.5], "texture": "#1"},
				"south": {"uv": [2, 0, 3, 6.5], "texture": "#1"},
				"west": {"uv": [4, 0, 4.5, 6.5], "texture": "#1"},
				"up": {"uv": [14, 0, 16, 2], "rotation": 270, "texture": "#1"},
				"down": {"uv": [14, 0, 16, 2], "rotation": 90, "texture": "#1"}
			}
		},
		{
			"from": [5.09375, 12.15625, 7.53125],
			"to": [6.5, 13.5625, 8.46875],
			"rotation": {"angle": -45, "axis": "z", "origin": [5.5, 13.15625, 8]},
			"faces": {
				"north": {"uv": [15.29688, 0, 16, 0.70313], "texture": "#1"},
				"east": {"uv": [15.29688, 0, 16, 0.70313], "texture": "#1"},
				"south": {"uv": [15.29688, 0, 16, 0.70313], "texture": "#1"},
				"west": {"uv": [15.29688, 0, 16, 0.70313], "texture": "#1"},
				"up": {"uv": [15.29688, 0, 16, 0.70313], "rotation": 270, "texture": "#1"},
				"down": {"uv": [15.29688, 0, 16, 0.70313], "rotation": 90, "texture": "#1"}
			}
		},
		{
			"from": [2.34375, 10.90625, 7.53125],
			"to": [3.75, 12.3125, 8.46875],
			"rotation": {"angle": -45, "axis": "z", "origin": [2.75, 11.90625, 8]},
			"faces": {
				"north": {"uv": [15.29688, 0, 16, 0.70313], "texture": "#1"},
				"east": {"uv": [15.29688, 0, 16, 0.70313], "texture": "#1"},
				"south": {"uv": [15.29688, 0, 16, 0.70313], "texture": "#1"},
				"west": {"uv": [15.29688, 0, 16, 0.70313], "texture": "#1"},
				"up": {"uv": [15.29688, 0, 16, 0.70313], "rotation": 270, "texture": "#1"},
				"down": {"uv": [15.29688, 0, 16, 0.70313], "rotation": 90, "texture": "#1"}
			}
		},
		{
			"from": [1.75, 0, 7.5],
			"to": [3.75, 11.5, 8.5],
			"rotation": {"angle": 0, "axis": "y", "origin": [-5.25, -4.5, 17.5]},
			"faces": {
				"north": {"uv": [6, 0, 7, 6.5], "texture": "#1"},
				"east": {"uv": [4, 0, 4.5, 6.5], "texture": "#1"},
				"south": {"uv": [6, 0, 7, 6.5], "texture": "#1"},
				"west": {"uv": [4, 0, 4.5, 6.5], "texture": "#1"},
				"up": {"uv": [14, 0, 16, 2], "rotation": 270, "texture": "#1"},
				"down": {"uv": [14, 0, 16, 2], "rotation": 90, "texture": "#1"}
			}
		}
	],
	"groups": [
		{
			"name": "group",
			"origin": [16, 16.28125, 8],
			"color": 0,
			"children": [0, 1, 2]
		},
		{
			"name": "group",
			"origin": [16, 16.28125, 8],
			"color": 0,
			"children": [3, 4, 5]
		},
		{
			"name": "group",
			"origin": [21.25, -1.5, -1.75],
			"color": 0,
			"children": [6, 7, 8, 9, 10, 11, 12, 13]
		},
		{
			"name": "group",
			"origin": [21.25, -1.5, -1.75],
			"color": 0,
			"children": [14, 15, 16, 17, 18, 19, 20, 21]
		}
	]
}