{
	"credit": "Made with Blockbench",
	"parent": "minecraft:block/tinted_cross",
	"texture_size": [128, 128],
	"textures": {
		"1": "block/cornflower"
	},
	"elements": [
		{
			"from": [0.875, 6.75, 3],
			"to": [4.875, 6.75, 13],
			"rotation": {"angle": 22.5, "axis": "z", "origin": [-4.125, 6.75, 8]},
			"faces": {
				"up": {"uv": [7.5, 0, 12.5, 2], "rotation": 270, "texture": "#1"},
				"down": {"uv": [7.5, 0, 12.5, 2], "rotation": 270, "texture": "#1"}
			}
		},
		{
			"from": [3.5, 6.75, 3],
			"to": [7.5, 6.75, 13],
			"rotation": {"angle": -22.5, "axis": "z", "origin": [12.5, 6.75, 8]},
			"faces": {
				"up": {"uv": [2, 0, 4, 5], "texture": "#1"},
				"down": {"uv": [2, 0, 4, 5], "texture": "#1"}
			}
		},
		{
			"from": [8.5, 6.75, 3],
			"to": [12.5, 6.75, 13],
			"rotation": {"angle": 22.5, "axis": "z", "origin": [3.5, 6.75, 8]},
			"faces": {
				"up": {"uv": [7.5, 2, 12.5, 4], "rotation": 90, "texture": "#1"},
				"down": {"uv": [7.5, 2, 12.5, 4], "rotation": 90, "texture": "#1"}
			}
		},
		{
			"from": [11.125, 6.75, 3],
			"to": [15.125, 6.75, 13],
			"rotation": {"angle": -22.5, "axis": "z", "origin": [20.125, 6.75, 8]},
			"faces": {
				"up": {"uv": [5.5, 5, 7.5, 10], "texture": "#1"},
				"down": {"uv": [5.5, 5, 7.5, 10], "texture": "#1"}
			}
		},
		{
			"from": [3, 6.75, 3.5],
			"to": [13, 6.75, 7.5],
			"rotation": {"angle": 22.5, "axis": "x", "origin": [8, 6.75, 12.5]},
			"faces": {
				"up": {"uv": [2, 0, 4, 5], "rotation": 90, "texture": "#1"},
				"down": {"uv": [2, 0, 4, 5], "rotation": 270, "texture": "#1"}
			}
		},
		{
			"from": [3, 6.75, 0.875],
			"to": [13, 6.75, 4.875],
			"rotation": {"angle": -22.5, "axis": "x", "origin": [8, 6.75, -4.125]},
			"faces": {
				"up": {"uv": [5.5, 5, 7.5, 10], "rotation": 270, "texture": "#1"},
				"down": {"uv": [5.5, 5, 7.5, 10], "rotation": 90, "texture": "#1"}
			}
		},
		{
			"from": [3, 6.75, 11.125],
			"to": [13, 6.75, 15.125],
			"rotation": {"angle": 22.5, "axis": "x", "origin": [8, 6.75, 20.125]},
			"faces": {
				"up": {"uv": [5.5, 5, 7.5, 10], "rotation": 90, "texture": "#1"},
				"down": {"uv": [0, 0, 2, 5], "rotation": 90, "texture": "#1"}
			}
		},
		{
			"from": [3, 6.75, 8.5],
			"to": [13, 6.75, 12.5],
			"rotation": {"angle": -22.5, "axis": "x", "origin": [8, 6.75, 3.5]},
			"faces": {
				"up": {"uv": [2, 0, 4, 5], "rotation": 270, "texture": "#1"},
				"down": {"uv": [3.5, 5, 5.5, 10], "rotation": 270, "texture": "#1"}
			}
		},
		{
			"from": [2, 0, 8],
			"to": [14, 9, 8],
			"rotation": {"angle": -45, "axis": "y", "origin": [8, 4.5, 8]},
			"faces": {
				"north": {"uv": [0, 11.5, 6, 16], "texture": "#1"},
				"south": {"uv": [0, 11.5, 6, 16], "texture": "#1"}
			}
		},
		{
			"from": [2, 0, 8],
			"to": [14, 9, 8],
			"rotation": {"angle": 45, "axis": "y", "origin": [8, 4.5, 8]},
			"faces": {
				"north": {"uv": [0, 11.5, 6, 16], "texture": "#1"},
				"south": {"uv": [0, 11.5, 6, 16], "texture": "#1"}
			}
		},
		{
			"from": [6, 9.5, 8],
			"to": [10, 13.25, 8],
			"rotation": {"angle": 0, "axis": "y", "origin": [8, 14, 8]},
			"faces": {
				"north": {"uv": [2, 9.625, 4, 11.5], "texture": "#1"},
				"south": {"uv": [2, 9.625, 4, 11.5], "texture": "#1"}
			}
		},
		{
			"from": [8, 9.5, 6],
			"to": [8, 13.25, 10],
			"rotation": {"angle": 0, "axis": "y", "origin": [8, 14, 8]},
			"faces": {
				"east": {"uv": [2, 9.625, 4, 11.5], "texture": "#1"},
				"west": {"uv": [2, 9.625, 4, 11.5], "texture": "#1"}
			}
		},
		{
			"from": [6, 9.45, 6],
			"to": [10, 9.45, 10],
			"rotation": {"angle": 0, "axis": "y", "origin": [0, -0.25, 0]},
			"faces": {
				"up": {"uv": [14, 0, 16, 2], "texture": "#1"}
			}
		},
		{
			"from": [5, 9.25, 1],
			"to": [11, 9.25, 7],
			"rotation": {"angle": -45, "axis": "y", "origin": [8, 7.75, 8]},
			"faces": {
				"up": {"uv": [12.625, 3.125, 15.375, 6.125], "texture": "#1"},
				"down": {"uv": [12.625, 9.875, 15.375, 12.875], "texture": "#1"}
			}
		},
		{
			"from": [1, 9.25, 5],
			"to": [7, 9.25, 11],
			"rotation": {"angle": -45, "axis": "y", "origin": [8, 7.75, 8]},
			"faces": {
				"up": {"uv": [12.625, 3.125, 15.375, 6.125], "rotation": 270, "texture": "#1"},
				"down": {"uv": [12.625, 9.875, 15.375, 12.875], "rotation": 90, "texture": "#1"}
			}
		},
		{
			"from": [5, 9.25, 9],
			"to": [11, 9.25, 15],
			"rotation": {"angle": -45, "axis": "y", "origin": [8, 7.75, 8]},
			"faces": {
				"up": {"uv": [12.625, 3.25, 15.375, 6.25], "rotation": 180, "texture": "#1"},
				"down": {"uv": [12.625, 9.875, 15.375, 12.875], "rotation": 180, "texture": "#1"}
			}
		},
		{
			"from": [9, 9.25, 5],
			"to": [15, 9.25, 11],
			"rotation": {"angle": -45, "axis": "y", "origin": [8, 7.75, 8]},
			"faces": {
				"up": {"uv": [12.625, 3.125, 15.375, 6.125], "rotation": 90, "texture": "#1"},
				"down": {"uv": [12.625, 9.875, 15.375, 12.875], "rotation": 270, "texture": "#1"}
			}
		}
	],
	"groups": [
		{
			"name": "group",
			"origin": [-8.625, 0, 8],
			"color": 0,
			"children": [0, 1]
		},
		{
			"name": "group",
			"origin": [-8.625, 0, 8],
			"color": 0,
			"children": [2, 3]
		},
		{
			"name": "group",
			"origin": [-8.625, 0, 8],
			"color": 0,
			"children": [4, 5]
		},
		{
			"name": "group",
			"origin": [-8.625, 0, 8],
			"color": 0,
			"children": [6, 7]
		},
		8,
		9,
		10,
		11,
		12,
		13,
		14,
		15,
		16
	]
}