{
	"credit": "Made with Blockbench",
	"texture_size": [64, 64],
	"textures": {
		"0": "block/door",
		"particle": "block/door"
	},
	"elements": [
		{
			"from": [1, 13, 0],
			"to": [17, 16, 3],
			"faces": {
				"north": {"uv": [4, 8, 8, 8.75], "texture": "#0"},
				"east": {"uv": [8, 0, 8.75, 0.75], "texture": "#0"},
				"south": {"uv": [4, 8, 8, 8.75], "texture": "#0"},
				"west": {"uv": [8, 0, 8.75, 0.75], "texture": "#0"},
				"up": {"uv": [13, 0, 13.75, 4], "rotation": 270, "texture": "#0"},
				"down": {"uv": [13, 0, 13.75, 4], "rotation": 90, "texture": "#0"}
			}
		},
		{
			"from": [4, 0, 1],
			"to": [14, 13, 2],
			"faces": {
				"north": {"uv": [4.75, 8.75, 7.25, 12], "texture": "#0"},
				"east": {"uv": [8, 0, 8.75, 0.75], "texture": "#0"},
				"south": {"uv": [4.75, 8.75, 7.25, 12], "texture": "#0"},
				"west": {"uv": [8, 0, 8.75, 0.75], "texture": "#0"},
				"up": {"uv": [13, 0, 13.75, 4], "rotation": 270, "texture": "#0"}
			}
		},
		{
			"from": [14, 0, 0],
			"to": [17, 13, 3],
			"faces": {
				"north": {"uv": [4, 8.75, 4.75, 12], "texture": "#0"},
				"east": {"uv": [8, 0.75, 8.75, 4], "texture": "#0"},
				"south": {"uv": [7.25, 8.75, 8, 12], "texture": "#0"},
				"west": {"uv": [8, 0.75, 8.75, 4], "texture": "#0"},
				"up": {"uv": [0, 0, 0.75, 0.75], "rotation": 270, "texture": "#0"},
				"down": {"uv": [0, 0, 0.75, 0.75], "rotation": 90, "texture": "#0"}
			}
		},
		{
			"from": [1, 0, 0],
			"to": [4, 13, 3],
			"faces": {
				"north": {"uv": [7.25, 8.75, 8, 12], "texture": "#0"},
				"east": {"uv": [8, 0.75, 8.75, 4], "texture": "#0"},
				"south": {"uv": [4, 8.75, 4.75, 12], "texture": "#0"},
				"west": {"uv": [8, 0.75, 8.75, 4], "texture": "#0"},
				"up": {"uv": [0, 0, 0.75, 0.75], "rotation": 270, "texture": "#0"},
				"down": {"uv": [0, 0, 0.75, 0.75], "rotation": 90, "texture": "#0"}
			}
		}
	],
	"groups": [
		{
			"name": "group",
			"origin": [0, 0, 0],
			"color": 0,
			"children": [0, 1, 2, 3]
		}
	]
}