{
	"credit": "Made with Blockbench",
	"parent": "minecraft:block/fence_post",
	"texture_size": [32, 32],
	"textures": {
		"1": "block/crimson_fence",
		"particle": "block/crimson_fence"
	},
	"elements": [
		{
			"from": [15, 0, 6.5],
			"to": [18, 16, 9.5],
			"rotation": {"angle": 0, "axis": "y", "origin": [8, 0, 0.5]},
			"faces": {
				"north": {"uv": [0, 0, 1.5, 8], "texture": "#1"},
				"east": {"uv": [0, 0, 1.5, 8], "texture": "#1"},
				"south": {"uv": [0, 0, 1.5, 8], "texture": "#1"},
				"west": {"uv": [0, 0, 1.5, 8], "texture": "#1"},
				"up": {"uv": [14, 0, 16, 2], "texture": "#1"},
				"down": {"uv": [14, 0, 16, 2], "texture": "#1"}
			}
		},
		{
			"from": [15.59375, 15.03125, 6.53125],
			"to": [17.75, 17.1875, 9.46875],
			"rotation": {"angle": -45, "axis": "z", "origin": [16.5, 16.28125, 8]},
			"faces": {
				"north": {"uv": [15.5, 2, 16, 2.5], "texture": "#1"},
				"east": {"uv": [15.5, 2, 16, 2.5], "texture": "#1"},
				"south": {"uv": [15.5, 2, 16, 2.5], "texture": "#1"},
				"west": {"uv": [15.5, 2, 16, 2.5], "texture": "#1"},
				"up": {"uv": [15.5, 2, 16, 2.5], "texture": "#1"},
				"down": {"uv": [15.5, 2, 16, 2.5], "texture": "#1"}
			}
		},
		{
			"from": [15.03125, 15.03125, 7.09375],
			"to": [17.96875, 17.1875, 9.25],
			"rotation": {"angle": 45, "axis": "x", "origin": [16.5, 16.28125, 8]},
			"faces": {
				"north": {"uv": [15.54688, 2, 16, 2.45313], "texture": "#1"},
				"east": {"uv": [15.54688, 2, 16, 2.45313], "texture": "#1"},
				"south": {"uv": [15.54688, 2, 16, 2.45313], "texture": "#1"},
				"west": {"uv": [15.54688, 2, 16, 2.45313], "texture": "#1"},
				"up": {"uv": [15.54688, 2, 16, 2.45313], "texture": "#1"},
				"down": {"uv": [15.54688, 2, 16, 2.45313], "texture": "#1"}
			}
		},
		{
			"from": [-2, 0, 6.5],
			"to": [1, 16, 9.5],
			"rotation": {"angle": 0, "axis": "y", "origin": [-9, 0, 0.5]},
			"faces": {
				"north": {"uv": [0, 0, 1.5, 8], "texture": "#1"},
				"east": {"uv": [0, 0, 1.5, 8], "texture": "#1"},
				"south": {"uv": [0, 0, 1.5, 8], "texture": "#1"},
				"west": {"uv": [0, 0, 1.5, 8], "texture": "#1"},
				"up": {"uv": [14, 0, 16, 2], "texture": "#1"},
				"down": {"uv": [14, 0, 16, 2], "texture": "#missing"}
			}
		},
		{
			"from": [-1.40625, 15.03125, 6.53125],
			"to": [0.75, 17.1875, 9.46875],
			"rotation": {"angle": -45, "axis": "z", "origin": [-0.5, 16.28125, 8]},
			"faces": {
				"north": {"uv": [15.5, 2, 16, 2.5], "texture": "#1"},
				"east": {"uv": [15.5, 2, 16, 2.5], "texture": "#1"},
				"south": {"uv": [15.5, 2, 16, 2.5], "texture": "#1"},
				"west": {"uv": [15.5, 2, 16, 2.5], "texture": "#1"},
				"up": {"uv": [15.5, 2, 16, 2.5], "texture": "#1"},
				"down": {"uv": [15.5, 2, 16, 2.5], "texture": "#1"}
			}
		},
		{
			"from": [-1.96875, 15.03125, 7.09375],
			"to": [0.96875, 17.1875, 9.25],
			"rotation": {"angle": 45, "axis": "x", "origin": [-0.5, 16.28125, 8]},
			"faces": {
				"north": {"uv": [15.54688, 2, 16, 2.45313], "texture": "#1"},
				"east": {"uv": [15.54688, 2, 16, 2.45313], "texture": "#1"},
				"south": {"uv": [15.54688, 2, 16, 2.45313], "texture": "#1"},
				"west": {"uv": [15.54688, 2, 16, 2.45313], "texture": "#1"},
				"up": {"uv": [15.54688, 2, 16, 2.45313], "texture": "#1"},
				"down": {"uv": [15.54688, 2, 16, 2.45313], "texture": "#1"}
			}
		},
		{
			"from": [15.53125, 17.25, 15.46875],
			"to": [17.46875, 17.9375, 16.15625],
			"rotation": {"angle": -45, "axis": "x", "origin": [16.5, 17.78125, 16]},
			"faces": {
				"north": {"uv": [15.5, 2, 16, 2.5], "texture": "#1"},
				"east": {"uv": [15.5, 2, 16, 2.5], "texture": "#1"},
				"south": {"uv": [15.5, 2, 16, 2.5], "texture": "#1"},
				"west": {"uv": [15.5, 2, 16, 2.5], "texture": "#1"},
				"up": {"uv": [15.5, 2, 16, 2.5], "rotation": 270, "texture": "#1"},
				"down": {"uv": [15.5, 2, 16, 2.5], "rotation": 90, "texture": "#1"}
			}
		},
		{
			"from": [15.5, 1.5, 15.5],
			"to": [17.5, 17.5, 16.5],
			"rotation": {"angle": 0, "axis": "y", "origin": [9, 1.5, 17]},
			"faces": {
				"north": {"uv": [0, 0, 1.5, 8], "texture": "#1"},
				"east": {"uv": [1, 0, 1.5, 8], "texture": "#1"},
				"south": {"uv": [0, 0, 1.5, 8], "texture": "#1"},
				"west": {"uv": [0, 0, 0.5, 8], "texture": "#1"},
				"up": {"uv": [14, 0, 16, 2], "rotation": 270, "texture": "#1"},
				"down": {"uv": [14, 0, 16, 2], "rotation": 90, "texture": "#1"}
			}
		},
		{
			"from": [16.25, 3.5, 8.75],
			"to": [16.75, 5.5, 16.25],
			"rotation": {"angle": -22.5, "axis": "x", "origin": [16.5, 4.5, 12.5]},
			"faces": {
				"east": {"uv": [0.75, 8, 4, 9], "texture": "#1"},
				"west": {"uv": [4, 8, 7.25, 9], "texture": "#1"},
				"up": {"uv": [15.75, 0, 16, 1], "texture": "#1"},
				"down": {"uv": [15.75, 0, 16, 1], "texture": "#1"}
			}
		},
		{
			"from": [16.25, 11.5, 8.75],
			"to": [16.75, 13.5, 16.25],
			"rotation": {"angle": -22.5, "axis": "x", "origin": [16.5, 12.5, 12.5]},
			"faces": {
				"east": {"uv": [0.75, 8, 4, 9], "texture": "#1"},
				"west": {"uv": [4, 8, 7.25, 9], "texture": "#1"},
				"up": {"uv": [15.75, 0, 16, 1], "texture": "#1"},
				"down": {"uv": [15.75, 0, 16, 1], "texture": "#1"}
			}
		},
		{
			"from": [16, 1.5, 13],
			"to": [17, 17.25, 15],
			"rotation": {"angle": 0, "axis": "y", "origin": [7, 1.25, 6]},
			"faces": {
				"north": {"uv": [4, 0, 4.5, 8], "texture": "#1"},
				"east": {"uv": [2, 0, 3, 8], "texture": "#1"},
				"south": {"uv": [4, 0, 4.5, 8], "texture": "#1"},
				"west": {"uv": [2, 0, 3, 8], "texture": "#1"},
				"up": {"uv": [14, 0, 16, 2], "texture": "#1"},
				"down": {"uv": [14, 0, 16, 2], "texture": "#1"}
			}
		},
		{
			"from": [16.03125, 16.65625, 13.59375],
			"to": [16.96875, 18.0625, 15],
			"rotation": {"angle": 45, "axis": "x", "origin": [16.5, 17.65625, 14]},
			"faces": {
				"north": {"uv": [15.29688, 0, 16, 0.70313], "texture": "#1"},
				"east": {"uv": [15.29688, 0, 16, 0.70313], "texture": "#1"},
				"south": {"uv": [15.29688, 0, 16, 0.70313], "texture": "#1"},
				"west": {"uv": [15.29688, 0, 16, 0.70313], "texture": "#1"},
				"up": {"uv": [15.29688, 0, 16, 0.70313], "texture": "#1"},
				"down": {"uv": [15.29688, 0, 16, 0.70313], "texture": "#1"}
			}
		},
		{
			"from": [16.03125, 15.40625, 10.84375],
			"to": [16.96875, 16.8125, 12.25],
			"rotation": {"angle": 45, "axis": "x", "origin": [16.5, 16.40625, 11.25]},
			"faces": {
				"north": {"uv": [15.29688, 0, 16, 0.70313], "texture": "#1"},
				"east": {"uv": [15.29688, 0, 16, 0.70313], "texture": "#1"},
				"south": {"uv": [15.29688, 0, 16, 0.70313], "texture": "#1"},
				"west": {"uv": [15.29688, 0, 16, 0.70313], "texture": "#1"},
				"up": {"uv": [15.29688, 0, 16, 0.70313], "texture": "#1"},
				"down": {"uv": [15.29688, 0, 16, 0.70313], "texture": "#1"}
			}
		},
		{
			"from": [16, 1.5, 10.25],
			"to": [17, 16, 12.25],
			"rotation": {"angle": 0, "axis": "y", "origin": [7, 0, 3.25]},
			"faces": {
				"north": {"uv": [4, 0, 4.5, 8], "texture": "#1"},
				"east": {"uv": [6, 0, 7, 8], "texture": "#1"},
				"south": {"uv": [4, 0, 4.5, 8], "texture": "#1"},
				"west": {"uv": [6, 0, 7, 8], "texture": "#1"},
				"up": {"uv": [14, 0, 16, 2], "texture": "#1"},
				"down": {"uv": [14, 0, 16, 2], "texture": "#1"}
			}
		},
		{
			"from": [-1.5, 1.5, 15.5],
			"to": [0.5, 17.5, 16.5],
			"rotation": {"angle": 0, "axis": "y", "origin": [-8, 1.5, 17]},
			"faces": {
				"north": {"uv": [0, 0, 1.5, 8], "texture": "#1"},
				"east": {"uv": [1, 0, 1.5, 8], "texture": "#1"},
				"south": {"uv": [0, 0, 1.5, 8], "texture": "#1"},
				"west": {"uv": [0, 0, 0.5, 8], "texture": "#1"},
				"up": {"uv": [14, 0, 16, 2], "rotation": 270, "texture": "#1"},
				"down": {"uv": [14, 0, 16, 2], "rotation": 90, "texture": "#1"}
			}
		},
		{
			"from": [-1.46875, 17.25, 15.46875],
			"to": [0.46875, 17.9375, 16.15625],
			"rotation": {"angle": -45, "axis": "x", "origin": [-0.5, 17.78125, 16]},
			"faces": {
				"north": {"uv": [15.5, 2, 16, 2.5], "texture": "#1"},
				"east": {"uv": [15.5, 2, 16, 2.5], "texture": "#1"},
				"south": {"uv": [15.5, 2, 16, 2.5], "texture": "#1"},
				"west": {"uv": [15.5, 2, 16, 2.5], "texture": "#1"},
				"up": {"uv": [15.5, 2, 16, 2.5], "rotation": 270, "texture": "#1"},
				"down": {"uv": [15.5, 2, 16, 2.5], "rotation": 90, "texture": "#1"}
			}
		},
		{
			"from": [-0.75, 3.5, 8.75],
			"to": [-0.25, 5.5, 16.25],
			"rotation": {"angle": -22.5, "axis": "x", "origin": [-0.5, 4.5, 12.5]},
			"faces": {
				"east": {"uv": [0.75, 8, 4, 9], "texture": "#1"},
				"west": {"uv": [4, 8, 7.25, 9], "texture": "#1"},
				"up": {"uv": [15.75, 0, 16, 1], "texture": "#1"},
				"down": {"uv": [15.75, 0, 16, 1], "texture": "#1"}
			}
		},
		{
			"from": [-0.75, 11.5, 8.75],
			"to": [-0.25, 13.5, 16.25],
			"rotation": {"angle": -22.5, "axis": "x", "origin": [-0.5, 12.5, 12.5]},
			"faces": {
				"east": {"uv": [0.75, 8, 4, 9], "texture": "#1"},
				"west": {"uv": [4, 8, 7.25, 9], "texture": "#1"},
				"up": {"uv": [15.75, 0, 16, 1], "texture": "#1"},
				"down": {"uv": [15.75, 0, 16, 1], "texture": "#1"}
			}
		},
		{
			"from": [-1, 1.5, 13],
			"to": [0, 17.25, 15],
			"rotation": {"angle": 0, "axis": "y", "origin": [-10, 1.25, 6]},
			"faces": {
				"north": {"uv": [4, 0, 4.5, 8], "texture": "#1"},
				"east": {"uv": [2, 0, 3, 8], "texture": "#1"},
				"south": {"uv": [4, 0, 4.5, 8], "texture": "#1"},
				"west": {"uv": [2, 0, 3, 8], "texture": "#1"},
				"up": {"uv": [14, 0, 16, 2], "texture": "#1"},
				"down": {"uv": [14, 0, 16, 2], "texture": "#1"}
			}
		},
		{
			"from": [-0.96875, 16.65625, 13.59375],
			"to": [-0.03125, 18.0625, 15],
			"rotation": {"angle": 45, "axis": "x", "origin": [-0.5, 17.65625, 14]},
			"faces": {
				"north": {"uv": [15.29688, 0, 16, 0.70313], "texture": "#1"},
				"east": {"uv": [15.29688, 0, 16, 0.70313], "texture": "#1"},
				"south": {"uv": [15.29688, 0, 16, 0.70313], "texture": "#1"},
				"west": {"uv": [15.29688, 0, 16, 0.70313], "texture": "#1"},
				"up": {"uv": [15.29688, 0, 16, 0.70313], "texture": "#1"},
				"down": {"uv": [15.29688, 0, 16, 0.70313], "texture": "#1"}
			}
		},
		{
			"from": [-0.96875, 15.40625, 10.84375],
			"to": [-0.03125, 16.8125, 12.25],
			"rotation": {"angle": 45, "axis": "x", "origin": [-0.5, 16.40625, 11.25]},
			"faces": {
				"north": {"uv": [15.29688, 0, 16, 0.70313], "texture": "#1"},
				"east": {"uv": [15.29688, 0, 16, 0.70313], "texture": "#1"},
				"south": {"uv": [15.29688, 0, 16, 0.70313], "texture": "#1"},
				"west": {"uv": [15.29688, 0, 16, 0.70313], "texture": "#1"},
				"up": {"uv": [15.29688, 0, 16, 0.70313], "texture": "#1"},
				"down": {"uv": [15.29688, 0, 16, 0.70313], "texture": "#1"}
			}
		},
		{
			"from": [-1, 1.5, 10.25],
			"to": [0, 16, 12.25],
			"rotation": {"angle": 0, "axis": "y", "origin": [-10, 0, 3.25]},
			"faces": {
				"north": {"uv": [4, 0, 4.5, 8], "texture": "#1"},
				"east": {"uv": [6, 0, 7, 8], "texture": "#1"},
				"south": {"uv": [4, 0, 4.5, 8], "texture": "#1"},
				"west": {"uv": [6, 0, 7, 8], "texture": "#1"},
				"up": {"uv": [14, 0, 16, 2], "texture": "#1"},
				"down": {"uv": [14, 0, 16, 2], "texture": "#1"}
			}
		}
	],
	"groups": [
		{
			"name": "group",
			"origin": [16, 16.28125, 8],
			"color": 0,
			"children": [0, 1, 2]
		},
		{
			"name": "group",
			"origin": [16, 16.28125, 8],
			"color": 0,
			"children": [3, 4, 5]
		},
		{
			"name": "group",
			"origin": [21.25, -1.5, -1.75],
			"color": 0,
			"children": [6, 7, 8, 9, 10, 11, 12, 13]
		},
		{
			"name": "group",
			"origin": [21.25, -1.5, -1.75],
			"color": 0,
			"children": [14, 15, 16, 17, 18, 19, 20, 21]
		}
	]
}