{
	"credit": "Made with Blockbench",
	"texture_size": [64, 64],
	"textures": {
		"0": "block/door",
		"particle": "block/door"
	},
	"elements": [
		{
			"from": [1, 0, 0],
			"to": [4, 3, 16],
			"rotation": {"angle": 0, "axis": "y", "origin": [0, 0, 16]},
			"faces": {
				"north": {"uv": [8.75, 7.25, 8, 8], "texture": "#0"},
				"east": {"uv": [8, 15.25, 4, 16], "texture": "#0"},
				"south": {"uv": [8.75, 7.25, 8, 8], "texture": "#0"},
				"west": {"uv": [8, 15.25, 4, 16], "texture": "#0"},
				"up": {"uv": [13, 4, 13.75, 0], "texture": "#0"},
				"down": {"uv": [13, 4, 13.75, 0], "texture": "#0"}
			}
		},
		{
			"from": [2, 3, 3],
			"to": [3, 16, 13],
			"rotation": {"angle": 0, "axis": "y", "origin": [0, 0, 16]},
			"faces": {
				"north": {"uv": [8.75, 7.25, 8, 8], "texture": "#0"},
				"east": {"uv": [7.25, 12, 4.75, 15.25], "texture": "#0"},
				"south": {"uv": [8.75, 7.25, 8, 8], "texture": "#0"},
				"west": {"uv": [7.25, 12, 4.75, 15.25], "texture": "#0"},
				"down": {"uv": [13, 4, 13.75, 0], "texture": "#0"}
			}
		},
		{
			"from": [1, 3, 0],
			"to": [4, 16, 3],
			"rotation": {"angle": 0, "axis": "y", "origin": [0, 0, 16]},
			"faces": {
				"north": {"uv": [8.75, 4, 8, 7.25], "texture": "#0"},
				"east": {"uv": [4.75, 12, 4, 15.25], "texture": "#0"},
				"south": {"uv": [8.75, 4, 8, 7.25], "texture": "#0"},
				"west": {"uv": [8, 12, 7.25, 15.25], "texture": "#0"},
				"up": {"uv": [0, 0.75, 0.75, 0], "texture": "#0"},
				"down": {"uv": [0, 0.75, 0.75, 0], "texture": "#0"}
			}
		},
		{
			"from": [0, 15, 1],
			"to": [1, 16, 4],
			"rotation": {"angle": 0, "axis": "y", "origin": [0, 0, 16]},
			"faces": {
				"north": {"uv": [15.25, 7.5, 15, 7.75], "texture": "#0"},
				"east": {"uv": [16, 7.5, 15.25, 7.75], "texture": "#0"},
				"south": {"uv": [15.25, 7.5, 15, 7.75], "texture": "#0"},
				"west": {"uv": [16, 7.5, 15.25, 7.75], "texture": "#0"},
				"up": {"uv": [16, 7.25, 15.25, 7.5], "rotation": 90, "texture": "#0"},
				"down": {"uv": [16, 7.75, 15.25, 8], "rotation": 90, "texture": "#0"}
			}
		},
		{
			"from": [4, 15, 1],
			"to": [5, 16, 4],
			"rotation": {"angle": 0, "axis": "y", "origin": [0, 0, 16]},
			"faces": {
				"north": {"uv": [15.25, 7.5, 15, 7.75], "texture": "#0"},
				"east": {"uv": [16, 7.5, 15.25, 7.75], "texture": "#0"},
				"south": {"uv": [15.25, 7.5, 15, 7.75], "texture": "#0"},
				"west": {"uv": [16, 7.5, 15.25, 7.75], "texture": "#0"},
				"up": {"uv": [16, 7.25, 15.25, 7.5], "rotation": 90, "texture": "#0"},
				"down": {"uv": [16, 7.75, 15.25, 8], "rotation": 90, "texture": "#0"}
			}
		},
		{
			"from": [1, 3, 13],
			"to": [4, 16, 16],
			"rotation": {"angle": 0, "axis": "y", "origin": [0, 0, 16]},
			"faces": {
				"north": {"uv": [8.75, 4, 8, 7.25], "texture": "#0"},
				"east": {"uv": [8, 12, 7.25, 15.25], "texture": "#0"},
				"south": {"uv": [8.75, 4, 8, 7.25], "texture": "#0"},
				"west": {"uv": [4.75, 12, 4, 15.25], "texture": "#0"},
				"up": {"uv": [0, 0.75, 0.75, 0], "texture": "#0"},
				"down": {"uv": [0, 0.75, 0.75, 0], "texture": "#0"}
			}
		}
	],
	"groups": [
		{
			"name": "group",
			"origin": [0, 0, 0],
			"color": 0,
			"children": [0, 1, 2, 3, 4, 5]
		}
	]
}