{
	"credit": "Made with Blockbench",
	"parent": "minecraft:block/fence_post",
	"texture_size": [32, 32],
	"textures": {
		"1": "block/crimson_fence",
		"particle": "block/crimson_fence"
	},
	"elements": [
		{
			"from": [6.5, 0, 6.5],
			"to": [9.5, 16, 9.5],
			"rotation": {"angle": 0, "axis": "y", "origin": [-0.5, 0, 0.5]},
			"faces": {
				"north": {"uv": [0, 0, 1.5, 8], "texture": "#1"},
				"east": {"uv": [0, 0, 1.5, 8], "texture": "#1"},
				"south": {"uv": [0, 0, 1.5, 8], "texture": "#1"},
				"west": {"uv": [0, 0, 1.5, 8], "texture": "#1"},
				"up": {"uv": [14, 0, 16, 2], "texture": "#1"},
				"down": {"uv": [14, 0, 16, 2], "texture": "#1"}
			}
		},
		{
			"from": [6.53125, 15.03125, 7.09375],
			"to": [9.46875, 17.1875, 9.25],
			"rotation": {"angle": 45, "axis": "x", "origin": [8, 16.28125, 8]},
			"faces": {
				"north": {"uv": [14.92188, 0, 16, 1.07813], "texture": "#1"},
				"east": {"uv": [14.92188, 0, 16, 1.07813], "texture": "#1"},
				"south": {"uv": [14.92188, 0, 16, 1.07813], "texture": "#1"},
				"west": {"uv": [14.92188, 0, 16, 1.07813], "texture": "#1"},
				"up": {"uv": [14.92188, 0, 16, 1.07813], "texture": "#1"},
				"down": {"uv": [14.92188, 0, 16, 1.07813], "texture": "#1"}
			}
		},
		{
			"from": [7.09375, 15.03125, 6.53125],
			"to": [9.25, 17.1875, 9.46875],
			"rotation": {"angle": -45, "axis": "z", "origin": [8, 16.28125, 8]},
			"faces": {
				"north": {"uv": [14, 0, 16, 2], "texture": "#1"},
				"east": {"uv": [14, 0, 16, 2], "texture": "#1"},
				"south": {"uv": [14, 0, 16, 2], "texture": "#1"},
				"west": {"uv": [14, 0, 16, 2], "texture": "#1"},
				"up": {"uv": [14, 0, 16, 2], "texture": "#1"},
				"down": {"uv": [14, 0, 16, 2], "texture": "#1"}
			}
		}
	]
}