{
	"credit": "Made with Blockbench",
	"parent": "minecraft:block/template_orientable_trapdoor_bottom",
	"texture_size": [64, 64],
	"textures": {
		"texture": "block/trapdoor"
	},
	"elements": [
		{
			"from": [0, 0, 0],
			"to": [16, 3, 3],
			"faces": {
				"north": {"uv": [0, 11.25, 4, 12], "texture": "#texture"},
				"east": {"uv": [9.75, 3.1875, 10.5, 3.9375], "rotation": 90, "texture": "#texture"},
				"south": {"uv": [0, 11.25, 4, 12], "texture": "#texture"},
				"west": {"uv": [9.75, 3.1875, 10.5, 3.9375], "rotation": 90, "texture": "#texture"},
				"up": {"uv": [0, 11.25, 4, 12], "texture": "#texture"},
				"down": {"uv": [0, 8, 4, 8.75], "texture": "#texture"}
			}
		},
		{
			"from": [0, 0, 3],
			"to": [3, 3, 13],
			"faces": {
				"north": {"uv": [0, 0, 3, 3], "texture": "#missing"},
				"east": {"uv": [9.75, 0.75, 10.5, 3.1875], "rotation": 90, "texture": "#texture"},
				"south": {"uv": [0, 0, 3, 3], "texture": "#missing"},
				"west": {"uv": [9.75, 0.75, 10.5, 3.1875], "rotation": 90, "texture": "#texture"},
				"up": {"uv": [3.25, 8.75, 4, 11.25], "texture": "#texture"},
				"down": {"uv": [3.25, 8.75, 4, 11.25], "texture": "#texture"}
			}
		},
		{
			"from": [13, 0, 3],
			"to": [16, 3, 13],
			"faces": {
				"north": {"uv": [0, 0, 3, 3], "texture": "#missing"},
				"east": {"uv": [9.75, 0.75, 10.5, 3.1875], "rotation": 90, "texture": "#texture"},
				"south": {"uv": [0, 0, 3, 3], "texture": "#missing"},
				"west": {"uv": [9.75, 0.75, 10.5, 3.1875], "rotation": 90, "texture": "#texture"},
				"up": {"uv": [0, 8.75, 0.75, 11.25], "texture": "#texture"},
				"down": {"uv": [0, 8.75, 0.75, 11.25], "texture": "#texture"}
			}
		},
		{
			"from": [0, 0, 13],
			"to": [16, 3, 16],
			"faces": {
				"north": {"uv": [0, 11.25, 4, 12], "texture": "#texture"},
				"east": {"uv": [9.75, 0, 10.5, 0.75], "rotation": 90, "texture": "#texture"},
				"south": {"uv": [0, 8, 4, 8.75], "texture": "#texture"},
				"west": {"uv": [9.75, 0, 10.5, 0.75], "rotation": 90, "texture": "#texture"},
				"up": {"uv": [0, 8, 4, 8.75], "texture": "#texture"},
				"down": {"uv": [0, 11.25, 4, 12], "texture": "#texture"}
			}
		},
		{
			"from": [3, 1, 3],
			"to": [13, 2, 13],
			"faces": {
				"north": {"uv": [0, 0, 10, 1], "texture": "#missing"},
				"east": {"uv": [0, 0, 10, 1], "texture": "#missing"},
				"south": {"uv": [0, 0, 10, 1], "texture": "#missing"},
				"west": {"uv": [0, 0, 10, 1], "texture": "#missing"},
				"up": {"uv": [0.75, 8.75, 3.25, 11.25], "texture": "#texture"},
				"down": {"uv": [0.75, 8.75, 3.25, 11.25], "rotation": 180, "texture": "#texture"}
			}
		}
	]
}