{
	"credit": "Made with Blockbench",
	"texture_size": [64, 64],
	"textures": {
		"0": "block/door",
		"particle": "block/door"
	},
	"elements": [
		{
			"from": [1, 0, 13],
			"to": [17, 3, 16],
			"rotation": {"angle": 0, "axis": "y", "origin": [0, 0, 16]},
			"faces": {
				"north": {"uv": [8, 15.25, 4, 16], "texture": "#0"},
				"east": {"uv": [8.75, 7.25, 8, 8], "texture": "#0"},
				"south": {"uv": [8, 15.25, 4, 16], "texture": "#0"},
				"west": {"uv": [8.75, 7.25, 8, 8], "texture": "#0"},
				"up": {"uv": [13.75, 0, 13, 4], "rotation": 270, "texture": "#0"},
				"down": {"uv": [13.75, 0, 13, 4], "rotation": 90, "texture": "#0"}
			}
		},
		{
			"from": [4, 3, 14],
			"to": [14, 16, 15],
			"rotation": {"angle": 0, "axis": "y", "origin": [0, 0, 16]},
			"faces": {
				"north": {"uv": [7.25, 12, 4.75, 15.25], "texture": "#0"},
				"east": {"uv": [8.75, 7.25, 8, 8], "texture": "#0"},
				"south": {"uv": [7.25, 12, 4.75, 15.25], "texture": "#0"},
				"west": {"uv": [8.75, 7.25, 8, 8], "texture": "#0"},
				"down": {"uv": [13.75, 0, 13, 4], "rotation": 90, "texture": "#0"}
			}
		},
		{
			"from": [14, 3, 13],
			"to": [17, 16, 16],
			"rotation": {"angle": 0, "axis": "y", "origin": [0, 0, 16]},
			"faces": {
				"north": {"uv": [8, 12, 7.25, 15.25], "texture": "#0"},
				"east": {"uv": [8.75, 4, 8, 7.25], "texture": "#0"},
				"south": {"uv": [4.75, 12, 4, 15.25], "texture": "#0"},
				"west": {"uv": [8.75, 4, 8, 7.25], "texture": "#0"},
				"up": {"uv": [0.75, 0, 0, 0.75], "rotation": 270, "texture": "#0"},
				"down": {"uv": [0.75, 0, 0, 0.75], "rotation": 90, "texture": "#0"}
			}
		},
		{
			"from": [13, 15, 12],
			"to": [16, 16, 13],
			"rotation": {"angle": 0, "axis": "y", "origin": [0, 0, 16]},
			"faces": {
				"north": {"uv": [16, 7.5, 15.25, 7.75], "texture": "#0"},
				"east": {"uv": [15.25, 7.5, 15, 7.75], "texture": "#0"},
				"south": {"uv": [16, 7.5, 15.25, 7.75], "texture": "#0"},
				"west": {"uv": [15.25, 7.5, 15, 7.75], "texture": "#0"},
				"up": {"uv": [15.25, 7.5, 16, 7.25], "texture": "#0"},
				"down": {"uv": [15.25, 8, 16, 7.75], "rotation": 180, "texture": "#0"}
			}
		},
		{
			"from": [13, 15, 16],
			"to": [16, 16, 17],
			"rotation": {"angle": 0, "axis": "y", "origin": [0, 0, 16]},
			"faces": {
				"north": {"uv": [16, 7.5, 15.25, 7.75], "texture": "#0"},
				"east": {"uv": [15.25, 7.5, 15, 7.75], "texture": "#0"},
				"south": {"uv": [16, 7.5, 15.25, 7.75], "texture": "#0"},
				"west": {"uv": [15.25, 7.5, 15, 7.75], "texture": "#0"},
				"up": {"uv": [15.25, 7.5, 16, 7.25], "texture": "#0"},
				"down": {"uv": [15.25, 8, 16, 7.75], "rotation": 180, "texture": "#0"}
			}
		},
		{
			"from": [1, 3, 13],
			"to": [4, 16, 16],
			"rotation": {"angle": 0, "axis": "y", "origin": [0, 0, 16]},
			"faces": {
				"north": {"uv": [4.75, 12, 4, 15.25], "texture": "#0"},
				"east": {"uv": [8.75, 4, 8, 7.25], "texture": "#0"},
				"south": {"uv": [8, 12, 7.25, 15.25], "texture": "#0"},
				"west": {"uv": [8.75, 4, 8, 7.25], "texture": "#0"},
				"up": {"uv": [0.75, 0, 0, 0.75], "rotation": 270, "texture": "#0"},
				"down": {"uv": [0.75, 0, 0, 0.75], "rotation": 90, "texture": "#0"}
			}
		}
	],
	"groups": [
		{
			"name": "group",
			"origin": [0, 0, 0],
			"color": 0,
			"children": [0, 1, 2, 3, 4, 5]
		}
	]
}