{
	"credit": "Made with Blockbench",
	"texture_size": [64, 64],
	"textures": {
		"0": "block/door",
		"particle": "block/door"
	},
	"elements": [
		{
			"from": [1, 0, 0],
			"to": [17, 3, 3],
			"faces": {
				"north": {"uv": [4, 15.25, 8, 16], "texture": "#0"},
				"east": {"uv": [8, 7.25, 8.75, 8], "texture": "#0"},
				"south": {"uv": [4, 15.25, 8, 16], "texture": "#0"},
				"west": {"uv": [8, 7.25, 8.75, 8], "texture": "#0"},
				"up": {"uv": [13, 0, 13.75, 4], "rotation": 270, "texture": "#0"},
				"down": {"uv": [13, 0, 13.75, 4], "rotation": 90, "texture": "#0"}
			}
		},
		{
			"from": [4, 3, 1],
			"to": [14, 16, 2],
			"faces": {
				"north": {"uv": [4.75, 12, 7.25, 15.25], "texture": "#0"},
				"east": {"uv": [8, 7.25, 8.75, 8], "texture": "#0"},
				"south": {"uv": [4.75, 12, 7.25, 15.25], "texture": "#0"},
				"west": {"uv": [8, 7.25, 8.75, 8], "texture": "#0"},
				"down": {"uv": [13, 0, 13.75, 4], "rotation": 90, "texture": "#0"}
			}
		},
		{
			"from": [14, 3, 0],
			"to": [17, 16, 3],
			"faces": {
				"north": {"uv": [4, 12, 4.75, 15.25], "texture": "#0"},
				"east": {"uv": [8, 4, 8.75, 7.25], "texture": "#0"},
				"south": {"uv": [7.25, 12, 8, 15.25], "texture": "#0"},
				"west": {"uv": [8, 4, 8.75, 7.25], "texture": "#0"},
				"up": {"uv": [0, 0, 0.75, 0.75], "rotation": 270, "texture": "#0"},
				"down": {"uv": [0, 0, 0.75, 0.75], "rotation": 90, "texture": "#0"}
			}
		},
		{
			"from": [13, 15, 3],
			"to": [16, 16, 4],
			"faces": {
				"north": {"uv": [15.25, 7.5, 16, 7.75], "texture": "#0"},
				"east": {"uv": [15, 7.5, 15.25, 7.75], "texture": "#0"},
				"south": {"uv": [15.25, 7.5, 16, 7.75], "texture": "#0"},
				"west": {"uv": [15, 7.5, 15.25, 7.75], "texture": "#0"},
				"up": {"uv": [15.25, 7.25, 16, 7.5], "texture": "#0"},
				"down": {"uv": [15.25, 7.75, 16, 8], "rotation": 180, "texture": "#0"}
			}
		},
		{
			"from": [13, 15, -1],
			"to": [16, 16, 0],
			"faces": {
				"north": {"uv": [15.25, 7.5, 16, 7.75], "texture": "#0"},
				"east": {"uv": [15, 7.5, 15.25, 7.75], "texture": "#0"},
				"south": {"uv": [15.25, 7.5, 16, 7.75], "texture": "#0"},
				"west": {"uv": [15, 7.5, 15.25, 7.75], "texture": "#0"},
				"up": {"uv": [15.25, 7.25, 16, 7.5], "texture": "#0"},
				"down": {"uv": [15.25, 7.75, 16, 8], "rotation": 180, "texture": "#0"}
			}
		},
		{
			"from": [1, 3, 0],
			"to": [4, 16, 3],
			"faces": {
				"north": {"uv": [7.25, 12, 8, 15.25], "texture": "#0"},
				"east": {"uv": [8, 4, 8.75, 7.25], "texture": "#0"},
				"south": {"uv": [4, 12, 4.75, 15.25], "texture": "#0"},
				"west": {"uv": [8, 4, 8.75, 7.25], "texture": "#0"},
				"up": {"uv": [0, 0, 0.75, 0.75], "rotation": 270, "texture": "#0"},
				"down": {"uv": [0, 0, 0.75, 0.75], "rotation": 90, "texture": "#0"}
			}
		}
	],
	"groups": [
		{
			"name": "group",
			"origin": [0, 0, 0],
			"color": 0,
			"children": [0, 1, 2, 3, 4, 5]
		}
	]
}