{
	"credit": "Made with Blockbench",
	"parent": "minecraft:block/tinted_cross",
	"ambientocclusion": false,
	"texture_size": [128, 128],
	"textures": {
		"1": "block/dandelion"
	},
	"elements": [
		{
			"from": [0.875, -1.75, 3],
			"to": [4.875, -1.75, 13],
			"rotation": {"angle": 22.5, "axis": "z", "origin": [-4.125, -1.75, 8]},
			"faces": {
				"up": {"uv": [7.5, 0, 12.5, 2], "rotation": 270, "texture": "#1"},
				"down": {"uv": [7.5, 0, 12.5, 2], "rotation": 270, "texture": "#1"}
			}
		},
		{
			"from": [3.5, -1.75, 3],
			"to": [7.5, -1.75, 13],
			"rotation": {"angle": -22.5, "axis": "z", "origin": [12.5, -1.75, 8]},
			"faces": {
				"up": {"uv": [2, 0, 4, 5], "texture": "#1"},
				"down": {"uv": [2, 0, 4, 5], "texture": "#1"}
			}
		},
		{
			"from": [8.5, -1.75, 3],
			"to": [12.5, -1.75, 13],
			"rotation": {"angle": 22.5, "axis": "z", "origin": [3.5, -1.75, 8]},
			"faces": {
				"up": {"uv": [7.5, 2, 12.5, 4], "rotation": 90, "texture": "#1"},
				"down": {"uv": [7.5, 2, 12.5, 4], "rotation": 90, "texture": "#1"}
			}
		},
		{
			"from": [11.125, -1.75, 3],
			"to": [15.125, -1.75, 13],
			"rotation": {"angle": -22.5, "axis": "z", "origin": [20.125, -1.75, 8]},
			"faces": {
				"up": {"uv": [5.5, 5, 7.5, 10], "texture": "#1"},
				"down": {"uv": [5.5, 5, 7.5, 10], "texture": "#1"}
			}
		},
		{
			"from": [3, -1.75, 3.5],
			"to": [13, -1.75, 7.5],
			"rotation": {"angle": 22.5, "axis": "x", "origin": [8, -1.75, 12.5]},
			"faces": {
				"up": {"uv": [2, 0, 4, 5], "rotation": 90, "texture": "#1"},
				"down": {"uv": [2, 0, 4, 5], "rotation": 270, "texture": "#1"}
			}
		},
		{
			"from": [3, -1.75, 0.875],
			"to": [13, -1.75, 4.875],
			"rotation": {"angle": -22.5, "axis": "x", "origin": [8, -1.75, -4.125]},
			"faces": {
				"up": {"uv": [5.5, 5, 7.5, 10], "rotation": 270, "texture": "#1"},
				"down": {"uv": [5.5, 5, 7.5, 10], "rotation": 90, "texture": "#1"}
			}
		},
		{
			"from": [3, -1.75, 11.125],
			"to": [13, -1.75, 15.125],
			"rotation": {"angle": 22.5, "axis": "x", "origin": [8, -1.75, 20.125]},
			"faces": {
				"up": {"uv": [5.5, 5, 7.5, 10], "rotation": 90, "texture": "#1"},
				"down": {"uv": [0, 0, 2, 5], "rotation": 90, "texture": "#1"}
			}
		},
		{
			"from": [3, -1.75, 8.5],
			"to": [13, -1.75, 12.5],
			"rotation": {"angle": -22.5, "axis": "x", "origin": [8, -1.75, 3.5]},
			"faces": {
				"up": {"uv": [2, 0, 4, 5], "rotation": 270, "texture": "#1"},
				"down": {"uv": [3.5, 5, 5.5, 10], "rotation": 270, "texture": "#1"}
			}
		},
		{
			"from": [8, 0.625, 6],
			"to": [8, 6.625, 10],
			"rotation": {"angle": 0, "axis": "y", "origin": [8, 3.625, 8]},
			"faces": {
				"east": {"uv": [1.875, 10.75, 4.125, 13.75], "texture": "#1"},
				"west": {"uv": [1.875, 10.75, 4.125, 13.75], "texture": "#1"}
			}
		},
		{
			"from": [6, 0.625, 8],
			"to": [10, 6.625, 8],
			"rotation": {"angle": 0, "axis": "y", "origin": [8, 3.625, 8]},
			"faces": {
				"north": {"uv": [1.875, 10.75, 4.125, 13.75], "texture": "#1"},
				"south": {"uv": [1.875, 10.75, 4.125, 13.75], "texture": "#1"}
			}
		},
		{
			"from": [5, 0.25, 1],
			"to": [11, 0.25, 7],
			"rotation": {"angle": -45, "axis": "y", "origin": [8, -0.875, 8]},
			"faces": {
				"up": {"uv": [12.625, 3, 15.375, 6], "texture": "#1"},
				"down": {"uv": [12.625, 10, 15.375, 13], "texture": "#1"}
			}
		},
		{
			"from": [1, 0.25, 5],
			"to": [7, 0.25, 11],
			"rotation": {"angle": -45, "axis": "y", "origin": [8, -0.875, 8]},
			"faces": {
				"up": {"uv": [12.625, 3, 15.375, 6], "rotation": 270, "texture": "#1"},
				"down": {"uv": [12.625, 10, 15.375, 13], "rotation": 90, "texture": "#1"}
			}
		},
		{
			"from": [5, 0.25, 9],
			"to": [11, 0.25, 15],
			"rotation": {"angle": -45, "axis": "y", "origin": [8, -0.875, 8]},
			"faces": {
				"up": {"uv": [12.625, 3, 15.375, 6], "rotation": 180, "texture": "#1"},
				"down": {"uv": [12.625, 10, 15.375, 13], "rotation": 180, "texture": "#1"}
			}
		},
		{
			"from": [9, 0.25, 5],
			"to": [15, 0.25, 11],
			"rotation": {"angle": -45, "axis": "y", "origin": [8, -0.875, 8]},
			"faces": {
				"up": {"uv": [12.625, 3, 15.375, 6], "rotation": 90, "texture": "#1"},
				"down": {"uv": [12.625, 10, 15.375, 13], "rotation": 270, "texture": "#1"}
			}
		},
		{
			"from": [7, 0.225, 7],
			"to": [9, 0.225, 9],
			"rotation": {"angle": 0, "axis": "y", "origin": [0, 0.125, 0]},
			"faces": {
				"north": {"uv": [0, 0, 0.25, 0], "texture": "#missing"},
				"east": {"uv": [0, 0, 0.25, 0], "texture": "#missing"},
				"south": {"uv": [0, 0, 0.25, 0], "texture": "#missing"},
				"west": {"uv": [0, 0, 0.25, 0], "texture": "#missing"},
				"up": {"uv": [4.875, 2.5, 5, 2.375], "texture": "#1"},
				"down": {"uv": [4.875, 2.5, 5, 2.375], "texture": "#1"}
			}
		}
	],
	"groups": [
		{
			"name": "group",
			"origin": [-8.625, 0, 8],
			"color": 0,
			"children": [0, 1]
		},
		{
			"name": "group",
			"origin": [-8.625, 0, 8],
			"color": 0,
			"children": [2, 3]
		},
		{
			"name": "group",
			"origin": [-8.625, 0, 8],
			"color": 0,
			"children": [4, 5]
		},
		{
			"name": "group",
			"origin": [-8.625, 0, 8],
			"color": 0,
			"children": [6, 7]
		},
		8,
		9,
		10,
		11,
		12,
		13,
		14
	]
}