{
	"credit": "Made with Blockbench",
	"parent": "minecraft:block/fence_post",
	"texture_size": [32, 32],
	"textures": {
		"1": "block/dark_oak_fence",
		"particle": "block/dark_oak_fence"
	},
	"elements": [
		{
			"from": [6.03125, 13, 0],
			"to": [9.96875, 15, 6],
			"rotation": {"angle": 0, "axis": "y", "origin": [0, 1, 0]},
			"faces": {
				"north": {"uv": [3, 9.5, 4.96875, 10.5], "texture": "#1"},
				"east": {"uv": [13, 2.5, 16, 3.5], "texture": "#1"},
				"west": {"uv": [8, 2.5, 11, 3.5], "texture": "#1"},
				"up": {"uv": [14, 4, 15.96875, 7], "texture": "#1"},
				"down": {"uv": [3, 0, 5, 3], "texture": "#1"}
			}
		},
		{
			"from": [7, 8, 0],
			"to": [9, 10, 6],
			"rotation": {"angle": 0, "axis": "y", "origin": [0, -4, 0]},
			"faces": {
				"north": {"uv": [12, 4.125, 13, 5.125], "texture": "#1"},
				"east": {"uv": [5, 10.875, 8, 11.875], "texture": "#1"},
				"west": {"uv": [0, 10.875, 3, 11.875], "texture": "#1"},
				"up": {"uv": [13, 4.125, 13.96875, 7.125], "texture": "#1"},
				"down": {"uv": [11, 4, 11.96875, 7], "texture": "#1"}
			}
		},
		{
			"from": [6.03125, 0, 0],
			"to": [9.96875, 2, 6],
			"rotation": {"angle": 0, "axis": "y", "origin": [0, 1, 0]},
			"faces": {
				"north": {"uv": [3, 9.5, 4.96875, 10.5], "texture": "#1"},
				"east": {"uv": [13, 2.5, 16, 3.5], "texture": "#1"},
				"west": {"uv": [8, 2.5, 11, 3.5], "texture": "#1"},
				"up": {"uv": [14, 4, 15.96875, 7], "texture": "#1"},
				"down": {"uv": [3, 0, 5, 3], "texture": "#1"}
			}
		},
		{
			"from": [7, -1, 0],
			"to": [9, 0, 6],
			"rotation": {"angle": 0, "axis": "y", "origin": [7, -1, 0]},
			"faces": {
				"north": {"uv": [6.5, 10, 7.5, 10.5], "texture": "#1"},
				"east": {"uv": [5, 8, 8, 8.5], "texture": "#1"},
				"west": {"uv": [0, 8, 3, 8.5], "texture": "#1"},
				"down": {"uv": [13, 4, 14, 7], "texture": "#1"}
			}
		},
		{
			"from": [7.03125, -0.84375, 0.84375],
			"to": [8.96875, 0.15625, 6.84375],
			"rotation": {"angle": 22.5, "axis": "x", "origin": [8, -0.34375, 3.84375]},
			"faces": {
				"north": {"uv": [6.5, 10, 7.5, 10.5], "texture": "#1"},
				"east": {"uv": [5, 9.125, 8, 9.625], "texture": "#1"},
				"west": {"uv": [0, 9.125, 3, 9.625], "texture": "#1"},
				"down": {"uv": [13, 4, 14, 7], "texture": "#1"}
			}
		},
		{
			"from": [7, 2, 1.25],
			"to": [9, 8, 3.25],
			"rotation": {"angle": 0, "axis": "y", "origin": [8, 0, 1.25]},
			"faces": {
				"north": {"uv": [15, 8, 16, 11], "texture": "#1"},
				"east": {"uv": [15, 8, 16, 11], "texture": "#1"},
				"south": {"uv": [15, 8, 16, 11], "texture": "#1"},
				"west": {"uv": [15, 8, 16, 11], "texture": "#1"},
				"up": {"uv": [0, 0, 1, 1], "texture": "#missing"},
				"down": {"uv": [0, 0, 1, 1], "texture": "#missing"}
			}
		}
	]
}