{
	"credit": "Made with Blockbench",
	"texture_size": [64, 64],
	"textures": {
		"0": "block/door",
		"particle": "block/door"
	},
	"elements": [
		{
			"from": [1.5, 14, -14],
			"to": [3.5, 16, 0],
			"faces": {
				"north": {"uv": [9.5, 0, 10, 0.5], "texture": "#0"},
				"east": {"uv": [0.5, 0, 4, 0.5], "texture": "#0"},
				"south": {"uv": [9.5, 0, 10, 0.5], "texture": "#0"},
				"west": {"uv": [0, 0, 3.5, 0.5], "texture": "#0"},
				"up": {"uv": [13, 4, 13.5, 7.5], "texture": "#0"},
				"down": {"uv": [13, 4, 13.5, 8], "texture": "#0"}
			}
		},
		{
			"from": [1.5, 0, -14],
			"to": [3.5, 14, -12],
			"faces": {
				"north": {"uv": [9.5, 0.5, 10, 4], "texture": "#0"},
				"east": {"uv": [3.5, 0.5, 4, 4], "texture": "#0"},
				"south": {"uv": [9.5, 0.5, 10, 4], "texture": "#0"},
				"west": {"uv": [0, 0.5, 0.5, 4], "texture": "#0"},
				"up": {"uv": [12, 4, 13, 8], "texture": "#0"},
				"down": {"uv": [12, 4, 13, 8], "texture": "#0"}
			}
		},
		{
			"from": [2.25, 0, -12],
			"to": [2.75, 14, 0],
			"faces": {
				"north": {"uv": [5.1875, 9.5625, 6.1875, 13.5625], "texture": "#0"},
				"east": {"uv": [0.5, 0.5, 3.5, 4], "texture": "#0"},
				"south": {"uv": [5.1875, 9.5625, 6.1875, 13.5625], "texture": "#0"},
				"west": {"uv": [0.5, 0.5, 3.5, 4], "texture": "#0"},
				"up": {"uv": [5.1875, 9.5625, 6.1875, 13.5625], "texture": "#0"},
				"down": {"uv": [5.1875, 9.5625, 6.1875, 13.5625], "texture": "#0"}
			}
		},
		{
			"from": [2, 0, -4],
			"to": [3, 14, -3.5],
			"faces": {
				"north": {"uv": [15.25, 4, 15.4375, 6.875], "texture": "#0"},
				"east": {"uv": [1.375, 0.5, 1.5, 4], "texture": "#0"},
				"south": {"uv": [15.25, 4, 15.4375, 6.875], "texture": "#0"},
				"west": {"uv": [1.375, 0.5, 1.5, 4], "texture": "#0"},
				"up": {"uv": [12, 4, 13, 8], "texture": "#0"},
				"down": {"uv": [12, 4, 13, 8], "texture": "#0"}
			}
		},
		{
			"from": [2, 11.25, -12],
			"to": [3, 11.75, 0],
			"faces": {
				"north": {"uv": [0.125, 0.5, 0.375, 4], "texture": "#0"},
				"east": {"uv": [0.5, 1.0625, 3.5, 1.1875], "texture": "#0"},
				"south": {"uv": [0.125, 0.5, 0.375, 4], "texture": "#0"},
				"west": {"uv": [0.5, 1.0625, 3.5, 1.1875], "texture": "#0"},
				"up": {"uv": [15.75, 4, 16, 7], "texture": "#0"},
				"down": {"uv": [15.5, 4, 15.75, 7], "texture": "#0"}
			}
		},
		{
			"from": [2, 8.25, -12],
			"to": [3, 8.75, 0],
			"faces": {
				"north": {"uv": [0.125, 0.5, 0.375, 4], "texture": "#0"},
				"east": {"uv": [0.5, 1.0625, 3.5, 1.1875], "texture": "#0"},
				"south": {"uv": [0.125, 0.5, 0.375, 4], "texture": "#0"},
				"west": {"uv": [0.5, 1.0625, 3.5, 1.1875], "texture": "#0"},
				"up": {"uv": [15.75, 4, 16, 7], "texture": "#0"},
				"down": {"uv": [15.5, 4, 15.75, 7], "texture": "#0"}
			}
		},
		{
			"from": [2, 5.25, -12],
			"to": [3, 5.75, 0],
			"faces": {
				"north": {"uv": [0.125, 0.5, 0.375, 4], "texture": "#0"},
				"east": {"uv": [0.5, 1.0625, 3.5, 1.1875], "texture": "#0"},
				"south": {"uv": [0.125, 0.5, 0.375, 4], "texture": "#0"},
				"west": {"uv": [0.5, 1.0625, 3.5, 1.1875], "texture": "#0"},
				"up": {"uv": [15.75, 4, 16, 7], "texture": "#0"},
				"down": {"uv": [15.5, 4, 15.75, 7], "texture": "#0"}
			}
		},
		{
			"from": [2, 2.25, -12],
			"to": [3, 2.75, 0],
			"faces": {
				"north": {"uv": [0.125, 0.5, 0.375, 4], "texture": "#0"},
				"east": {"uv": [0.5, 1.0625, 3.5, 1.1875], "texture": "#0"},
				"south": {"uv": [0.125, 0.5, 0.375, 4], "texture": "#0"},
				"west": {"uv": [0.5, 1.0625, 3.5, 1.1875], "texture": "#0"},
				"up": {"uv": [15.75, 4, 16, 7], "texture": "#0"},
				"down": {"uv": [15.5, 4, 15.75, 7], "texture": "#0"}
			}
		},
		{
			"from": [2, 0, -8.5],
			"to": [3, 14, -8],
			"faces": {
				"north": {"uv": [15.25, 4, 15.4375, 6.875], "texture": "#0"},
				"east": {"uv": [1.375, 0.5, 1.5, 4], "texture": "#0"},
				"south": {"uv": [15.25, 4, 15.4375, 6.875], "texture": "#0"},
				"west": {"uv": [1.375, 0.5, 1.5, 4], "texture": "#0"},
				"up": {"uv": [12, 4, 13, 8], "texture": "#0"},
				"down": {"uv": [12, 4, 13, 8], "texture": "#0"}
			}
		},
		{
			"from": [1.5, 0, 0],
			"to": [3.5, 16, 2],
			"faces": {
				"north": {"uv": [0, 0, 0.5, 4], "texture": "#0"},
				"east": {"uv": [0, 0, 0.5, 4], "texture": "#0"},
				"south": {"uv": [9.5, 0, 10, 4], "texture": "#0"},
				"west": {"uv": [3.5, 0, 4, 4], "texture": "#0"},
				"up": {"uv": [13, 7.5, 13.5, 8], "texture": "#0"},
				"down": {"uv": [12, 4, 13, 8], "texture": "#0"}
			}
		}
	],
	"groups": [
		{
			"name": "group",
			"origin": [0, 0, 0],
			"color": 0,
			"children": [0, 1, 2, 3, 4, 5, 6, 7, 8, 9]
		}
	]
}