{
	"credit": "Made with Blockbench",
	"texture_size": [64, 64],
	"textures": {
		"0": "block/trapdoor",
		"particle": "block/trapdoor"
	},
	"elements": [
		{
			"from": [0, 14, 14],
			"to": [16, 16, 16],
			"faces": {
				"north": {"uv": [0, 7.5, 4, 8], "rotation": 180, "texture": "#0"},
				"east": {"uv": [11, 3.5, 11.5, 4], "texture": "#0"},
				"south": {"uv": [0, 4, 4, 4.5], "texture": "#0"},
				"west": {"uv": [11, 0, 11.5, 0.5], "rotation": 180, "texture": "#0"},
				"up": {"uv": [0, 7.5, 4, 8], "rotation": 180, "texture": "#0"},
				"down": {"uv": [0, 4, 4, 4.5], "texture": "#0"}
			}
		},
		{
			"from": [2, 10.75, 14.5],
			"to": [14, 11.25, 15.5],
			"faces": {
				"north": {"uv": [0.5625, 5.3125, 3.5625, 5.1875], "rotation": 180, "texture": "#0"},
				"east": {"uv": [10.5, 3.5, 11, 4], "texture": "#0"},
				"south": {"uv": [0.5625, 5.3125, 3.5625, 5.1875], "rotation": 180, "texture": "#0"},
				"west": {"uv": [10.5, 0, 11, 0.5], "rotation": 180, "texture": "#0"},
				"up": {"uv": [10.5, 4, 10.75, 7], "rotation": 90, "texture": "#0"},
				"down": {"uv": [10.25, 4, 10.5, 7], "rotation": 90, "texture": "#0"}
			}
		},
		{
			"from": [2, 7.75, 14.5],
			"to": [14, 8.25, 15.5],
			"faces": {
				"north": {"uv": [0.5625, 5.3125, 3.5625, 5.1875], "rotation": 180, "texture": "#0"},
				"east": {"uv": [10.5, 3.5, 11, 4], "texture": "#0"},
				"south": {"uv": [0.5625, 5.3125, 3.5625, 5.1875], "rotation": 180, "texture": "#0"},
				"west": {"uv": [10.5, 0, 11, 0.5], "rotation": 180, "texture": "#0"},
				"up": {"uv": [10.5, 4, 10.75, 7], "rotation": 90, "texture": "#0"},
				"down": {"uv": [10.25, 4, 10.5, 7], "rotation": 90, "texture": "#0"}
			}
		},
		{
			"from": [2, 4.75, 14.5],
			"to": [14, 5.25, 15.5],
			"faces": {
				"north": {"uv": [0.5625, 5.3125, 3.5625, 5.1875], "rotation": 180, "texture": "#0"},
				"east": {"uv": [10.5, 3.5, 11, 4], "texture": "#0"},
				"south": {"uv": [0.5625, 5.3125, 3.5625, 5.1875], "rotation": 180, "texture": "#0"},
				"west": {"uv": [10.5, 0, 11, 0.5], "rotation": 180, "texture": "#0"},
				"up": {"uv": [10.5, 4, 10.75, 7], "rotation": 90, "texture": "#0"},
				"down": {"uv": [10.25, 4, 10.5, 7], "rotation": 90, "texture": "#0"}
			}
		},
		{
			"from": [0, 0, 14],
			"to": [16, 2, 16],
			"faces": {
				"north": {"uv": [0, 4, 4, 4.5], "rotation": 180, "texture": "#0"},
				"east": {"uv": [11, 0, 11.5, 0.5], "texture": "#0"},
				"south": {"uv": [0, 7.5, 4, 8], "texture": "#0"},
				"west": {"uv": [11, 3.5, 11.5, 4], "rotation": 180, "texture": "#0"},
				"up": {"uv": [0, 4, 4, 4.5], "rotation": 180, "texture": "#0"},
				"down": {"uv": [0, 7.5, 4, 8], "texture": "#0"}
			}
		},
		{
			"from": [0, 2, 14],
			"to": [2, 14, 16],
			"faces": {
				"north": {"uv": [0, 4.5, 0.5, 7.5], "rotation": 180, "texture": "#0"},
				"east": {"uv": [11, 0.5, 11.5, 3.5], "texture": "#0"},
				"south": {"uv": [0, 4.5, 0.5, 7.5], "texture": "#0"},
				"west": {"uv": [11, 0.5, 11.5, 3.5], "rotation": 180, "texture": "#0"},
				"up": {"uv": [0, 0, 0.5, 0.5], "rotation": 180, "texture": "#missing"},
				"down": {"uv": [0, 0, 0.5, 0.5], "texture": "#missing"}
			}
		},
		{
			"from": [14, 2, 14],
			"to": [16, 14, 16],
			"faces": {
				"north": {"uv": [3.5, 4.5, 4, 7.5], "rotation": 180, "texture": "#0"},
				"east": {"uv": [11, 0.5, 11.5, 3.5], "texture": "#0"},
				"south": {"uv": [3.5, 4.5, 4, 7.5], "texture": "#0"},
				"west": {"uv": [11, 0.5, 11.5, 3.5], "rotation": 180, "texture": "#0"},
				"up": {"uv": [0, 0, 0.5, 0.5], "rotation": 180, "texture": "#missing"},
				"down": {"uv": [0, 0, 0.5, 0.5], "texture": "#missing"}
			}
		},
		{
			"from": [5.5, 2, 14.5],
			"to": [6, 14, 15.5],
			"faces": {
				"north": {"uv": [1.375, 4.5, 1.5, 7.5], "texture": "#0"},
				"east": {"uv": [10, 4, 10.25, 7], "rotation": 180, "texture": "#0"},
				"south": {"uv": [1.375, 4.5, 1.5, 7.5], "texture": "#0"},
				"west": {"uv": [10, 4, 10.25, 7], "rotation": 180, "texture": "#0"},
				"up": {"uv": [0, 0, 0.5, 0.5], "rotation": 180, "texture": "#missing"},
				"down": {"uv": [0, 0, 0.5, 0.5], "texture": "#missing"}
			}
		},
		{
			"from": [10, 2, 14.5],
			"to": [10.5, 14, 15.5],
			"faces": {
				"north": {"uv": [1.375, 4.5, 1.5, 7.5], "texture": "#0"},
				"east": {"uv": [10, 4, 10.25, 7], "rotation": 180, "texture": "#0"},
				"south": {"uv": [1.375, 4.5, 1.5, 7.5], "texture": "#0"},
				"west": {"uv": [10, 4, 10.25, 7], "rotation": 180, "texture": "#0"},
				"up": {"uv": [0, 0, 0.5, 0.5], "rotation": 180, "texture": "#missing"},
				"down": {"uv": [0, 0, 0.5, 0.5], "texture": "#missing"}
			}
		},
		{
			"from": [2, 2, 15],
			"to": [14, 14, 15],
			"faces": {
				"north": {"uv": [0.5, 4.5, 3.5, 7.5], "texture": "#0"},
				"east": {"uv": [0, 0, 4, 0.25], "rotation": 270, "texture": "#missing"},
				"south": {"uv": [0.5, 4.5, 3.5, 7.5], "texture": "#0"},
				"west": {"uv": [0, 0, 4, 0.25], "rotation": 90, "texture": "#missing"},
				"up": {"uv": [0, 0, 4, 0.25], "rotation": 180, "texture": "#missing"},
				"down": {"uv": [0, 0, 4, 0.25], "texture": "#missing"}
			}
		}
	]
}