{
	"credit": "Made with Blockbench",
	"parent": "minecraft:block/fence_post",
	"texture_size": [32, 32],
	"textures": {
		"1": "block/dark_oak_fence",
		"particle": "block/dark_oak_fence"
	},
	"elements": [
		{
			"from": [-2, 0, 6],
			"to": [2, 14.03125, 10],
			"faces": {
				"north": {"uv": [3, 1, 5, 8], "texture": "#1"},
				"east": {"uv": [3, 1, 5, 8], "texture": "#1"},
				"south": {"uv": [3, 1, 5, 8], "texture": "#1"},
				"west": {"uv": [3, 1, 5, 8], "texture": "#1"},
				"up": {"uv": [14, 0, 16, 2], "texture": "#1"},
				"down": {"uv": [14, 0, 16, 2], "texture": "#1"}
			}
		},
		{
			"from": [14, 0, 6],
			"to": [18, 14.03125, 10],
			"faces": {
				"north": {"uv": [3, 1, 5, 8], "texture": "#1"},
				"east": {"uv": [3, 1, 5, 8], "texture": "#1"},
				"south": {"uv": [3, 1, 5, 8], "texture": "#1"},
				"west": {"uv": [3, 1, 5, 8], "texture": "#1"},
				"up": {"uv": [14, 0, 16, 2], "texture": "#1"},
				"down": {"uv": [14, 0, 16, 2], "texture": "#1"}
			}
		},
		{
			"from": [7, 0, 6],
			"to": [8, 13, 10],
			"faces": {
				"north": {"uv": [4.5, 0, 5, 6.5], "texture": "#1"},
				"east": {"uv": [10, 8, 12, 15], "texture": "#1"},
				"south": {"uv": [3, 0, 3.5, 6.5], "texture": "#1"},
				"west": {"uv": [3, 0, 5, 8], "texture": "#1"},
				"up": {"uv": [14, 0, 14.5, 2], "texture": "#1"},
				"down": {"uv": [14, 0, 14.5, 2], "texture": "#1"}
			}
		},
		{
			"from": [3.75, 2.5, 7],
			"to": [5.75, 7.5, 9],
			"rotation": {"angle": 0, "axis": "y", "origin": [-1.25, 0, 8]},
			"faces": {
				"north": {"uv": [15, 8.5, 16, 11], "texture": "#1"},
				"east": {"uv": [15, 8.5, 16, 11], "texture": "#1"},
				"south": {"uv": [15, 8.5, 16, 11], "texture": "#1"},
				"west": {"uv": [15, 8.5, 16, 11], "texture": "#1"},
				"up": {"uv": [0, 0, 1, 1], "rotation": 90, "texture": "#missing"},
				"down": {"uv": [0, 0, 1, 1], "rotation": 270, "texture": "#missing"}
			}
		},
		{
			"from": [2, 0.5, 6.03125],
			"to": [7, 2.5, 9.96875],
			"rotation": {"angle": 0, "axis": "y", "origin": [0, 1, 0]},
			"faces": {
				"north": {"uv": [8.5, 2.5, 11, 3.5], "texture": "#1"},
				"east": {"uv": [3, 9.5, 4.96875, 10.5], "texture": "#1"},
				"south": {"uv": [13, 2.5, 15.5, 3.5], "texture": "#1"},
				"up": {"uv": [14, 4.5, 15.96875, 7], "rotation": 90, "texture": "#1"},
				"down": {"uv": [3, 0, 5, 2.5], "rotation": 270, "texture": "#1"}
			}
		},
		{
			"from": [2, 7.5, 7],
			"to": [7, 9.5, 9],
			"rotation": {"angle": 0, "axis": "y", "origin": [0, -4, 0]},
			"faces": {
				"north": {"uv": [0.5, 10.875, 3, 11.875], "texture": "#1"},
				"east": {"uv": [12, 4.125, 13, 5.125], "texture": "#1"},
				"south": {"uv": [5, 10.875, 7.5, 11.875], "texture": "#1"},
				"up": {"uv": [13, 4.625, 13.96875, 7.125], "rotation": 90, "texture": "#1"},
				"down": {"uv": [11, 4, 11.96875, 6.625], "rotation": 270, "texture": "#1"}
			}
		},
		{
			"from": [2, 10.5, 6.03125],
			"to": [7, 12.5, 9.96875],
			"rotation": {"angle": 0, "axis": "y", "origin": [0, 1, 0]},
			"faces": {
				"north": {"uv": [8.5, 2.5, 11, 3.5], "texture": "#1"},
				"east": {"uv": [3, 9.5, 4.96875, 10.5], "texture": "#1"},
				"south": {"uv": [13, 2.5, 15.5, 3.5], "texture": "#1"},
				"up": {"uv": [14, 4.5, 15.96875, 7.125], "rotation": 90, "texture": "#1"},
				"down": {"uv": [3, 0, 5, 2.5], "rotation": 270, "texture": "#1"}
			}
		},
		{
			"from": [8, 0, 6],
			"to": [9, 13, 10],
			"faces": {
				"north": {"uv": [3, 0, 3.5, 6.5], "texture": "#1"},
				"east": {"uv": [3, 0, 5, 8], "texture": "#1"},
				"south": {"uv": [4.5, 0, 5, 6.5], "texture": "#1"},
				"west": {"uv": [10, 8, 12, 15], "texture": "#1"},
				"up": {"uv": [14, 0, 14.5, 2], "rotation": 180, "texture": "#1"},
				"down": {"uv": [14, 0, 14.5, 2], "rotation": 180, "texture": "#1"}
			}
		},
		{
			"from": [10.25, 2.5, 7],
			"to": [12.25, 7.5, 9],
			"rotation": {"angle": 0, "axis": "y", "origin": [1.25, 0, -8]},
			"faces": {
				"north": {"uv": [15, 8.5, 16, 11], "texture": "#1"},
				"east": {"uv": [15, 8.5, 16, 11], "texture": "#1"},
				"south": {"uv": [15, 8.5, 16, 11], "texture": "#1"},
				"west": {"uv": [15, 8.5, 16, 11], "texture": "#1"},
				"up": {"uv": [0, 0, 1, 1], "rotation": 270, "texture": "#missing"},
				"down": {"uv": [0, 0, 1, 1], "rotation": 90, "texture": "#missing"}
			}
		},
		{
			"from": [9, 0.5, 6.03125],
			"to": [14, 2.5, 9.96875],
			"rotation": {"angle": 0, "axis": "y", "origin": [0, 1, 0]},
			"faces": {
				"north": {"uv": [13, 2.5, 15.5, 3.5], "texture": "#1"},
				"south": {"uv": [8.5, 2.5, 11, 3.5], "texture": "#1"},
				"west": {"uv": [3, 9.5, 4.96875, 10.5], "texture": "#1"},
				"up": {"uv": [14, 4.5, 15.96875, 7], "rotation": 270, "texture": "#1"},
				"down": {"uv": [3, 0, 5, 2.5], "rotation": 90, "texture": "#1"}
			}
		},
		{
			"from": [9, 7.5, 7],
			"to": [14, 9.5, 9],
			"rotation": {"angle": 0, "axis": "y", "origin": [0, -4, 0]},
			"faces": {
				"north": {"uv": [5, 10.875, 7.5, 11.875], "texture": "#1"},
				"south": {"uv": [0.5, 10.875, 3, 11.875], "texture": "#1"},
				"west": {"uv": [12, 4.125, 13, 5.125], "texture": "#1"},
				"up": {"uv": [13, 4.625, 13.96875, 7.125], "rotation": 270, "texture": "#1"},
				"down": {"uv": [11, 4, 11.96875, 6.625], "rotation": 90, "texture": "#1"}
			}
		},
		{
			"from": [9, 10.5, 6.03125],
			"to": [14, 12.5, 9.96875],
			"rotation": {"angle": 0, "axis": "y", "origin": [0, 1, 0]},
			"faces": {
				"north": {"uv": [13, 2.5, 15.5, 3.5], "texture": "#1"},
				"south": {"uv": [8.5, 2.5, 11, 3.5], "texture": "#1"},
				"west": {"uv": [3, 9.5, 4.96875, 10.5], "texture": "#1"},
				"up": {"uv": [14, 4.5, 15.96875, 7.125], "rotation": 270, "texture": "#1"},
				"down": {"uv": [3, 0, 5, 2.5], "rotation": 90, "texture": "#1"}
			}
		}
	],
	"groups": [
		0,
		1,
		{
			"name": "group",
			"origin": [8, 8, 8],
			"color": 0,
			"children": [2, 3, 4, 5, 6]
		},
		{
			"name": "group",
			"origin": [8, 8, 8],
			"color": 0,
			"children": [7, 8, 9, 10, 11]
		}
	]
}