{
	"credit": "Made with Blockbench",
	"parent": "minecraft:block/tinted_cross",
	"texture_size": [32, 32],
	"textures": {
		"1": "block/clover"
	},
	"elements": [
		{
			"from": [3, 3.875, 2],
			"to": [6, 3.875, 5],
			"faces": {
				"up": {"uv": [0, 8, 6, 14], "texture": "#1", "tintindex": 0},
				"down": {"uv": [0, 8, 6, 14], "texture": "#1", "tintindex": 0}
			}
		},
		{
			"from": [9, 3.625, 10.625],
			"to": [12, 3.625, 13.625],
			"faces": {
				"up": {"uv": [0, 8, 6, 14], "texture": "#1", "tintindex": 0},
				"down": {"uv": [0, 8, 6, 14], "texture": "#1", "tintindex": 0}
			}
		},
		{
			"from": [11.375, 2.5, 7.5],
			"to": [14.375, 2.5, 10.5],
			"faces": {
				"up": {"uv": [0, 8, 6, 14], "texture": "#1", "tintindex": 0},
				"down": {"uv": [0, 8, 6, 14], "texture": "#1", "tintindex": 0}
			}
		},
		{
			"from": [1, 2.125, 6],
			"to": [4, 2.125, 9],
			"faces": {
				"up": {"uv": [0, 8, 6, 14], "texture": "#1", "tintindex": 0},
				"down": {"uv": [0, 8, 6, 14], "texture": "#1", "tintindex": 0}
			}
		},
		{
			"from": [6, 4.375, 5],
			"to": [10, 4.375, 9],
			"faces": {
				"up": {"uv": [0, 0, 8, 8], "texture": "#1", "tintindex": 0},
				"down": {"uv": [0, 0, 8, 8], "texture": "#1", "tintindex": 0}
			}
		},
		{
			"from": [3, 3.125, 10],
			"to": [7, 3.125, 14],
			"faces": {
				"up": {"uv": [0, 0, 8, 8], "texture": "#1", "tintindex": 0},
				"down": {"uv": [0, 0, 8, 8], "texture": "#1", "tintindex": 0}
			}
		},
		{
			"from": [11, 3.125, 2],
			"to": [15, 3.125, 6],
			"faces": {
				"up": {"uv": [0, 0, 8, 8], "texture": "#1", "tintindex": 0},
				"down": {"uv": [0, 0, 8, 8], "texture": "#1", "tintindex": 0}
			}
		}
	]
}