{
	"credit": "Made with Blockbench",
	"ambientocclusion": false,
	"textures": {
		"particle": "block/flower_pot_cross",
		"flowerpot": "block/flower_pot_cross",
		"dirt": "block/dirt"
	},
	"elements": [
		{
			"from": [2, 1, 3],
			"to": [3, 6, 13],
			"faces": {
				"north": {"uv": [11, 0, 12, 5], "texture": "#flowerpot"},
				"east": {"uv": [0, 0, 10, 5], "texture": "#flowerpot"},
				"south": {"uv": [10, 0, 11, 5], "texture": "#flowerpot"},
				"west": {"uv": [0, 0, 10, 5], "texture": "#flowerpot"},
				"up": {"uv": [12, 0, 13, 5], "texture": "#flowerpot"},
				"down": {"uv": [10, 5, 11, 15], "texture": "#flowerpot"}
			}
		},
		{
			"from": [13, 1, 3],
			"to": [14, 6, 13],
			"faces": {
				"north": {"uv": [10, 0, 11, 5], "texture": "#flowerpot"},
				"east": {"uv": [0, 0, 10, 5], "texture": "#flowerpot"},
				"south": {"uv": [11, 0, 12, 5], "texture": "#flowerpot"},
				"west": {"uv": [0, 0, 10, 5], "texture": "#flowerpot"},
				"up": {"uv": [13, 0, 14, 5], "texture": "#flowerpot"},
				"down": {"uv": [10, 5, 11, 15], "texture": "#flowerpot"}
			}
		},
		{
			"from": [3, 1, 2],
			"to": [13, 6, 3],
			"faces": {
				"north": {"uv": [0, 0, 10, 5], "texture": "#flowerpot"},
				"east": {"uv": [11, 0, 12, 5], "texture": "#flowerpot"},
				"south": {"uv": [0, 0, 10, 5], "texture": "#flowerpot"},
				"west": {"uv": [10, 0, 11, 5], "texture": "#flowerpot"},
				"up": {"uv": [11, 5, 16, 6], "texture": "#flowerpot"},
				"down": {"uv": [0, 15, 10, 16], "texture": "#flowerpot"}
			}
		},
		{
			"from": [3, 1, 13],
			"to": [13, 6, 14],
			"faces": {
				"north": {"uv": [0, 0, 10, 5], "texture": "#flowerpot"},
				"east": {"uv": [10, 0, 11, 5], "texture": "#flowerpot"},
				"south": {"uv": [0, 0, 10, 5], "texture": "#flowerpot"},
				"west": {"uv": [10, 0, 11, 5], "texture": "#flowerpot"},
				"up": {"uv": [11, 6, 16, 7], "texture": "#flowerpot"},
				"down": {"uv": [0, 15, 10, 16], "texture": "#flowerpot"}
			}
		},
		{
			"from": [3, 0, 3],
			"to": [13, 5, 13],
			"faces": {
				"north": {"uv": [11, 11, 16, 16], "texture": "#flowerpot"},
				"east": {"uv": [11, 11, 16, 16], "texture": "#flowerpot"},
				"south": {"uv": [11, 11, 16, 16], "texture": "#flowerpot"},
				"west": {"uv": [11, 11, 16, 16], "texture": "#flowerpot"},
				"up": {"uv": [3, 3, 13, 13], "texture": "#dirt"},
				"down": {"uv": [0, 5, 10, 15], "texture": "#flowerpot"}
			}
		},
		{
			"from": [2.6, 4, 8],
			"to": [13.4, 16, 8],
			"rotation": {"angle": 45, "axis": "y", "origin": [8, 8, 8], "rescale": true},
			"faces": {
				"north": {"uv": [0, 0, 16, 16], "texture": "#plant"},
				"south": {"uv": [0, 0, 16, 16], "texture": "#plant"}
			}
		},
		{
			"from": [8, 4, 2.6],
			"to": [8, 16, 13.4],
			"rotation": {"angle": 45, "axis": "y", "origin": [8, 8, 8], "rescale": true},
			"faces": {
				"east": {"uv": [0, 0, 16, 16], "texture": "#plant"},
				"west": {"uv": [0, 0, 16, 16], "texture": "#plant"}
			}
		}
	]
}