{
	"credit": "Made with Blockbench",
	"texture_size": [64, 64],
	"textures": {
		"0": "block/door",
		"particle": "block/door"
	},
	"elements": [
		{
			"from": [1.5, 0, 16],
			"to": [3.5, 2, 30],
			"rotation": {"angle": 0, "axis": "y", "origin": [0, 0, 16]},
			"faces": {
				"north": {"uv": [14.25, 7.5, 13.75, 8], "texture": "#0"},
				"east": {"uv": [16, 15.5, 12.5, 16], "texture": "#0"},
				"south": {"uv": [14.25, 7.5, 13.75, 8], "texture": "#0"},
				"west": {"uv": [15.5, 15.5, 12, 16], "texture": "#0"},
				"up": {"uv": [15.5, 4, 16, 0], "texture": "#0"},
				"down": {"uv": [15.5, 4, 16, 0.5], "texture": "#0"}
			}
		},
		{
			"from": [1.5, 2, 28],
			"to": [3.5, 16, 30],
			"rotation": {"angle": 0, "axis": "y", "origin": [0, 0, 16]},
			"faces": {
				"north": {"uv": [14.25, 4, 13.75, 7.5], "texture": "#0"},
				"east": {"uv": [16, 12, 15.5, 15.5], "texture": "#0"},
				"south": {"uv": [14.25, 4, 13.75, 7.5], "texture": "#0"},
				"west": {"uv": [12.5, 12, 12, 15.5], "texture": "#0"},
				"up": {"uv": [12, 8, 13, 4], "texture": "#0"},
				"down": {"uv": [12, 8, 13, 4], "texture": "#0"}
			}
		},
		{
			"from": [1.5, 0, 14],
			"to": [3.5, 16, 16],
			"rotation": {"angle": 0, "axis": "y", "origin": [0, 0, 16]},
			"faces": {
				"north": {"uv": [14.25, 4, 13.75, 8], "texture": "#0"},
				"east": {"uv": [12.5, 12, 12, 16], "texture": "#0"},
				"south": {"uv": [14.25, 4, 13.75, 7.5], "texture": "#0"},
				"west": {"uv": [16, 12, 15.5, 16], "texture": "#0"},
				"up": {"uv": [12, 8, 13, 4], "texture": "#0"},
				"down": {"uv": [15.5, 0.5, 16, 0], "texture": "#0"}
			}
		},
		{
			"from": [2, 2, 16],
			"to": [3, 16, 28],
			"rotation": {"angle": 0, "axis": "y", "origin": [0, 0, 16]},
			"faces": {
				"north": {"uv": [12, 0.5, 11, 1.5], "texture": "#0"},
				"east": {"uv": [15.5, 12, 12.5, 15.5], "texture": "#0"},
				"south": {"uv": [12, 0.5, 11, 1.5], "texture": "#0"},
				"west": {"uv": [15.5, 12, 12.5, 15.5], "texture": "#0"}
			}
		}
	],
	"groups": [
		{
			"name": "group",
			"origin": [0, 0, 0],
			"color": 0,
			"children": [0, 1, 2, 3]
		}
	]
}