{
	"credit": "Made with Blockbench",
	"texture_size": [64, 64],
	"textures": {
		"0": "block/door",
		"particle": "block/door"
	},
	"elements": [
		{
			"from": [1.5, 0, 0],
			"to": [3.5, 2, 16],
			"faces": {
				"north": {"uv": [13.75, 7.5, 14.25, 8], "texture": "#0"},
				"east": {"uv": [12, 15.5, 16, 16], "texture": "#0"},
				"south": {"uv": [13.75, 7.5, 14.25, 8], "texture": "#0"},
				"west": {"uv": [12, 15.5, 16, 16], "texture": "#0"},
				"up": {"uv": [15.5, 0, 16, 4], "texture": "#0"},
				"down": {"uv": [15.5, 0, 16, 4], "texture": "#0"}
			}
		},
		{
			"from": [1.5, 2, 0],
			"to": [3.5, 16, 2],
			"faces": {
				"north": {"uv": [13.75, 4, 14.25, 7.5], "texture": "#0"},
				"east": {"uv": [15.5, 12, 16, 15.5], "texture": "#0"},
				"south": {"uv": [13.75, 4, 14.25, 7.5], "texture": "#0"},
				"west": {"uv": [12, 12, 12.5, 15.5], "texture": "#0"},
				"up": {"uv": [12, 4, 13, 8], "texture": "#0"},
				"down": {"uv": [12, 4, 13, 8], "texture": "#0"}
			}
		},
		{
			"from": [1.5, 2, 14],
			"to": [3.5, 16, 16],
			"faces": {
				"north": {"uv": [13.75, 4, 14.25, 7.5], "texture": "#0"},
				"east": {"uv": [12, 12, 12.5, 15.5], "texture": "#0"},
				"south": {"uv": [13.75, 4, 14.25, 7.5], "texture": "#0"},
				"west": {"uv": [15.5, 12, 16, 15.5], "texture": "#0"},
				"up": {"uv": [12, 4, 13, 8], "texture": "#0"},
				"down": {"uv": [12, 4, 13, 8], "texture": "#0"}
			}
		},
		{
			"from": [2, 2, 2],
			"to": [3, 16, 14],
			"faces": {
				"north": {"uv": [11, 0.5, 12, 1.5], "texture": "#0"},
				"east": {"uv": [12.5, 12, 15.5, 15.5], "texture": "#0"},
				"south": {"uv": [11, 0.5, 12, 1.5], "texture": "#0"},
				"west": {"uv": [12.5, 12, 15.5, 15.5], "texture": "#0"}
			}
		}
	],
	"groups": [
		{
			"name": "group",
			"origin": [0, 0, 0],
			"color": 0,
			"children": [0, 1, 2, 3]
		}
	]
}