{
	"credit": "Made with Blockbench",
	"texture_size": [64, 64],
	"textures": {
		"0": "block/trapdoor",
		"particle": "block/trapdoor"
	},
	"elements": [
		{
			"from": [0, 14, 0],
			"to": [16, 16, 2],
			"faces": {
				"north": {"uv": [0, 0, 4, 0.5], "texture": "#0"},
				"east": {"uv": [10.5, 3.5, 11, 4], "rotation": 90, "texture": "#0"},
				"south": {"uv": [0, 0, 4, 0.5], "texture": "#0"},
				"west": {"uv": [10.5, 0, 11, 0.5], "rotation": 90, "texture": "#0"},
				"up": {"uv": [0, 0, 4, 0.5], "texture": "#0"},
				"down": {"uv": [0, 3.5, 4, 4], "texture": "#0"}
			}
		},
		{
			"from": [2, 14.5, 4.75],
			"to": [14, 15.5, 5.25],
			"faces": {
				"north": {"uv": [11.25, 4, 11.5, 7], "rotation": 270, "texture": "#0"},
				"east": {"uv": [10.5, 3.5, 11, 4], "rotation": 90, "texture": "#0"},
				"south": {"uv": [11, 4, 11.25, 7], "rotation": 90, "texture": "#0"},
				"west": {"uv": [10.5, 0, 11, 0.5], "rotation": 90, "texture": "#0"},
				"up": {"uv": [0.5625, 1.3125, 3.5625, 1.1875], "rotation": 180, "texture": "#0"},
				"down": {"uv": [0.5625, 1.3125, 3.5625, 1.1875], "texture": "#0"}
			}
		},
		{
			"from": [2, 14.5, 7.75],
			"to": [14, 15.5, 8.25],
			"faces": {
				"north": {"uv": [11.25, 4, 11.5, 7], "rotation": 270, "texture": "#0"},
				"east": {"uv": [10.5, 3.5, 11, 4], "rotation": 90, "texture": "#0"},
				"south": {"uv": [11, 4, 11.25, 7], "rotation": 90, "texture": "#0"},
				"west": {"uv": [10.5, 0, 11, 0.5], "rotation": 90, "texture": "#0"},
				"up": {"uv": [0.5625, 1.3125, 3.5625, 1.1875], "rotation": 180, "texture": "#0"},
				"down": {"uv": [0.5625, 1.3125, 3.5625, 1.1875], "texture": "#0"}
			}
		},
		{
			"from": [2, 14.5, 10.75],
			"to": [14, 15.5, 11.25],
			"faces": {
				"north": {"uv": [11.25, 4, 11.5, 7], "rotation": 270, "texture": "#0"},
				"east": {"uv": [10.5, 3.5, 11, 4], "rotation": 90, "texture": "#0"},
				"south": {"uv": [11, 4, 11.25, 7], "rotation": 90, "texture": "#0"},
				"west": {"uv": [10.5, 0, 11, 0.5], "rotation": 90, "texture": "#0"},
				"up": {"uv": [0.5625, 1.3125, 3.5625, 1.1875], "rotation": 180, "texture": "#0"},
				"down": {"uv": [0.5625, 1.3125, 3.5625, 1.1875], "texture": "#0"}
			}
		},
		{
			"from": [0, 14, 14],
			"to": [16, 16, 16],
			"faces": {
				"north": {"uv": [0, 0, 4, 0.5], "texture": "#0"},
				"east": {"uv": [10.5, 0, 11, 0.5], "rotation": 90, "texture": "#0"},
				"south": {"uv": [0, 3.5, 4, 4], "texture": "#0"},
				"west": {"uv": [10.5, 3.5, 11, 4], "rotation": 90, "texture": "#0"},
				"up": {"uv": [0, 3.5, 4, 4], "texture": "#0"},
				"down": {"uv": [0, 0, 4, 0.5], "texture": "#0"}
			}
		},
		{
			"from": [0, 14, 2],
			"to": [2, 16, 14],
			"faces": {
				"north": {"uv": [0, 0, 0.5, 0.5], "texture": "#missing"},
				"east": {"uv": [10.5, 0.5, 11, 3.5], "rotation": 90, "texture": "#0"},
				"south": {"uv": [0, 0, 0.5, 0.5], "texture": "#missing"},
				"west": {"uv": [10.5, 0.5, 11, 3.5], "rotation": 90, "texture": "#0"},
				"up": {"uv": [0, 0.5, 0.5, 3.5], "texture": "#0"},
				"down": {"uv": [0, 0.5, 0.5, 3.5], "texture": "#0"}
			}
		},
		{
			"from": [14, 14, 2],
			"to": [16, 16, 14],
			"faces": {
				"north": {"uv": [0, 0, 0.5, 0.5], "texture": "#missing"},
				"east": {"uv": [10.5, 0.5, 11, 3.5], "rotation": 90, "texture": "#0"},
				"south": {"uv": [0, 0, 0.5, 0.5], "texture": "#missing"},
				"west": {"uv": [10.5, 0.5, 11, 3.5], "rotation": 90, "texture": "#0"},
				"up": {"uv": [3.5, 0.5, 4, 3.5], "texture": "#0"},
				"down": {"uv": [3.5, 0.5, 4, 3.5], "texture": "#0"}
			}
		},
		{
			"from": [10, 14.5, 2],
			"to": [10.5, 15.5, 14],
			"faces": {
				"north": {"uv": [0, 0, 0.5, 0.5], "texture": "#missing"},
				"east": {"uv": [10.75, 4, 11, 7], "rotation": 270, "texture": "#0"},
				"south": {"uv": [0, 0, 0.5, 0.5], "texture": "#missing"},
				"west": {"uv": [10.75, 4, 11, 7], "rotation": 90, "texture": "#0"},
				"up": {"uv": [2.5, 0.5, 2.625, 3.5], "texture": "#0"},
				"down": {"uv": [1.375, 0.5, 1.5, 3.5], "rotation": 180, "texture": "#0"}
			}
		},
		{
			"from": [5.5, 14.5, 2],
			"to": [6, 15.5, 14],
			"faces": {
				"north": {"uv": [0, 0, 0.5, 0.5], "texture": "#missing"},
				"east": {"uv": [10.75, 4, 11, 7], "rotation": 270, "texture": "#0"},
				"south": {"uv": [0, 0, 0.5, 0.5], "texture": "#missing"},
				"west": {"uv": [10.75, 4, 11, 7], "rotation": 90, "texture": "#0"},
				"up": {"uv": [1.375, 0.5, 1.5, 3.5], "texture": "#0"},
				"down": {"uv": [1.375, 0.5, 1.5, 3.5], "rotation": 180, "texture": "#0"}
			}
		},
		{
			"from": [0, 15, 0],
			"to": [16, 15, 16],
			"faces": {
				"north": {"uv": [0, 0, 4, 0.25], "texture": "#missing"},
				"east": {"uv": [0, 0, 4, 0.25], "texture": "#missing"},
				"south": {"uv": [0, 0, 4, 0.25], "texture": "#missing"},
				"west": {"uv": [0, 0, 4, 0.25], "texture": "#missing"},
				"up": {"uv": [0, 0, 4, 4], "texture": "#0"},
				"down": {"uv": [0, 0, 4, 4], "texture": "#0"}
			}
		}
	]
}