{
	"credit": "Made with Blockbench",
	"parent": "minecraft:block/fence_post",
	"texture_size": [32, 32],
	"textures": {
		"1": "block/jungle_fence",
		"particle": "block/jungle_fence"
	},
	"elements": [
		{
			"from": [15, -3, 5.96875],
			"to": [19, 13, 10.0625],
			"rotation": {"angle": 0, "axis": "y", "origin": [9, -3, 0]},
			"faces": {
				"north": {"uv": [11, 7, 13, 15], "texture": "#1"},
				"east": {"uv": [11, 7, 13, 15], "texture": "#1"},
				"south": {"uv": [11, 7, 13, 15], "texture": "#1"},
				"west": {"uv": [11, 7, 13, 15], "texture": "#1"},
				"up": {"uv": [14, 0, 16, 2], "texture": "#1"},
				"down": {"uv": [14, 0, 16, 2], "texture": "#1"}
			}
		},
		{
			"from": [-3, -3, 5.96875],
			"to": [1, 13, 10.0625],
			"rotation": {"angle": 0, "axis": "y", "origin": [-9, -3, 0]},
			"faces": {
				"north": {"uv": [11, 7, 13, 15], "texture": "#1"},
				"east": {"uv": [11, 7, 13, 15], "texture": "#1"},
				"south": {"uv": [11, 7, 13, 15], "texture": "#1"},
				"west": {"uv": [11, 7, 13, 15], "texture": "#1"},
				"up": {"uv": [14, 0, 16, 2], "texture": "#1"},
				"down": {"uv": [14, 0, 16, 2], "texture": "#1"}
			}
		},
		{
			"from": [4, -4, 6],
			"to": [8, 12, 10],
			"rotation": {"angle": 0, "axis": "y", "origin": [12, -4, 0]},
			"faces": {
				"north": {"uv": [13, 8, 15, 16], "texture": "#1"},
				"east": {"uv": [13, 8, 15, 16], "texture": "#1"},
				"south": {"uv": [13, 8, 15, 16], "texture": "#1"},
				"west": {"uv": [13, 8, 15, 16], "texture": "#1"},
				"up": {"uv": [14, 0, 16, 2], "texture": "#1"},
				"down": {"uv": [14, 0, 16, 2], "texture": "#1"}
			}
		},
		{
			"from": [0.5, -5, 7],
			"to": [4.5, 11, 11],
			"rotation": {"angle": 0, "axis": "y", "origin": [10.5, -5, 1]},
			"faces": {
				"north": {"uv": [9, 8, 11, 16], "texture": "#1"},
				"east": {"uv": [9, 8, 11, 16], "texture": "#1"},
				"south": {"uv": [9, 8, 11, 16], "texture": "#1"},
				"west": {"uv": [9, 8, 11, 16], "texture": "#1"},
				"up": {"uv": [14, 0, 16, 2], "texture": "#1"},
				"down": {"uv": [14, 0, 16, 2], "texture": "#1"}
			}
		},
		{
			"from": [8, -4, 8],
			"to": [12, 12, 12],
			"rotation": {"angle": 0, "axis": "y", "origin": [4, -4, 18]},
			"faces": {
				"north": {"uv": [13, 8, 15, 16], "texture": "#1"},
				"east": {"uv": [13, 8, 15, 16], "texture": "#1"},
				"south": {"uv": [13, 8, 15, 16], "texture": "#1"},
				"west": {"uv": [13, 8, 15, 16], "texture": "#1"},
				"up": {"uv": [14, 0, 16, 2], "rotation": 180, "texture": "#1"},
				"down": {"uv": [14, 0, 16, 2], "rotation": 180, "texture": "#1"}
			}
		},
		{
			"from": [11.5, -5, 7],
			"to": [15.5, 11, 11],
			"rotation": {"angle": 0, "axis": "y", "origin": [5.5, -5, 17]},
			"faces": {
				"north": {"uv": [9, 8, 11, 16], "texture": "#1"},
				"east": {"uv": [9, 8, 11, 16], "texture": "#1"},
				"south": {"uv": [9, 8, 11, 16], "texture": "#1"},
				"west": {"uv": [9, 8, 11, 16], "texture": "#1"},
				"up": {"uv": [14, 0, 16, 2], "rotation": 180, "texture": "#1"},
				"down": {"uv": [14, 0, 16, 2], "rotation": 180, "texture": "#1"}
			}
		}
	]
}