{
	"credit": "Made with Blockbench",
	"texture_size": [64, 64],
	"textures": {
		"0": "block/door2",
		"particle": "block/door2"
	},
	"elements": [
		{
			"from": [2, 15.25, -12],
			"to": [3, 15.75, 0],
			"faces": {
				"north": {"uv": [0.125, 0.5, 0.375, 4], "texture": "#0"},
				"east": {"uv": [0.5, 1.0625, 3.5, 1.1875], "texture": "#0"},
				"south": {"uv": [0.125, 0.5, 0.375, 4], "texture": "#0"},
				"west": {"uv": [0.5, 1.0625, 3.5, 1.1875], "texture": "#0"},
				"up": {"uv": [15.75, 4, 16, 7], "texture": "#0"},
				"down": {"uv": [15.5, 4, 15.75, 7], "texture": "#0"}
			}
		},
		{
			"from": [2, 12.25, -12],
			"to": [3, 12.75, 0],
			"faces": {
				"north": {"uv": [0.125, 0.5, 0.375, 4], "texture": "#0"},
				"east": {"uv": [0.5, 1.0625, 3.5, 1.1875], "texture": "#0"},
				"south": {"uv": [0.125, 0.5, 0.375, 4], "texture": "#0"},
				"west": {"uv": [0.5, 1.0625, 3.5, 1.1875], "texture": "#0"},
				"up": {"uv": [15.75, 4, 16, 7], "texture": "#0"},
				"down": {"uv": [15.5, 4, 15.75, 7], "texture": "#0"}
			}
		},
		{
			"from": [2, 10, -8.5],
			"to": [3, 16, -8],
			"faces": {
				"north": {"uv": [15.25, 4, 15.4375, 6.875], "texture": "#0"},
				"east": {"uv": [2.5, 4, 2.625, 5.5], "texture": "#0"},
				"south": {"uv": [15.25, 4, 15.4375, 6.875], "texture": "#0"},
				"west": {"uv": [1.375, 4, 1.5, 5.5], "texture": "#0"},
				"up": {"uv": [12, 4, 13, 8], "texture": "#0"},
				"down": {"uv": [12, 4, 13, 8], "texture": "#0"}
			}
		},
		{
			"from": [2, 10, -4],
			"to": [3, 16, -3.5],
			"faces": {
				"north": {"uv": [15.25, 4, 15.4375, 6.875], "texture": "#0"},
				"east": {"uv": [1.375, 4, 1.5, 5.5], "texture": "#0"},
				"south": {"uv": [15.25, 4, 15.4375, 6.875], "texture": "#0"},
				"west": {"uv": [2.5, 4, 2.625, 5.5], "texture": "#0"},
				"up": {"uv": [12, 4, 13, 8], "texture": "#0"},
				"down": {"uv": [12, 4, 13, 8], "texture": "#0"}
			}
		},
		{
			"from": [1.5, 0, -14],
			"to": [3.5, 2, 0],
			"faces": {
				"north": {"uv": [9.5, 7.5, 10, 8], "texture": "#0"},
				"east": {"uv": [0.5, 7.5, 4, 8], "texture": "#0"},
				"south": {"uv": [9.5, 7.5, 10, 8], "texture": "#0"},
				"west": {"uv": [0, 7.5, 3.5, 8], "texture": "#0"},
				"up": {"uv": [0, 6.25, 3.5, 6.75], "rotation": 90, "texture": "#0"},
				"down": {"uv": [13, 4.5, 13.5, 8], "texture": "#0"}
			}
		},
		{
			"from": [1.5, 2, -14],
			"to": [3.5, 16, -12],
			"faces": {
				"north": {"uv": [9.5, 4, 10, 7.5], "texture": "#0"},
				"east": {"uv": [3.5, 4, 4, 7.5], "texture": "#0"},
				"south": {"uv": [9.5, 4, 10, 7.5], "texture": "#0"},
				"west": {"uv": [0, 4, 0.5, 7.5], "texture": "#0"},
				"up": {"uv": [12, 4, 13, 8], "texture": "#0"},
				"down": {"uv": [12, 4, 13, 8], "texture": "#0"}
			}
		},
		{
			"from": [1.5, 0, 0],
			"to": [3.5, 16, 2],
			"faces": {
				"north": {"uv": [9.5, 4, 10, 7.9375], "texture": "#0"},
				"east": {"uv": [0, 4, 0.5, 8], "texture": "#0"},
				"south": {"uv": [9.5, 4, 10, 7.9375], "texture": "#0"},
				"west": {"uv": [3.5, 4, 4, 8], "texture": "#0"},
				"up": {"uv": [12, 4, 13, 8], "texture": "#0"},
				"down": {"uv": [13, 4, 13.5, 4.5], "texture": "#0"}
			}
		},
		{
			"from": [2.25, 2, -12],
			"to": [2.75, 16, 0],
			"faces": {
				"north": {"uv": [11, 0.5, 12, 1.5], "texture": "#0"},
				"east": {"uv": [0.5, 4, 3.5, 7.5], "texture": "#0"},
				"south": {"uv": [11, 0.5, 12, 1.5], "texture": "#0"},
				"west": {"uv": [0.5, 4, 3.5, 7.5], "texture": "#0"},
				"up": {"uv": [5.1875, 9.5625, 6.1875, 13.5625], "texture": "#0"},
				"down": {"uv": [5.1875, 9.5625, 6.1875, 13.5625], "texture": "#0"}
			}
		},
		{
			"from": [1.75, 8, -12],
			"to": [3.25, 10, 0],
			"faces": {
				"north": {"uv": [11, 0.5, 12, 1.5], "texture": "#0"},
				"east": {"uv": [0.5, 5.5, 3.5, 6], "texture": "#0"},
				"south": {"uv": [11, 0.5, 12, 1.5], "texture": "#0"},
				"west": {"uv": [0.5, 5.5, 3.5, 6], "texture": "#0"},
				"up": {"uv": [0.5, 5.5, 3.5, 6], "rotation": 90, "texture": "#0"},
				"down": {"uv": [0.5, 5.5, 3.5, 6], "texture": "#0"}
			}
		}
	],
	"groups": [
		{
			"name": "group",
			"origin": [0, 0, 0],
			"color": 0,
			"children": [0, 1, 2, 3, 4, 5, 6, 7, 8]
		}
	]
}