{
	"credit": "Made with Blockbench",
	"parent": "minecraft:block/fence_post",
	"texture_size": [32, 32],
	"textures": {
		"1": "block/jungle_fence",
		"particle": "block/jungle_fence"
	},
	"elements": [
		{
			"from": [6, 0, 6],
			"to": [10, 16, 10],
			"faces": {
				"north": {"uv": [3, 0, 5, 8], "texture": "#1"},
				"east": {"uv": [3, 0, 5, 8], "texture": "#1"},
				"south": {"uv": [3, 0, 5, 8], "texture": "#1"},
				"west": {"uv": [3, 0, 5, 8], "texture": "#1"},
				"up": {"uv": [14, 0, 16, 2], "texture": "#1"},
				"down": {"uv": [14, 0, 16, 2], "texture": "#1"}
			}
		}
	]
}