{
	"credit": "Made with Blockbench",
	"parent": "minecraft:block/fence_post",
	"texture_size": [32, 32],
	"textures": {
		"1": "block/jungle_fence",
		"particle": "block/jungle_fence"
	},
	"elements": [
		{
			"from": [7, -2, 2],
			"to": [11, 14, 6],
			"rotation": {"angle": 0, "axis": "y", "origin": [1, -2, -4]},
			"faces": {
				"north": {"uv": [5, 2, 7, 10], "texture": "#1"},
				"east": {"uv": [1, 2, 3, 10], "texture": "#1"},
				"south": {"uv": [5, 2, 7, 10], "texture": "#1"},
				"west": {"uv": [5, 2, 7, 10], "texture": "#1"},
				"up": {"uv": [14, 0, 16, 2], "texture": "#1"},
				"down": {"uv": [14, 0, 16, 2], "texture": "#1"}
			}
		},
		{
			"from": [6, -1, 0],
			"to": [10, 15, 2],
			"rotation": {"angle": 0, "axis": "y", "origin": [0, -1, -6]},
			"faces": {
				"east": {"uv": [7, 1, 8, 9], "texture": "#1"},
				"south": {"uv": [3, 0, 5, 8], "texture": "#1"},
				"west": {"uv": [0, 1, 1, 9], "texture": "#1"},
				"up": {"uv": [14, 1, 16, 2], "texture": "#1"},
				"down": {"uv": [14, 0, 16, 1], "texture": "#1"}
			}
		}
	]
}