{
	"credit": "Made with Blockbench",
	"parent": "minecraft:block/fence_post",
	"texture_size": [32, 32],
	"textures": {
		"1": "block/jungle_fence",
		"particle": "block/jungle_fence"
	},
	"elements": [
		{
			"from": [15, 0, 5.96875],
			"to": [19, 16, 10.0625],
			"rotation": {"angle": 0, "axis": "y", "origin": [9, 0, 0]},
			"faces": {
				"north": {"uv": [11, 7, 13, 15], "texture": "#1"},
				"east": {"uv": [11, 7, 13, 15], "texture": "#1"},
				"south": {"uv": [11, 7, 13, 15], "texture": "#1"},
				"west": {"uv": [11, 7, 13, 15], "texture": "#1"},
				"up": {"uv": [14, 0, 16, 2], "texture": "#1"},
				"down": {"uv": [14, 0, 16, 2], "texture": "#1"}
			}
		},
		{
			"from": [-3, 0, 5.96875],
			"to": [1, 16, 10.0625],
			"rotation": {"angle": 0, "axis": "y", "origin": [-9, 0, 0]},
			"faces": {
				"north": {"uv": [11, 7, 13, 15], "texture": "#1"},
				"east": {"uv": [11, 7, 13, 15], "texture": "#1"},
				"south": {"uv": [11, 7, 13, 15], "texture": "#1"},
				"west": {"uv": [11, 7, 13, 15], "texture": "#1"},
				"up": {"uv": [14, 0, 16, 2], "texture": "#1"},
				"down": {"uv": [14, 0, 16, 2], "texture": "#1"}
			}
		},
		{
			"from": [4, -1, 6],
			"to": [8, 15, 10],
			"rotation": {"angle": 0, "axis": "y", "origin": [12, -1, 0]},
			"faces": {
				"north": {"uv": [13, 8, 15, 16], "texture": "#1"},
				"east": {"uv": [13, 8, 15, 16], "texture": "#1"},
				"south": {"uv": [13, 8, 15, 16], "texture": "#1"},
				"west": {"uv": [13, 8, 15, 16], "texture": "#1"},
				"up": {"uv": [14, 0, 16, 2], "texture": "#1"},
				"down": {"uv": [14, 0, 16, 2], "texture": "#1"}
			}
		},
		{
			"from": [0.5, -2, 7],
			"to": [4.5, 14, 11],
			"rotation": {"angle": 0, "axis": "y", "origin": [10.5, -2, 1]},
			"faces": {
				"north": {"uv": [9, 8, 11, 16], "texture": "#1"},
				"east": {"uv": [9, 8, 11, 16], "texture": "#1"},
				"south": {"uv": [9, 8, 11, 16], "texture": "#1"},
				"west": {"uv": [9, 8, 11, 16], "texture": "#1"},
				"up": {"uv": [14, 0, 16, 2], "texture": "#1"},
				"down": {"uv": [14, 0, 16, 2], "texture": "#1"}
			}
		},
		{
			"from": [8, -1, 8],
			"to": [12, 15, 12],
			"rotation": {"angle": 0, "axis": "y", "origin": [4, -1, 18]},
			"faces": {
				"north": {"uv": [13, 8, 15, 16], "texture": "#1"},
				"east": {"uv": [13, 8, 15, 16], "texture": "#1"},
				"south": {"uv": [13, 8, 15, 16], "texture": "#1"},
				"west": {"uv": [13, 8, 15, 16], "texture": "#1"},
				"up": {"uv": [14, 0, 16, 2], "rotation": 180, "texture": "#1"},
				"down": {"uv": [14, 0, 16, 2], "rotation": 180, "texture": "#1"}
			}
		},
		{
			"from": [11.5, -2, 7],
			"to": [15.5, 14, 11],
			"rotation": {"angle": 0, "axis": "y", "origin": [5.5, -2, 17]},
			"faces": {
				"north": {"uv": [9, 8, 11, 16], "texture": "#1"},
				"east": {"uv": [9, 8, 11, 16], "texture": "#1"},
				"south": {"uv": [9, 8, 11, 16], "texture": "#1"},
				"west": {"uv": [9, 8, 11, 16], "texture": "#1"},
				"up": {"uv": [14, 0, 16, 2], "rotation": 180, "texture": "#1"},
				"down": {"uv": [14, 0, 16, 2], "rotation": 180, "texture": "#1"}
			}
		}
	]
}