{
	"credit": "Made with Blockbench",
	"texture_size": [64, 64],
	"textures": {
		"0": "block/door2",
		"particle": "block/door2"
	},
	"elements": [
		{
			"from": [1.5, 14, 2],
			"to": [3.5, 16, 16],
			"rotation": {"angle": 0, "axis": "y", "origin": [0, 0, 16]},
			"faces": {
				"north": {"uv": [10, 0, 9.5, 0.5], "texture": "#0"},
				"east": {"uv": [4, 0, 0.5, 0.5], "texture": "#0"},
				"south": {"uv": [10, 0, 9.5, 0.5], "texture": "#0"},
				"west": {"uv": [3.5, 0, 0, 0.5], "texture": "#0"},
				"up": {"uv": [13, 7.5, 13.5, 4], "texture": "#0"},
				"down": {"uv": [13, 8, 13.5, 4], "texture": "#0"}
			}
		},
		{
			"from": [1.5, 0, 14],
			"to": [3.5, 14, 16],
			"rotation": {"angle": 0, "axis": "y", "origin": [0, 0, 16]},
			"faces": {
				"north": {"uv": [10, 0.5, 9.5, 4], "texture": "#0"},
				"east": {"uv": [4, 0.5, 3.5, 4], "texture": "#0"},
				"south": {"uv": [10, 0.5, 9.5, 4], "texture": "#0"},
				"west": {"uv": [0.5, 0.5, 0, 4], "texture": "#0"},
				"up": {"uv": [12, 8, 13, 4], "texture": "#0"},
				"down": {"uv": [12, 8, 13, 4], "texture": "#0"}
			}
		},
		{
			"from": [2.25, 0, 2],
			"to": [2.75, 14, 14],
			"rotation": {"angle": 0, "axis": "y", "origin": [0, 0, 16]},
			"faces": {
				"north": {"uv": [6.1875, 9.5625, 5.1875, 13.5625], "texture": "#0"},
				"east": {"uv": [3.5, 0.5, 0.5, 4], "texture": "#0"},
				"south": {"uv": [6.1875, 9.5625, 5.1875, 13.5625], "texture": "#0"},
				"west": {"uv": [3.5, 0.5, 0.5, 4], "texture": "#0"},
				"up": {"uv": [5.1875, 13.5625, 6.1875, 9.5625], "texture": "#0"},
				"down": {"uv": [5.1875, 13.5625, 6.1875, 9.5625], "texture": "#0"}
			}
		},
		{
			"from": [2, 0, 5.5],
			"to": [3, 14, 6],
			"rotation": {"angle": 0, "axis": "y", "origin": [0, 0, 16]},
			"faces": {
				"north": {"uv": [15.4375, 4, 15.25, 6.875], "texture": "#0"},
				"east": {"uv": [1.5, 0.5, 1.375, 4], "texture": "#0"},
				"south": {"uv": [15.4375, 4, 15.25, 6.875], "texture": "#0"},
				"west": {"uv": [1.5, 0.5, 1.375, 4], "texture": "#0"},
				"up": {"uv": [12, 8, 13, 4], "texture": "#0"},
				"down": {"uv": [12, 8, 13, 4], "texture": "#0"}
			}
		},
		{
			"from": [2, 11.25, 2],
			"to": [3, 11.75, 14],
			"rotation": {"angle": 0, "axis": "y", "origin": [0, 0, 16]},
			"faces": {
				"north": {"uv": [0.375, 0.5, 0.125, 4], "texture": "#0"},
				"east": {"uv": [3.5, 1.0625, 0.5, 1.1875], "texture": "#0"},
				"south": {"uv": [0.375, 0.5, 0.125, 4], "texture": "#0"},
				"west": {"uv": [3.5, 1.0625, 0.5, 1.1875], "texture": "#0"},
				"up": {"uv": [15.75, 7, 16, 4], "texture": "#0"},
				"down": {"uv": [15.5, 7, 15.75, 4], "texture": "#0"}
			}
		},
		{
			"from": [2, 8.25, 2],
			"to": [3, 8.75, 14],
			"rotation": {"angle": 0, "axis": "y", "origin": [0, 0, 16]},
			"faces": {
				"north": {"uv": [0.375, 0.5, 0.125, 4], "texture": "#0"},
				"east": {"uv": [3.5, 1.0625, 0.5, 1.1875], "texture": "#0"},
				"south": {"uv": [0.375, 0.5, 0.125, 4], "texture": "#0"},
				"west": {"uv": [3.5, 1.0625, 0.5, 1.1875], "texture": "#0"},
				"up": {"uv": [15.75, 7, 16, 4], "texture": "#0"},
				"down": {"uv": [15.5, 7, 15.75, 4], "texture": "#0"}
			}
		},
		{
			"from": [2, 5.25, 2],
			"to": [3, 5.75, 14],
			"rotation": {"angle": 0, "axis": "y", "origin": [0, 0, 16]},
			"faces": {
				"north": {"uv": [0.375, 0.5, 0.125, 4], "texture": "#0"},
				"east": {"uv": [3.5, 1.0625, 0.5, 1.1875], "texture": "#0"},
				"south": {"uv": [0.375, 0.5, 0.125, 4], "texture": "#0"},
				"west": {"uv": [3.5, 1.0625, 0.5, 1.1875], "texture": "#0"},
				"up": {"uv": [15.75, 7, 16, 4], "texture": "#0"},
				"down": {"uv": [15.5, 7, 15.75, 4], "texture": "#0"}
			}
		},
		{
			"from": [2, 2.25, 2],
			"to": [3, 2.75, 14],
			"rotation": {"angle": 0, "axis": "y", "origin": [0, 0, 16]},
			"faces": {
				"north": {"uv": [0.375, 0.5, 0.125, 4], "texture": "#0"},
				"east": {"uv": [3.5, 1.0625, 0.5, 1.1875], "texture": "#0"},
				"south": {"uv": [0.375, 0.5, 0.125, 4], "texture": "#0"},
				"west": {"uv": [3.5, 1.0625, 0.5, 1.1875], "texture": "#0"},
				"up": {"uv": [15.75, 7, 16, 4], "texture": "#0"},
				"down": {"uv": [15.5, 7, 15.75, 4], "texture": "#0"}
			}
		},
		{
			"from": [2, 0, 10],
			"to": [3, 14, 10.5],
			"rotation": {"angle": 0, "axis": "y", "origin": [0, 0, 16]},
			"faces": {
				"north": {"uv": [15.4375, 4, 15.25, 6.875], "texture": "#0"},
				"east": {"uv": [1.5, 0.5, 1.375, 4], "texture": "#0"},
				"south": {"uv": [15.4375, 4, 15.25, 6.875], "texture": "#0"},
				"west": {"uv": [1.5, 0.5, 1.375, 4], "texture": "#0"},
				"up": {"uv": [12, 8, 13, 4], "texture": "#0"},
				"down": {"uv": [12, 8, 13, 4], "texture": "#0"}
			}
		},
		{
			"from": [1.5, 0, 0],
			"to": [3.5, 16, 2],
			"rotation": {"angle": 0, "axis": "y", "origin": [0, 0, 16]},
			"faces": {
				"north": {"uv": [10, 0, 9.5, 4], "texture": "#0"},
				"east": {"uv": [0.5, 0, 0, 4], "texture": "#0"},
				"south": {"uv": [0.5, 0, 0, 4], "texture": "#0"},
				"west": {"uv": [4, 0, 3.5, 4], "texture": "#0"},
				"up": {"uv": [13, 8, 13.5, 7.5], "texture": "#0"},
				"down": {"uv": [12, 8, 13, 4], "texture": "#0"}
			}
		}
	],
	"groups": [
		{
			"name": "group",
			"origin": [0, 0, 0],
			"color": 0,
			"children": [0, 1, 2, 3, 4, 5, 6, 7, 8, 9]
		}
	]
}