{
	"credit": "Made with Blockbench",
	"parent": "minecraft:block/fence_post",
	"texture_size": [32, 32],
	"textures": {
		"1": "block/jungle_fence",
		"particle": "block/jungle_fence"
	},
	"elements": [
		{
			"from": [15, -3, 5.96875],
			"to": [19, 13, 10.0625],
			"rotation": {"angle": 0, "axis": "y", "origin": [9, -3, 0]},
			"faces": {
				"north": {"uv": [11, 7, 13, 15], "texture": "#1"},
				"east": {"uv": [11, 7, 13, 15], "texture": "#1"},
				"south": {"uv": [11, 7, 13, 15], "texture": "#1"},
				"west": {"uv": [11, 7, 13, 15], "texture": "#1"},
				"up": {"uv": [14, 0, 16, 2], "texture": "#1"},
				"down": {"uv": [14, 0, 16, 2], "texture": "#1"}
			}
		},
		{
			"from": [-3, -3, 5.96875],
			"to": [1, 13, 10.0625],
			"rotation": {"angle": 0, "axis": "y", "origin": [-9, -3, 0]},
			"faces": {
				"north": {"uv": [11, 7, 13, 15], "texture": "#1"},
				"east": {"uv": [11, 7, 13, 15], "texture": "#1"},
				"south": {"uv": [11, 7, 13, 15], "texture": "#1"},
				"west": {"uv": [11, 7, 13, 15], "texture": "#1"},
				"up": {"uv": [14, 0, 16, 2], "texture": "#1"},
				"down": {"uv": [14, 0, 16, 2], "texture": "#1"}
			}
		},
		{
			"from": [-3, -4, 13.5],
			"to": [1, 12, 17.5],
			"rotation": {"angle": 0, "axis": "y", "origin": [7, -4, 21.5]},
			"faces": {
				"north": {"uv": [13, 8, 15, 16], "texture": "#1"},
				"east": {"uv": [13, 8, 15, 16], "texture": "#1"},
				"south": {"uv": [13, 8, 15, 16], "texture": "#1"},
				"west": {"uv": [13, 8, 15, 16], "texture": "#1"},
				"up": {"uv": [14, 0, 16, 2], "rotation": 90, "texture": "#1"},
				"down": {"uv": [14, 0, 16, 2], "rotation": 270, "texture": "#1"}
			}
		},
		{
			"from": [-4, -5, 10],
			"to": [0, 11, 14],
			"rotation": {"angle": 0, "axis": "y", "origin": [6, -5, 20]},
			"faces": {
				"north": {"uv": [9, 8, 11, 16], "texture": "#1"},
				"east": {"uv": [9, 8, 11, 16], "texture": "#1"},
				"south": {"uv": [9, 8, 11, 16], "texture": "#1"},
				"west": {"uv": [9, 8, 11, 16], "texture": "#1"},
				"up": {"uv": [14, 0, 16, 2], "rotation": 90, "texture": "#1"},
				"down": {"uv": [14, 0, 16, 2], "rotation": 270, "texture": "#1"}
			}
		},
		{
			"from": [15.5, -4, 13.5],
			"to": [19.5, 12, 17.5],
			"rotation": {"angle": 0, "axis": "y", "origin": [25.5, -4, 21.5]},
			"faces": {
				"north": {"uv": [13, 8, 15, 16], "texture": "#1"},
				"east": {"uv": [13, 8, 15, 16], "texture": "#1"},
				"south": {"uv": [13, 8, 15, 16], "texture": "#1"},
				"west": {"uv": [13, 8, 15, 16], "texture": "#1"},
				"up": {"uv": [14, 0, 16, 2], "rotation": 90, "texture": "#1"},
				"down": {"uv": [14, 0, 16, 2], "rotation": 270, "texture": "#1"}
			}
		},
		{
			"from": [14.5, -5, 10],
			"to": [18.5, 11, 14],
			"rotation": {"angle": 0, "axis": "y", "origin": [24.5, -5, 20]},
			"faces": {
				"north": {"uv": [9, 8, 11, 16], "texture": "#1"},
				"east": {"uv": [9, 8, 11, 16], "texture": "#1"},
				"south": {"uv": [9, 8, 11, 16], "texture": "#1"},
				"west": {"uv": [9, 8, 11, 16], "texture": "#1"},
				"up": {"uv": [14, 0, 16, 2], "rotation": 90, "texture": "#1"},
				"down": {"uv": [14, 0, 16, 2], "rotation": 270, "texture": "#1"}
			}
		}
	]
}