{
	"credit": "Made with Blockbench",
	"parent": "minecraft:block/fence_post",
	"texture_size": [32, 32],
	"textures": {
		"1": "block/jungle_fence",
		"particle": "block/jungle_fence"
	},
	"elements": [
		{
			"from": [15, 0, 5.96875],
			"to": [19, 16, 10.0625],
			"rotation": {"angle": 0, "axis": "y", "origin": [9, 0, 0]},
			"faces": {
				"north": {"uv": [11, 7, 13, 15], "texture": "#1"},
				"east": {"uv": [11, 7, 13, 15], "texture": "#1"},
				"south": {"uv": [11, 7, 13, 15], "texture": "#1"},
				"west": {"uv": [11, 7, 13, 15], "texture": "#1"},
				"up": {"uv": [14, 0, 16, 2], "texture": "#1"},
				"down": {"uv": [14, 0, 16, 2], "texture": "#1"}
			}
		},
		{
			"from": [-3, 0, 5.96875],
			"to": [1, 16, 10.0625],
			"rotation": {"angle": 0, "axis": "y", "origin": [-9, 0, 0]},
			"faces": {
				"north": {"uv": [11, 7, 13, 15], "texture": "#1"},
				"east": {"uv": [11, 7, 13, 15], "texture": "#1"},
				"south": {"uv": [11, 7, 13, 15], "texture": "#1"},
				"west": {"uv": [11, 7, 13, 15], "texture": "#1"},
				"up": {"uv": [14, 0, 16, 2], "texture": "#1"},
				"down": {"uv": [14, 0, 16, 2], "texture": "#1"}
			}
		},
		{
			"from": [-1.5, -1, 13.5],
			"to": [2.5, 15, 17.5],
			"rotation": {"angle": 0, "axis": "y", "origin": [8.5, -1, 21.5]},
			"faces": {
				"north": {"uv": [13, 8, 15, 16], "texture": "#1"},
				"east": {"uv": [13, 8, 15, 16], "texture": "#1"},
				"south": {"uv": [13, 8, 15, 16], "texture": "#1"},
				"west": {"uv": [13, 8, 15, 16], "texture": "#1"},
				"up": {"uv": [14, 0, 16, 2], "rotation": 90, "texture": "#1"},
				"down": {"uv": [14, 0, 16, 2], "rotation": 270, "texture": "#1"}
			}
		},
		{
			"from": [-2.5, -2, 10],
			"to": [1.5, 14, 14],
			"rotation": {"angle": 0, "axis": "y", "origin": [7.5, -2, 20]},
			"faces": {
				"north": {"uv": [9, 8, 11, 16], "texture": "#1"},
				"east": {"uv": [9, 8, 11, 16], "texture": "#1"},
				"south": {"uv": [9, 8, 11, 16], "texture": "#1"},
				"west": {"uv": [9, 8, 11, 16], "texture": "#1"},
				"up": {"uv": [14, 0, 16, 2], "rotation": 90, "texture": "#1"},
				"down": {"uv": [14, 0, 16, 2], "rotation": 270, "texture": "#1"}
			}
		},
		{
			"from": [15, -1, 13],
			"to": [19, 15, 17],
			"rotation": {"angle": 0, "axis": "y", "origin": [25, -1, 21]},
			"faces": {
				"north": {"uv": [13, 8, 15, 16], "texture": "#1"},
				"east": {"uv": [13, 8, 15, 16], "texture": "#1"},
				"south": {"uv": [13, 8, 15, 16], "texture": "#1"},
				"west": {"uv": [13, 8, 15, 16], "texture": "#1"},
				"up": {"uv": [14, 0, 16, 2], "rotation": 90, "texture": "#1"},
				"down": {"uv": [14, 0, 16, 2], "rotation": 270, "texture": "#1"}
			}
		},
		{
			"from": [14, -2, 9.5],
			"to": [18, 14, 13.5],
			"rotation": {"angle": 0, "axis": "y", "origin": [24, -2, 19.5]},
			"faces": {
				"north": {"uv": [9, 8, 11, 16], "texture": "#1"},
				"east": {"uv": [9, 8, 11, 16], "texture": "#1"},
				"south": {"uv": [9, 8, 11, 16], "texture": "#1"},
				"west": {"uv": [9, 8, 11, 16], "texture": "#1"},
				"up": {"uv": [14, 0, 16, 2], "rotation": 90, "texture": "#1"},
				"down": {"uv": [14, 0, 16, 2], "rotation": 270, "texture": "#1"}
			}
		}
	]
}