{
	"credit": "Made with Blockbench",
	"texture_size": [64, 64],
	"textures": {
		"0": "block/door2",
		"particle": "block/door2"
	},
	"elements": [
		{
			"from": [2, 15.25, 2],
			"to": [3, 15.75, 14],
			"rotation": {"angle": 0, "axis": "y", "origin": [0, 0, 16]},
			"faces": {
				"north": {"uv": [0.375, 0.5, 0.125, 4], "texture": "#0"},
				"east": {"uv": [3.5, 1.0625, 0.5, 1.1875], "texture": "#0"},
				"south": {"uv": [0.375, 0.5, 0.125, 4], "texture": "#0"},
				"west": {"uv": [3.5, 1.0625, 0.5, 1.1875], "texture": "#0"},
				"up": {"uv": [15.75, 7, 16, 4], "texture": "#0"},
				"down": {"uv": [15.5, 7, 15.75, 4], "texture": "#0"}
			}
		},
		{
			"from": [2, 12.25, 2],
			"to": [3, 12.75, 14],
			"rotation": {"angle": 0, "axis": "y", "origin": [0, 0, 16]},
			"faces": {
				"north": {"uv": [0.375, 0.5, 0.125, 4], "texture": "#0"},
				"east": {"uv": [3.5, 1.0625, 0.5, 1.1875], "texture": "#0"},
				"south": {"uv": [0.375, 0.5, 0.125, 4], "texture": "#0"},
				"west": {"uv": [3.5, 1.0625, 0.5, 1.1875], "texture": "#0"},
				"up": {"uv": [15.75, 7, 16, 4], "texture": "#0"},
				"down": {"uv": [15.5, 7, 15.75, 4], "texture": "#0"}
			}
		},
		{
			"from": [2, 10, 10],
			"to": [3, 16, 10.5],
			"rotation": {"angle": 0, "axis": "y", "origin": [0, 0, 16]},
			"faces": {
				"north": {"uv": [15.4375, 4, 15.25, 6.875], "texture": "#0"},
				"east": {"uv": [2.625, 4, 2.5, 5.5], "texture": "#0"},
				"south": {"uv": [15.4375, 4, 15.25, 6.875], "texture": "#0"},
				"west": {"uv": [1.5, 4, 1.375, 5.5], "texture": "#0"},
				"up": {"uv": [12, 8, 13, 4], "texture": "#0"},
				"down": {"uv": [12, 8, 13, 4], "texture": "#0"}
			}
		},
		{
			"from": [2, 10, 5.5],
			"to": [3, 16, 6],
			"rotation": {"angle": 0, "axis": "y", "origin": [0, 0, 16]},
			"faces": {
				"north": {"uv": [15.4375, 4, 15.25, 6.875], "texture": "#0"},
				"east": {"uv": [1.5, 4, 1.375, 5.5], "texture": "#0"},
				"south": {"uv": [15.4375, 4, 15.25, 6.875], "texture": "#0"},
				"west": {"uv": [2.625, 4, 2.5, 5.5], "texture": "#0"},
				"up": {"uv": [12, 8, 13, 4], "texture": "#0"},
				"down": {"uv": [12, 8, 13, 4], "texture": "#0"}
			}
		},
		{
			"from": [1.5, 0, 2],
			"to": [3.5, 2, 16],
			"rotation": {"angle": 0, "axis": "y", "origin": [0, 0, 16]},
			"faces": {
				"north": {"uv": [10, 7.5, 9.5, 8], "texture": "#0"},
				"east": {"uv": [4, 7.5, 0.5, 8], "texture": "#0"},
				"south": {"uv": [10, 7.5, 9.5, 8], "texture": "#0"},
				"west": {"uv": [3.5, 7.5, 0, 8], "texture": "#0"},
				"up": {"uv": [3.5, 6.25, 0, 6.75], "rotation": 90, "texture": "#0"},
				"down": {"uv": [13, 8, 13.5, 4.5], "texture": "#0"}
			}
		},
		{
			"from": [1.5, 2, 14],
			"to": [3.5, 16, 16],
			"rotation": {"angle": 0, "axis": "y", "origin": [0, 0, 16]},
			"faces": {
				"north": {"uv": [10, 4, 9.5, 7.5], "texture": "#0"},
				"east": {"uv": [4, 4, 3.5, 7.5], "texture": "#0"},
				"south": {"uv": [10, 4, 9.5, 7.5], "texture": "#0"},
				"west": {"uv": [0.5, 4, 0, 7.5], "texture": "#0"},
				"up": {"uv": [12, 8, 13, 4], "texture": "#0"},
				"down": {"uv": [12, 8, 13, 4], "texture": "#0"}
			}
		},
		{
			"from": [1.5, 0, 0],
			"to": [3.5, 16, 2],
			"rotation": {"angle": 0, "axis": "y", "origin": [0, 0, 16]},
			"faces": {
				"north": {"uv": [10, 4, 9.5, 7.9375], "texture": "#0"},
				"east": {"uv": [0.5, 4, 0, 8], "texture": "#0"},
				"south": {"uv": [10, 4, 9.5, 7.9375], "texture": "#0"},
				"west": {"uv": [4, 4, 3.5, 8], "texture": "#0"},
				"up": {"uv": [12, 8, 13, 4], "texture": "#0"},
				"down": {"uv": [13, 4.5, 13.5, 4], "texture": "#0"}
			}
		},
		{
			"from": [2.25, 2, 2],
			"to": [2.75, 16, 14],
			"rotation": {"angle": 0, "axis": "y", "origin": [0, 0, 16]},
			"faces": {
				"north": {"uv": [12, 0.5, 11, 1.5], "texture": "#0"},
				"east": {"uv": [3.5, 4, 0.5, 7.5], "texture": "#0"},
				"south": {"uv": [12, 0.5, 11, 1.5], "texture": "#0"},
				"west": {"uv": [3.5, 4, 0.5, 7.5], "texture": "#0"},
				"up": {"uv": [5.1875, 13.5625, 6.1875, 9.5625], "texture": "#0"},
				"down": {"uv": [5.1875, 13.5625, 6.1875, 9.5625], "texture": "#0"}
			}
		},
		{
			"from": [1.75, 8, 2],
			"to": [3.25, 10, 14],
			"rotation": {"angle": 0, "axis": "y", "origin": [0, 0, 16]},
			"faces": {
				"north": {"uv": [12, 0.5, 11, 1.5], "texture": "#0"},
				"east": {"uv": [3.5, 5.5, 0.5, 6], "texture": "#0"},
				"south": {"uv": [12, 0.5, 11, 1.5], "texture": "#0"},
				"west": {"uv": [3.5, 5.5, 0.5, 6], "texture": "#0"},
				"up": {"uv": [3.5, 5.5, 0.5, 6], "rotation": 90, "texture": "#0"},
				"down": {"uv": [0.5, 6, 3.5, 5.5], "texture": "#0"}
			}
		}
	],
	"groups": [
		{
			"name": "group",
			"origin": [0, 0, 0],
			"color": 0,
			"children": [0, 1, 2, 3, 4, 5, 6, 7, 8]
		}
	]
}