{
	"credit": "Made with Blockbench",
	"parent": "minecraft:block/tinted_cross",
	"texture_size": [128, 128],
	"textures": {
		"1": "block/fern"
	},
	"elements": [
		{
			"from": [-1.125, 0, 3],
			"to": [4.875, 0, 13],
			"rotation": {"angle": 22.5, "axis": "z", "origin": [-4.125, 0, 8]},
			"faces": {
				"up": {"uv": [7.5, 0, 12.5, 3], "rotation": 270, "texture": "#1", "tintindex": 0},
				"down": {"uv": [7.5, 0, 12.5, 3], "rotation": 270, "texture": "#1", "tintindex": 0}
			}
		},
		{
			"from": [3.5, 0, 3],
			"to": [7.5, 0, 13],
			"rotation": {"angle": -22.5, "axis": "z", "origin": [12.5, 0, 8]},
			"faces": {
				"up": {"uv": [3, 0, 5, 5], "texture": "#1", "tintindex": 0},
				"down": {"uv": [3, 0, 5, 5], "texture": "#1", "tintindex": 0}
			}
		},
		{
			"from": [8.5, 0, 3],
			"to": [12.5, 0, 13],
			"rotation": {"angle": 22.5, "axis": "z", "origin": [3.5, 0, 8]},
			"faces": {
				"up": {"uv": [7.5, 3, 12.5, 5], "rotation": 90, "texture": "#1", "tintindex": 0},
				"down": {"uv": [7.5, 3, 12.5, 5], "rotation": 90, "texture": "#1", "tintindex": 0}
			}
		},
		{
			"from": [11.125, 0, 3],
			"to": [17.125, 0, 13],
			"rotation": {"angle": -22.5, "axis": "z", "origin": [20.125, 0, 8]},
			"faces": {
				"up": {"uv": [4.5, 5, 7.5, 10], "texture": "#1", "tintindex": 0},
				"down": {"uv": [4.5, 5, 7.5, 10], "texture": "#1", "tintindex": 0}
			}
		},
		{
			"from": [3, 0, 3.5],
			"to": [13, 0, 7.5],
			"rotation": {"angle": 22.5, "axis": "x", "origin": [8, 0, 12.5]},
			"faces": {
				"up": {"uv": [3, 0, 5, 5], "rotation": 90, "texture": "#1", "tintindex": 0},
				"down": {"uv": [3, 0, 5, 5], "rotation": 270, "texture": "#1", "tintindex": 0}
			}
		},
		{
			"from": [3, 0, -1.125],
			"to": [13, 0, 4.875],
			"rotation": {"angle": -22.5, "axis": "x", "origin": [8, 0, -4.125]},
			"faces": {
				"up": {"uv": [4.5, 5, 7.5, 10], "rotation": 270, "texture": "#1", "tintindex": 0},
				"down": {"uv": [4.5, 5, 7.5, 10], "rotation": 90, "texture": "#1", "tintindex": 0}
			}
		},
		{
			"from": [3, 0, 11.125],
			"to": [13, 0, 17.125],
			"rotation": {"angle": 22.5, "axis": "x", "origin": [8, 0, 20.125]},
			"faces": {
				"up": {"uv": [4.5, 5, 7.5, 10], "rotation": 90, "texture": "#1", "tintindex": 0},
				"down": {"uv": [0, 0, 3, 5], "rotation": 90, "texture": "#1", "tintindex": 0}
			}
		},
		{
			"from": [3, 0, 8.5],
			"to": [13, 0, 12.5],
			"rotation": {"angle": -22.5, "axis": "x", "origin": [8, 0, 3.5]},
			"faces": {
				"up": {"uv": [3, 0, 5, 5], "rotation": 270, "texture": "#1", "tintindex": 0},
				"down": {"uv": [0, 5, 4.5, 10], "rotation": 270, "texture": "#1", "tintindex": 0}
			}
		}
	],
	"groups": [
		{
			"name": "group",
			"origin": [-8.625, 0, 8],
			"color": 0,
			"children": [0, 1]
		},
		{
			"name": "group",
			"origin": [-8.625, 0, 8],
			"color": 0,
			"children": [2, 3]
		},
		{
			"name": "group",
			"origin": [-8.625, 0, 8],
			"color": 0,
			"children": [4, 5]
		},
		{
			"name": "group",
			"origin": [-8.625, 0, 8],
			"color": 0,
			"children": [6, 7]
		}
	]
}