{
	"credit": "Made with Blockbench",
	"parent": "minecraft:block/tinted_cross",
	"texture_size": [128, 128],
	"elements": [
		{
			"from": [8, 0, 8],
			"to": [8, 0, 8],
			"color": 1,
			"faces": {
				"north": {"uv": [16, 16, 16, 16], "texture": "#missing"},
				"east": {"uv": [16, 16, 16, 16], "texture": "#missing"},
				"south": {"uv": [16, 16, 16, 16], "texture": "#missing"},
				"west": {"uv": [16, 16, 16, 16], "texture": "#missing"},
				"up": {"uv": [16, 16, 16, 16], "texture": "#missing"},
				"down": {"uv": [16, 16, 16, 16], "texture": "#missing"}
			}
		}
	]
}