{
	"parent": "block/block",
	"textures": {
		"particle": "#all"
	},
	"elements": [ 	 
		{
			"__comment": "Element",
			"from": [ 0, 0, 0 ],
			"to": [ 16, 16, 16 ],
			"faces": {
				"down": { "uv": [ 16, 16, 0, 0 ], "texture": "#bottom", "cullface": "down", "tintindex": 0 },
				"up": { "uv": [ 0, 0, 16, 16 ], "texture": "#top", "cullface": "up", "tintindex": 0 },
				"north": { "uv": [ 0, 0, 16, 16 ], "texture": "#all", "cullface": "north", "tintindex": 0 },
				"south": { "uv": [ 0, 0, 16, 16 ], "texture": "#all", "cullface": "south", "tintindex": 0 },
				"west": { "uv": [ 0, 0, 16, 16 ], "texture": "#all", "cullface": "west", "tintindex": 0 },
				"east": { "uv": [ 0, 0, 16, 16 ], "texture": "#all", "cullface": "east", "tintindex": 0 }
			}
		},
		{
			"__comment": "Element",
			"from": [ 13.8125, -8, -6.875 ],
			"to": [ 13.8135, 24, 25.125 ],
			"rotation": { "origin": [ 13.9375, -10, -6.6875 ], "axis": "y", "angle": -22.5 },
			"shade": false,
			"faces": {
				"west": { "uv": [ 0, 0, 16, 16 ], "texture": "#bushy", "tintindex": 0 },
				"east": { "uv": [ 0, 0, 16, 16 ], "texture": "#bushy", "tintindex": 0 }
			}
		},
		{
			"__comment": "Element",
			"from": [ -7.1875, -8, 2.125 ],
			"to": [ 24.8125, 24, 2.126 ],
			"rotation": { "origin": [ -7, -10, 2 ], "axis": "y", "angle": -22.5 },
			"shade": false,
			"faces": {
				"north": { "uv": [ 0, 0, 16, 16 ], "texture": "#bushy", "tintindex": 0 },
				"south": { "uv": [ 0, 0, 16, 16 ], "texture": "#bushy", "tintindex": 0 }
			}
		},
		{
			"__comment": "Element",
			"from": [ 13.8125, -8, -6.875 ],
			"to": [ 13.8135, 24, 25.125 ],
			"rotation": { "origin": [ 13.9375, -10, -6.6875 ], "axis": "y", "angle": -22.5 },
			"shade": false,
			"faces": {
				"west": { "uv": [ 0, 0, 16, 16 ], "texture": "#snowy" },
				"east": { "uv": [ 0, 0, 16, 16 ], "texture": "#snowy" }
			}
		},
		{
			"__comment": "Element",
			"from": [ -7.1875, -8, 2.125 ],
			"to": [ 24.8125, 24, 2.126 ],
			"rotation": { "origin": [ -7, -10, 2 ], "axis": "y", "angle": -22.5 },
			"shade": false,
			"faces": {
				"north": { "uv": [ 0, 0, 16, 16 ], "texture": "#snowy" },
				"south": { "uv": [ 0, 0, 16, 16 ], "texture": "#snowy" }
			}
		}
	]
}