{
	"parent": "block/block",
	"textures": {
		"particle": "#all"
	},
	"elements": [ 	 
		{
			"__comment": "Element",
			"from": [ 0, 0, 0 ],
			"to": [ 16, 16, 16 ],
			"faces": {
				"down": { "uv": [ 16, 16, 0, 0 ], "texture": "#all", "cullface": "down" },
				"up": { "uv": [ 0, 0, 16, 16 ], "texture": "#all", "cullface": "up" },
				"north": { "uv": [ 0, 0, 16, 16 ], "texture": "#all", "cullface": "north" },
				"south": { "uv": [ 0, 0, 16, 16 ], "texture": "#all", "cullface": "south" },
				"west": { "uv": [ 0, 0, 16, 16 ], "texture": "#all", "cullface": "west" },
				"east": { "uv": [ 0, 0, 16, 16 ], "texture": "#all", "cullface": "east" }
			}
		},
		{
			"__comment": "Element",
			"from": [ 13.375, -8, -5.625 ],
			"to": [ 13.376, 24, 26.375 ],
			"rotation": { "origin": [ 5.5, -9, 21.5 ], "axis": "y", "angle": 22.5 },
			"shade": false,
			"faces": {
				"west": { "uv": [ 0, 0, 16, 16 ], "texture": "#bushy" },
				"east": { "uv": [ 0, 0, 16, 16 ], "texture": "#bushy" }
			}
		},
		{
			"__comment": "Element",
			"from": [ -7.625, -8, 3.375 ],
			"to": [ 24.375, 24, 3.376 ],
			"rotation": { "origin": [ 19.5, -9, 7.5 ], "axis": "y", "angle": 22.5 },
			"shade": false,
			"faces": {
				"north": { "uv": [ 0, 0, 16, 16 ], "texture": "#bushy" },
				"south": { "uv": [ 0, 0, 16, 16 ], "texture": "#bushy" }
			}
		}
	]
}