{
	"credit": "Made with Blockbench",
	"ambientocclusion": false,
	"texture_size": [128, 128],
	"textures": {
		"0": "block/lily_of_the_valley",
		"particle": "block/lily_of_the_valley"
	},
	"elements": [
		{
			"from": [5.5, 6.625, 8.25],
			"to": [11, 11.125, 8.25],
			"rotation": {"angle": 45, "axis": "y", "origin": [8, 8.125, 8]},
			"faces": {
				"north": {"uv": [10.625, 12.75, 13.75, 15.125], "texture": "#0"},
				"south": {"uv": [10.625, 10.375, 13.75, 12.75], "texture": "#0"}
			}
		},
		{
			"from": [8, 0.125, 0],
			"to": [8, 16.125, 16],
			"rotation": {"angle": 45, "axis": "y", "origin": [8, 8.125, 8]},
			"faces": {
				"east": {"uv": [8, 0, 16, 8], "texture": "#0"},
				"west": {"uv": [0, 0, 8, 8], "texture": "#0"}
			}
		},
		{
			"from": [6, 0.125, 3],
			"to": [10, 0.125, 8],
			"rotation": {"angle": 22.5, "axis": "x", "origin": [8, 0.125, 8]},
			"faces": {
				"up": {"uv": [0, 13.375, 2, 16], "texture": "#0"},
				"down": {"uv": [2, 10, 4, 12.625], "texture": "#0"}
			}
		},
		{
			"from": [3, 0.125, 6],
			"to": [8, 0.125, 10],
			"rotation": {"angle": -22.5, "axis": "z", "origin": [8, 0.125, 8]},
			"faces": {
				"up": {"uv": [0, 13.375, 2, 16], "rotation": 270, "texture": "#0"},
				"down": {"uv": [2, 10, 4, 12.625], "rotation": 90, "texture": "#0"}
			}
		},
		{
			"from": [6, 0.125, 8],
			"to": [10, 0.125, 13],
			"rotation": {"angle": -22.5, "axis": "x", "origin": [8, 0.125, 8]},
			"faces": {
				"up": {"uv": [0, 13.375, 2, 16], "rotation": 180, "texture": "#0"},
				"down": {"uv": [2, 10, 4, 12.625], "rotation": 180, "texture": "#0"}
			}
		},
		{
			"from": [8, 0.125, 6],
			"to": [13, 0.125, 10],
			"rotation": {"angle": 22.5, "axis": "z", "origin": [8, 0.125, 8]},
			"faces": {
				"up": {"uv": [0, 13.375, 2, 16], "rotation": 90, "texture": "#0"},
				"down": {"uv": [2, 10, 4, 12.625], "rotation": 270, "texture": "#0"}
			}
		},
		{
			"from": [6, 0.125, -1.21875],
			"to": [10, 0.125, 3.78125],
			"rotation": {"angle": -22.5, "axis": "x", "origin": [8, 0.125, -1.21875]},
			"faces": {
				"up": {"uv": [0, 11, 2, 13.625], "texture": "#0"},
				"down": {"uv": [2, 12.375, 4, 15], "texture": "#0"}
			}
		},
		{
			"from": [-1.21875, 0.125, 6],
			"to": [3.78125, 0.125, 10],
			"rotation": {"angle": 22.5, "axis": "z", "origin": [-1.21875, 0.125, 8]},
			"faces": {
				"up": {"uv": [0, 11, 2, 13.625], "rotation": 270, "texture": "#0"},
				"down": {"uv": [2, 12.375, 4, 15], "rotation": 90, "texture": "#0"}
			}
		},
		{
			"from": [6, 0.125, 12.21875],
			"to": [10, 0.125, 17.21875],
			"rotation": {"angle": 22.5, "axis": "x", "origin": [8, 0.125, 17.21875]},
			"faces": {
				"up": {"uv": [0, 11, 2, 13.625], "rotation": 180, "texture": "#0"},
				"down": {"uv": [2, 12.375, 4, 15], "rotation": 180, "texture": "#0"}
			}
		},
		{
			"from": [12.21875, 0.125, 6],
			"to": [17.21875, 0.125, 10],
			"rotation": {"angle": -22.5, "axis": "z", "origin": [17.21875, 0.125, 8]},
			"faces": {
				"up": {"uv": [0, 11, 2, 13.625], "rotation": 90, "texture": "#0"},
				"down": {"uv": [2, 12.375, 4, 15], "rotation": 270, "texture": "#0"}
			}
		}
	]
}