{
	"credit": "Made with Blockbench",
	"ambientocclusion": false,
	"textures": {
		"particle": "block/lily_pad",
		"texture": "block/lily_pad"
	},
	"elements": [
		{
			"from": [0, 0.25, 0],
			"to": [16, 0.25, 16],
			"faces": {
				"up": {"uv": [8, 0, 0, 8], "texture": "#texture", "tintindex": 0},
				"down": {"uv": [16, 0, 8, 8], "texture": "#texture", "tintindex": 0}
			}
		},
		{
			"from": [8, 0.25, 0],
			"to": [8, 8.25, 16],
			"rotation": {"angle": 45, "axis": "y", "origin": [8, 4.25, 8]},
			"faces": {
				"east": {"uv": [8, 12, 16, 16], "texture": "#texture"},
				"west": {"uv": [8, 12, 16, 16], "texture": "#texture"}
			}
		},
		{
			"from": [8, 0.25, 0],
			"to": [8, 8.25, 16],
			"rotation": {"angle": -45, "axis": "y", "origin": [8, 4.25, 8]},
			"faces": {
				"east": {"uv": [8, 12, 16, 16], "texture": "#texture"},
				"west": {"uv": [8, 12, 16, 16], "texture": "#texture"}
			}
		}
	]
}