{
	"credit": "Made with Blockbench",
	"texture_size": [64, 64],
	"textures": {
		"0": "block/door",
		"particle": "block/door"
	},
	"elements": [
		{
			"from": [1, 0, 13],
			"to": [17, 3, 16],
			"rotation": {"angle": 0, "axis": "y", "origin": [0, 0, 16]},
			"faces": {
				"north": {"uv": [4, 15.25, 0, 16], "texture": "#0"},
				"east": {"uv": [9.5, 7.25, 8.75, 8], "texture": "#0"},
				"south": {"uv": [4, 15.25, 0, 16], "texture": "#0"},
				"west": {"uv": [9.5, 7.25, 8.75, 8], "texture": "#0"},
				"up": {"uv": [12.25, 4, 13, 0], "rotation": 90, "texture": "#0"},
				"down": {"uv": [12.25, 4, 13, 0], "rotation": 270, "texture": "#0"}
			}
		},
		{
			"from": [14, 3, 13],
			"to": [17, 16, 16],
			"rotation": {"angle": 0, "axis": "y", "origin": [0, 0, 16]},
			"faces": {
				"north": {"uv": [4, 12, 3.25, 15.25], "texture": "#0"},
				"east": {"uv": [9.5, 4, 8.75, 7.25], "texture": "#0"},
				"south": {"uv": [0.75, 12, 0, 15.25], "texture": "#0"},
				"west": {"uv": [9.5, 4, 8.75, 7.25], "texture": "#0"},
				"up": {"uv": [0, 0.75, 0.75, 0], "rotation": 90, "texture": "#0"},
				"down": {"uv": [0, 0.75, 0.75, 0], "rotation": 270, "texture": "#0"}
			}
		},
		{
			"from": [4, 6, 14],
			"to": [14, 9.5, 15],
			"rotation": {"angle": 0, "axis": "y", "origin": [0, 0, 16]},
			"faces": {
				"north": {"uv": [3.25, 13.625, 0.75, 14.5], "texture": "#0"},
				"east": {"uv": [0.25, 0, 0, 0.875], "texture": "#0"},
				"south": {"uv": [3.25, 12, 0.75, 12.875], "texture": "#0"},
				"west": {"uv": [0.25, 0, 0, 0.875], "texture": "#0"},
				"up": {"uv": [0, 2.5, 0.25, 0], "rotation": 90, "texture": "#0"},
				"down": {"uv": [0, 2.5, 0.25, 0], "rotation": 270, "texture": "#0"}
			}
		},
		{
			"from": [4, 12.5, 14],
			"to": [14, 16, 15],
			"rotation": {"angle": 0, "axis": "y", "origin": [0, 0, 16]},
			"faces": {
				"north": {"uv": [3.25, 12, 0.75, 12.875], "texture": "#0"},
				"east": {"uv": [0.25, 0, 0, 0.875], "texture": "#0"},
				"south": {"uv": [3.25, 12, 0.75, 12.875], "texture": "#0"},
				"west": {"uv": [0.25, 0, 0, 0.875], "texture": "#0"},
				"up": {"uv": [0, 2.5, 0.25, 0], "rotation": 90, "texture": "#0"},
				"down": {"uv": [0, 2.5, 0.25, 0], "rotation": 270, "texture": "#0"}
			}
		},
		{
			"from": [4, 9.5, 13.5],
			"to": [14, 12.5, 15.5],
			"rotation": {"angle": 0, "axis": "y", "origin": [0, 0, 16]},
			"faces": {
				"north": {"uv": [0.75, 11.25, 3.25, 12], "texture": "#0"},
				"east": {"uv": [0.5, 0, 1, 0.75], "texture": "#0"},
				"south": {"uv": [0.75, 11.25, 3.25, 12], "texture": "#0"},
				"west": {"uv": [0.5, 0, 1, 0.75], "texture": "#0"},
				"up": {"uv": [0.75, 11.3125, 3.25, 11.9375], "rotation": 180, "texture": "#0"},
				"down": {"uv": [1.75, 11.25, 2.25, 13.75], "rotation": 270, "texture": "#0"}
			}
		},
		{
			"from": [4, 3, 13.5],
			"to": [14, 6, 15.5],
			"rotation": {"angle": 0, "axis": "y", "origin": [0, 0, 16]},
			"faces": {
				"north": {"uv": [3.25, 14.5, 0.75, 15.25], "texture": "#0"},
				"east": {"uv": [0.5, 0, 0, 0.75], "texture": "#0"},
				"south": {"uv": [3.25, 14.5, 0.75, 15.25], "texture": "#0"},
				"west": {"uv": [0.5, 0, 0, 0.75], "texture": "#0"},
				"up": {"uv": [1.75, 11.25, 2.25, 8.75], "rotation": 90, "texture": "#0"},
				"down": {"uv": [0, 2.5, 0.5, 0], "rotation": 270, "texture": "#0"}
			}
		},
		{
			"from": [13, 15, 12],
			"to": [16, 16, 13],
			"rotation": {"angle": 0, "axis": "y", "origin": [0, 0, 16]},
			"faces": {
				"north": {"uv": [16, 7.5, 15.25, 7.75], "texture": "#0"},
				"east": {"uv": [15.25, 7.5, 15, 7.75], "texture": "#0"},
				"south": {"uv": [16, 7.5, 15.25, 7.75], "texture": "#0"},
				"west": {"uv": [15.25, 7.5, 15, 7.75], "texture": "#0"},
				"up": {"uv": [16, 7.25, 15.25, 7.5], "rotation": 180, "texture": "#0"},
				"down": {"uv": [16, 7.75, 15.25, 8], "texture": "#0"}
			}
		},
		{
			"from": [13.03125, 15, 16],
			"to": [16.03125, 16, 17],
			"rotation": {"angle": 0, "axis": "y", "origin": [0, 0, 16]},
			"faces": {
				"north": {"uv": [16, 7.5, 15.25, 7.75], "texture": "#0"},
				"east": {"uv": [15.25, 7.5, 15, 7.75], "texture": "#0"},
				"south": {"uv": [16, 7.5, 15.25, 7.75], "texture": "#0"},
				"west": {"uv": [15.25, 7.5, 15, 7.75], "texture": "#0"},
				"up": {"uv": [16, 7.25, 15.25, 7.5], "rotation": 180, "texture": "#0"},
				"down": {"uv": [16, 7.75, 15.25, 8], "texture": "#0"}
			}
		},
		{
			"from": [1, 3, 13],
			"to": [4, 16, 16],
			"rotation": {"angle": 0, "axis": "y", "origin": [0, 0, 16]},
			"faces": {
				"north": {"uv": [0.75, 12, 0, 15.25], "texture": "#0"},
				"east": {"uv": [9.5, 4, 8.75, 7.25], "texture": "#0"},
				"south": {"uv": [4, 12, 3.25, 15.25], "texture": "#0"},
				"west": {"uv": [9.5, 4, 8.75, 7.25], "texture": "#0"},
				"up": {"uv": [0, 0.75, 0.75, 0], "rotation": 90, "texture": "#0"},
				"down": {"uv": [0, 0.75, 0.75, 0], "rotation": 270, "texture": "#0"}
			}
		}
	],
	"groups": [
		{
			"name": "group",
			"origin": [0, 0, 0],
			"color": 0,
			"children": [0, 1, 2, 3, 4, 5, 6, 7, 8]
		}
	]
}