{
	"credit": "Made with Blockbench",
	"texture_size": [64, 64],
	"textures": {
		"0": "block/door",
		"particle": "block/door"
	},
	"elements": [
		{
			"from": [1, 0, 0],
			"to": [17, 3, 3],
			"faces": {
				"north": {"uv": [0, 15.25, 4, 16], "texture": "#0"},
				"east": {"uv": [8.75, 7.25, 9.5, 8], "texture": "#0"},
				"south": {"uv": [0, 15.25, 4, 16], "texture": "#0"},
				"west": {"uv": [8.75, 7.25, 9.5, 8], "texture": "#0"},
				"up": {"uv": [12.25, 0, 13, 4], "rotation": 270, "texture": "#0"},
				"down": {"uv": [12.25, 0, 13, 4], "rotation": 90, "texture": "#0"}
			}
		},
		{
			"from": [14, 3, 0],
			"to": [17, 16, 3],
			"faces": {
				"north": {"uv": [0, 12, 0.75, 15.25], "texture": "#0"},
				"east": {"uv": [8.75, 4, 9.5, 7.25], "texture": "#0"},
				"south": {"uv": [3.25, 12, 4, 15.25], "texture": "#0"},
				"west": {"uv": [8.75, 4, 9.5, 7.25], "texture": "#0"},
				"up": {"uv": [0, 0, 0.75, 0.75], "rotation": 270, "texture": "#0"},
				"down": {"uv": [0, 0, 0.75, 0.75], "rotation": 90, "texture": "#0"}
			}
		},
		{
			"from": [4, 6, 1],
			"to": [14, 9.5, 2],
			"faces": {
				"north": {"uv": [0.75, 12, 3.25, 12.875], "texture": "#0"},
				"east": {"uv": [0, 0, 0.25, 0.875], "texture": "#0"},
				"south": {"uv": [0.75, 13.625, 3.25, 14.5], "texture": "#0"},
				"west": {"uv": [0, 0, 0.25, 0.875], "texture": "#0"},
				"up": {"uv": [0, 0, 0.25, 2.5], "rotation": 270, "texture": "#0"},
				"down": {"uv": [0, 0, 0.25, 2.5], "rotation": 90, "texture": "#0"}
			}
		},
		{
			"from": [4, 12.5, 1],
			"to": [14, 16, 2],
			"faces": {
				"north": {"uv": [0.75, 12, 3.25, 12.875], "texture": "#0"},
				"east": {"uv": [0, 0, 0.25, 0.875], "texture": "#0"},
				"south": {"uv": [0.75, 12, 3.25, 12.875], "texture": "#0"},
				"west": {"uv": [0, 0, 0.25, 0.875], "texture": "#0"},
				"up": {"uv": [0, 0, 0.25, 2.5], "rotation": 270, "texture": "#0"},
				"down": {"uv": [0, 0, 0.25, 2.5], "rotation": 90, "texture": "#0"}
			}
		},
		{
			"from": [4, 9.5, 0.5],
			"to": [14, 12.5, 2.5],
			"faces": {
				"north": {"uv": [0.75, 11.25, 3.25, 12], "texture": "#0"},
				"east": {"uv": [0, 0, 0.5, 0.75], "texture": "#0"},
				"south": {"uv": [0.75, 11.25, 3.25, 12], "texture": "#0"},
				"west": {"uv": [0, 0, 0.5, 0.75], "texture": "#0"},
				"up": {"uv": [1.75, 8.75, 2.25, 11.25], "rotation": 270, "texture": "#0"},
				"down": {"uv": [1.75, 8.75, 2.25, 11.25], "rotation": 90, "texture": "#0"}
			}
		},
		{
			"from": [4, 3, 0.5],
			"to": [14, 6, 2.5],
			"faces": {
				"north": {"uv": [0.75, 14.5, 3.25, 15.25], "texture": "#0"},
				"east": {"uv": [0, 0, 0.5, 0.75], "texture": "#0"},
				"south": {"uv": [0.75, 14.5, 3.25, 15.25], "texture": "#0"},
				"west": {"uv": [0, 0, 0.5, 0.75], "texture": "#0"},
				"up": {"uv": [1.75, 8.75, 2.25, 11.25], "rotation": 270, "texture": "#0"},
				"down": {"uv": [0, 0, 0.5, 2.5], "rotation": 90, "texture": "#0"}
			}
		},
		{
			"from": [13, 15, 3],
			"to": [16, 16, 4],
			"faces": {
				"north": {"uv": [15.25, 7.5, 16, 7.75], "texture": "#0"},
				"east": {"uv": [15, 7.5, 15.25, 7.75], "texture": "#0"},
				"south": {"uv": [15.25, 7.5, 16, 7.75], "texture": "#0"},
				"west": {"uv": [15, 7.5, 15.25, 7.75], "texture": "#0"},
				"up": {"uv": [15.25, 7.25, 16, 7.5], "texture": "#0"},
				"down": {"uv": [15.25, 7.75, 16, 8], "rotation": 180, "texture": "#0"}
			}
		},
		{
			"from": [13, 15, -1],
			"to": [16, 16, 0],
			"faces": {
				"north": {"uv": [15.25, 7.5, 16, 7.75], "texture": "#0"},
				"east": {"uv": [15, 7.5, 15.25, 7.75], "texture": "#0"},
				"south": {"uv": [15.25, 7.5, 16, 7.75], "texture": "#0"},
				"west": {"uv": [15, 7.5, 15.25, 7.75], "texture": "#0"},
				"up": {"uv": [15.25, 7.25, 16, 7.5], "texture": "#0"},
				"down": {"uv": [15.25, 7.75, 16, 8], "rotation": 180, "texture": "#0"}
			}
		},
		{
			"from": [1, 3, 0],
			"to": [4, 16, 3],
			"faces": {
				"north": {"uv": [3.25, 12, 4, 15.25], "texture": "#0"},
				"east": {"uv": [8.75, 4, 9.5, 7.25], "texture": "#0"},
				"south": {"uv": [0, 12, 0.75, 15.25], "texture": "#0"},
				"west": {"uv": [8.75, 4, 9.5, 7.25], "texture": "#0"},
				"up": {"uv": [0, 0, 0.75, 0.75], "rotation": 270, "texture": "#0"},
				"down": {"uv": [0, 0, 0.75, 0.75], "rotation": 90, "texture": "#0"}
			}
		}
	],
	"groups": [
		{
			"name": "group",
			"origin": [0, 0, 0],
			"color": 0,
			"children": [0, 1, 2, 3, 4, 5, 6, 7, 8]
		}
	]
}