{
	"credit": "Made with Blockbench",
	"texture_size": [64, 64],
	"textures": {
		"0": "block/door",
		"particle": "block/door"
	},
	"elements": [
		{
			"from": [1, 13, 0],
			"to": [4, 16, 16],
			"rotation": {"angle": 0, "axis": "y", "origin": [0, 0, 16]},
			"faces": {
				"north": {"uv": [9.5, 0, 8.75, 0.75], "texture": "#0"},
				"east": {"uv": [4, 8, 0, 8.75], "texture": "#0"},
				"south": {"uv": [9.5, 0, 8.75, 0.75], "texture": "#0"},
				"west": {"uv": [4, 8, 0, 8.75], "texture": "#0"},
				"up": {"uv": [12.25, 4, 13, 0], "texture": "#0"},
				"down": {"uv": [12.25, 4, 13, 0], "texture": "#0"}
			}
		},
		{
			"from": [1, 0, 0],
			"to": [4, 13, 3],
			"rotation": {"angle": 0, "axis": "y", "origin": [0, 0, 16]},
			"faces": {
				"north": {"uv": [9.5, 0.75, 8.75, 4], "texture": "#0"},
				"east": {"uv": [4, 8.75, 3.25, 12], "texture": "#0"},
				"south": {"uv": [9.5, 0.75, 8.75, 4], "texture": "#0"},
				"west": {"uv": [4, 8.75, 3.25, 12], "texture": "#0"},
				"up": {"uv": [0, 0.75, 0.75, 0], "texture": "#0"},
				"down": {"uv": [0, 0.75, 0.75, 0], "texture": "#0"}
			}
		},
		{
			"from": [1, 0, 13],
			"to": [4, 13, 16],
			"rotation": {"angle": 0, "axis": "y", "origin": [0, 0, 16]},
			"faces": {
				"north": {"uv": [9.5, 0.75, 8.75, 4], "texture": "#0"},
				"east": {"uv": [4, 8.75, 3.25, 12], "texture": "#0"},
				"south": {"uv": [9.5, 0.75, 8.75, 4], "texture": "#0"},
				"west": {"uv": [4, 8.75, 3.25, 12], "texture": "#0"},
				"up": {"uv": [0, 0.75, 0.75, 0], "texture": "#0"},
				"down": {"uv": [0, 0.75, 0.75, 0], "texture": "#0"}
			}
		},
		{
			"from": [1.5, 0, 3],
			"to": [3.5, 3, 13],
			"rotation": {"angle": 0, "axis": "y", "origin": [0, 0, 16]},
			"faces": {
				"north": {"uv": [0.5, 0, 0, 0.75], "texture": "#0"},
				"east": {"uv": [3.25, 11.25, 0.75, 12], "texture": "#0"},
				"south": {"uv": [0.5, 0, 0, 0.75], "texture": "#0"},
				"west": {"uv": [3.25, 11.25, 0.75, 12], "texture": "#0"},
				"up": {"uv": [1.75, 11.25, 2.25, 8.75], "texture": "#0"},
				"down": {"uv": [1.75, 11.25, 2.25, 8.75], "texture": "#0"}
			}
		}
	],
	"groups": [
		{
			"name": "group",
			"origin": [0, 0, 0],
			"color": 0,
			"children": [0, 1, 2, 3]
		}
	]
}