{
	"credit": "Made with Blockbench",
	"parent": "minecraft:block/template_orientable_trapdoor_bottom",
	"texture_size": [64, 64],
	"textures": {
		"texture": "block/trapdoor"
	},
	"elements": [
		{
			"from": [0, 13, 0],
			"to": [16, 16, 3],
			"faces": {
				"north": {"uv": [4, 15.25, 8, 16], "texture": "#texture"},
				"east": {"uv": [8.25, 3.25, 9, 4], "rotation": 90, "texture": "#texture"},
				"south": {"uv": [4, 15.25, 8, 16], "texture": "#texture"},
				"west": {"uv": [8.25, 3.25, 9, 4], "rotation": 90, "texture": "#texture"},
				"up": {"uv": [4, 15.25, 8, 16], "texture": "#texture"},
				"down": {"uv": [4, 12, 8, 12.75], "texture": "#texture"}
			}
		},
		{
			"from": [0, 13, 3],
			"to": [3, 16, 13],
			"faces": {
				"north": {"uv": [0, 0, 3, 3], "texture": "#missing"},
				"east": {"uv": [8.25, 0.75, 9, 3.1875], "rotation": 90, "texture": "#texture"},
				"south": {"uv": [0, 0, 3, 3], "texture": "#missing"},
				"west": {"uv": [8.25, 0.75, 9, 3.1875], "rotation": 90, "texture": "#texture"},
				"up": {"uv": [7.25, 12.75, 8, 15.25], "texture": "#texture"},
				"down": {"uv": [7.25, 12.75, 8, 15.25], "texture": "#texture"}
			}
		},
		{
			"from": [13, 13, 3],
			"to": [16, 16, 13],
			"faces": {
				"north": {"uv": [0, 0, 3, 3], "texture": "#missing"},
				"east": {"uv": [8.25, 0.75, 9, 3.1875], "rotation": 90, "texture": "#texture"},
				"south": {"uv": [0, 0, 3, 3], "texture": "#missing"},
				"west": {"uv": [8.25, 0.75, 9, 3.1875], "rotation": 90, "texture": "#texture"},
				"up": {"uv": [4, 12.75, 4.75, 15.25], "texture": "#texture"},
				"down": {"uv": [4, 12.75, 4.75, 15.25], "texture": "#texture"}
			}
		},
		{
			"from": [0, 13, 13],
			"to": [16, 16, 16],
			"faces": {
				"north": {"uv": [4, 12, 8, 12.75], "texture": "#texture"},
				"east": {"uv": [8.25, 0, 9, 0.75], "rotation": 90, "texture": "#texture"},
				"south": {"uv": [4, 12, 8, 12.75], "texture": "#texture"},
				"west": {"uv": [8.25, 0, 9, 0.75], "rotation": 90, "texture": "#texture"},
				"up": {"uv": [4, 12, 8, 12.75], "texture": "#texture"},
				"down": {"uv": [4, 15.25, 8, 16], "texture": "#texture"}
			}
		},
		{
			"from": [3, 13.5, 7],
			"to": [13, 15.5, 9],
			"faces": {
				"north": {"uv": [4.75, 13.75, 7.25, 14.25], "texture": "#texture"},
				"east": {"uv": [0, 0, 0.5, 0.5], "texture": "#missing"},
				"south": {"uv": [4.75, 13.75, 7.25, 14.25], "texture": "#texture"},
				"west": {"uv": [0, 0, 0.5, 0.5], "texture": "#missing"},
				"up": {"uv": [4.75, 13.75, 7.25, 14.25], "texture": "#texture"},
				"down": {"uv": [4.75, 13.75, 7.25, 14.25], "texture": "#texture"}
			}
		},
		{
			"from": [7, 13.5, 3],
			"to": [9, 15.5, 13],
			"faces": {
				"north": {"uv": [0, 0, 0.5, 0.5], "texture": "#missing"},
				"east": {"uv": [5.75, 12.75, 6.25, 15.25], "rotation": 90, "texture": "#texture"},
				"south": {"uv": [0, 0, 0.5, 0.5], "texture": "#missing"},
				"west": {"uv": [5.75, 12.75, 6.25, 15.25], "rotation": 90, "texture": "#texture"},
				"up": {"uv": [5.75, 12.75, 6.25, 15.25], "texture": "#texture"},
				"down": {"uv": [5.75, 12.75, 6.25, 15.25], "texture": "#texture"}
			}
		}
	]
}