{
	"credit": "Made with Blockbench",
	"texture_size": [64, 64],
	"textures": {
		"0": "block/door",
		"particle": "block/door"
	},
	"elements": [
		{
			"from": [1, 13, 0],
			"to": [17, 16, 3],
			"faces": {
				"north": {"uv": [0, 8, 4, 8.75], "texture": "#0"},
				"east": {"uv": [8.75, 0, 9.5, 0.75], "texture": "#0"},
				"south": {"uv": [0, 8, 4, 8.75], "texture": "#0"},
				"west": {"uv": [8.75, 0, 9.5, 0.75], "texture": "#0"},
				"up": {"uv": [12.25, 0, 13, 4], "rotation": 270, "texture": "#0"},
				"down": {"uv": [12.25, 0, 13, 4], "rotation": 90, "texture": "#0"}
			}
		},
		{
			"from": [14, 0, 0],
			"to": [17, 13, 3],
			"faces": {
				"north": {"uv": [3.25, 8.75, 4, 12], "texture": "#0"},
				"east": {"uv": [8.75, 0.75, 9.5, 4], "texture": "#0"},
				"south": {"uv": [3.25, 8.75, 4, 12], "texture": "#0"},
				"west": {"uv": [8.75, 0.75, 9.5, 4], "texture": "#0"},
				"up": {"uv": [0, 0, 0.75, 0.75], "rotation": 270, "texture": "#0"},
				"down": {"uv": [0, 0, 0.75, 0.75], "rotation": 90, "texture": "#0"}
			}
		},
		{
			"from": [1, 0, 0],
			"to": [4, 13, 3],
			"faces": {
				"north": {"uv": [3.25, 8.75, 4, 12], "texture": "#0"},
				"east": {"uv": [8.75, 0.75, 9.5, 4], "texture": "#0"},
				"south": {"uv": [3.25, 8.75, 4, 12], "texture": "#0"},
				"west": {"uv": [8.75, 0.75, 9.5, 4], "texture": "#0"},
				"up": {"uv": [0, 0, 0.75, 0.75], "rotation": 270, "texture": "#0"},
				"down": {"uv": [0, 0, 0.75, 0.75], "rotation": 90, "texture": "#0"}
			}
		},
		{
			"from": [4, 0, 0.5],
			"to": [14, 3, 2.5],
			"faces": {
				"north": {"uv": [0.75, 11.25, 3.25, 12], "texture": "#0"},
				"east": {"uv": [0, 0, 0.5, 0.75], "texture": "#0"},
				"south": {"uv": [0.75, 11.25, 3.25, 12], "texture": "#0"},
				"west": {"uv": [0, 0, 0.5, 0.75], "texture": "#0"},
				"up": {"uv": [1.75, 8.75, 2.25, 11.25], "rotation": 270, "texture": "#0"},
				"down": {"uv": [1.75, 8.75, 2.25, 11.25], "rotation": 90, "texture": "#0"}
			}
		}
	],
	"groups": [
		{
			"name": "group",
			"origin": [0, 0, 0],
			"color": 0,
			"children": [0, 1, 2, 3]
		}
	]
}