{
	"credit": "Made with Blockbench",
	"texture_size": [64, 64],
	"textures": {
		"0": "block/door",
		"particle": "block/door"
	},
	"elements": [
		{
			"from": [1, 0, 0],
			"to": [4, 3, 16],
			"faces": {
				"north": {"uv": [8.75, 7.25, 9.5, 8], "texture": "#0"},
				"east": {"uv": [0, 15.25, 4, 16], "texture": "#0"},
				"south": {"uv": [8.75, 7.25, 9.5, 8], "texture": "#0"},
				"west": {"uv": [0, 15.25, 4, 16], "texture": "#0"},
				"up": {"uv": [12.25, 0, 13, 4], "texture": "#0"},
				"down": {"uv": [12.25, 0, 13, 4], "texture": "#0"}
			}
		},
		{
			"from": [1, 3, 13],
			"to": [4, 16, 16],
			"faces": {
				"north": {"uv": [8.75, 4, 9.5, 7.25], "texture": "#0"},
				"east": {"uv": [0, 12, 0.75, 15.25], "texture": "#0"},
				"south": {"uv": [8.75, 4, 9.5, 7.25], "texture": "#0"},
				"west": {"uv": [3.25, 12, 4, 15.25], "texture": "#0"},
				"up": {"uv": [0, 0, 0.75, 0.75], "texture": "#0"},
				"down": {"uv": [0, 0, 0.75, 0.75], "texture": "#0"}
			}
		},
		{
			"from": [2, 6, 3],
			"to": [3, 9.5, 13],
			"faces": {
				"north": {"uv": [0, 0, 0.25, 0.875], "texture": "#0"},
				"east": {"uv": [0.75, 12, 3.25, 12.875], "texture": "#0"},
				"south": {"uv": [0, 0, 0.25, 0.875], "texture": "#0"},
				"west": {"uv": [0.75, 13.625, 3.25, 14.5], "texture": "#0"},
				"up": {"uv": [0, 0, 0.25, 2.5], "texture": "#0"},
				"down": {"uv": [0, 0, 0.25, 2.5], "texture": "#0"}
			}
		},
		{
			"from": [2, 12.5, 3],
			"to": [3, 16, 13],
			"faces": {
				"north": {"uv": [0, 0, 0.25, 0.875], "texture": "#0"},
				"east": {"uv": [0.75, 12, 3.25, 12.875], "texture": "#0"},
				"south": {"uv": [0, 0, 0.25, 0.875], "texture": "#0"},
				"west": {"uv": [0.75, 12, 3.25, 12.875], "texture": "#0"},
				"up": {"uv": [0, 0, 0.25, 2.5], "texture": "#0"},
				"down": {"uv": [0, 0, 0.25, 2.5], "texture": "#0"}
			}
		},
		{
			"from": [1.5, 9.5, 3],
			"to": [3.5, 12.5, 13],
			"faces": {
				"north": {"uv": [0, 0, 0.5, 0.75], "texture": "#0"},
				"east": {"uv": [0.75, 11.25, 3.25, 12], "texture": "#0"},
				"south": {"uv": [0, 0, 0.5, 0.75], "texture": "#0"},
				"west": {"uv": [0.75, 11.25, 3.25, 12], "texture": "#0"},
				"up": {"uv": [1.75, 8.75, 2.25, 11.25], "texture": "#0"},
				"down": {"uv": [1.75, 8.75, 2.25, 11.25], "texture": "#0"}
			}
		},
		{
			"from": [1.5, 3, 3],
			"to": [3.5, 6, 13],
			"faces": {
				"north": {"uv": [0, 0, 0.5, 0.75], "texture": "#0"},
				"east": {"uv": [0.75, 14.5, 3.25, 15.25], "texture": "#0"},
				"south": {"uv": [0, 0, 0.5, 0.75], "texture": "#0"},
				"west": {"uv": [0.75, 14.5, 3.25, 15.25], "texture": "#0"},
				"up": {"uv": [1.75, 8.75, 2.25, 11.25], "texture": "#0"},
				"down": {"uv": [0, 0, 0.5, 2.5], "texture": "#0"}
			}
		},
		{
			"from": [0, 15, 12],
			"to": [1, 16, 15],
			"faces": {
				"north": {"uv": [15, 7.5, 15.25, 7.75], "texture": "#0"},
				"east": {"uv": [15.25, 7.5, 16, 7.75], "texture": "#0"},
				"south": {"uv": [15, 7.5, 15.25, 7.75], "texture": "#0"},
				"west": {"uv": [15.25, 7.5, 16, 7.75], "texture": "#0"},
				"up": {"uv": [15.25, 7.25, 16, 7.5], "rotation": 90, "texture": "#0"},
				"down": {"uv": [15.25, 7.75, 16, 8], "rotation": 90, "texture": "#0"}
			}
		},
		{
			"from": [4, 15, 12],
			"to": [5, 16, 15],
			"faces": {
				"north": {"uv": [15, 7.5, 15.25, 7.75], "texture": "#0"},
				"east": {"uv": [15.25, 7.5, 16, 7.75], "texture": "#0"},
				"south": {"uv": [15, 7.5, 15.25, 7.75], "texture": "#0"},
				"west": {"uv": [15.25, 7.5, 16, 7.75], "texture": "#0"},
				"up": {"uv": [15.25, 7.25, 16, 7.5], "rotation": 90, "texture": "#0"},
				"down": {"uv": [15.25, 7.75, 16, 8], "rotation": 90, "texture": "#0"}
			}
		},
		{
			"from": [1, 3, 0],
			"to": [4, 16, 3],
			"faces": {
				"north": {"uv": [8.75, 4, 9.5, 7.25], "texture": "#0"},
				"east": {"uv": [3.25, 12, 4, 15.25], "texture": "#0"},
				"south": {"uv": [8.75, 4, 9.5, 7.25], "texture": "#0"},
				"west": {"uv": [0, 12, 0.75, 15.25], "texture": "#0"},
				"up": {"uv": [0, 0, 0.75, 0.75], "texture": "#0"},
				"down": {"uv": [0, 0, 0.75, 0.75], "texture": "#0"}
			}
		}
	],
	"groups": [
		{
			"name": "group",
			"origin": [0, 0, 0],
			"color": 0,
			"children": [0, 1, 2, 3, 4, 5, 6, 7, 8]
		}
	]
}