{
	"credit": "Made with Blockbench",
	"texture_size": [64, 64],
	"textures": {
		"0": "block/door",
		"particle": "block/door"
	},
	"elements": [
		{
			"from": [1, 13, 13],
			"to": [17, 16, 16],
			"rotation": {"angle": 0, "axis": "y", "origin": [0, 0, 16]},
			"faces": {
				"north": {"uv": [4, 8, 0, 8.75], "texture": "#0"},
				"east": {"uv": [9.5, 0, 8.75, 0.75], "texture": "#0"},
				"south": {"uv": [4, 8, 0, 8.75], "texture": "#0"},
				"west": {"uv": [9.5, 0, 8.75, 0.75], "texture": "#0"},
				"up": {"uv": [13, 0, 12.25, 4], "rotation": 270, "texture": "#0"},
				"down": {"uv": [13, 0, 12.25, 4], "rotation": 90, "texture": "#0"}
			}
		},
		{
			"from": [14, 0, 13],
			"to": [17, 13, 16],
			"rotation": {"angle": 0, "axis": "y", "origin": [0, 0, 16]},
			"faces": {
				"north": {"uv": [4, 8.75, 3.25, 12], "texture": "#0"},
				"east": {"uv": [9.5, 0.75, 8.75, 4], "texture": "#0"},
				"south": {"uv": [4, 8.75, 3.25, 12], "texture": "#0"},
				"west": {"uv": [9.5, 0.75, 8.75, 4], "texture": "#0"},
				"up": {"uv": [0.75, 0, 0, 0.75], "rotation": 270, "texture": "#0"},
				"down": {"uv": [0.75, 0, 0, 0.75], "rotation": 90, "texture": "#0"}
			}
		},
		{
			"from": [1, 0, 13],
			"to": [4, 13, 16],
			"rotation": {"angle": 0, "axis": "y", "origin": [0, 0, 16]},
			"faces": {
				"north": {"uv": [4, 8.75, 3.25, 12], "texture": "#0"},
				"east": {"uv": [9.5, 0.75, 8.75, 4], "texture": "#0"},
				"south": {"uv": [4, 8.75, 3.25, 12], "texture": "#0"},
				"west": {"uv": [9.5, 0.75, 8.75, 4], "texture": "#0"},
				"up": {"uv": [0.75, 0, 0, 0.75], "rotation": 270, "texture": "#0"},
				"down": {"uv": [0.75, 0, 0, 0.75], "rotation": 90, "texture": "#0"}
			}
		},
		{
			"from": [4, 0, 13.5],
			"to": [14, 3, 15.5],
			"rotation": {"angle": 0, "axis": "y", "origin": [0, 0, 16]},
			"faces": {
				"north": {"uv": [3.25, 11.25, 0.75, 12], "texture": "#0"},
				"east": {"uv": [0.5, 0, 0, 0.75], "texture": "#0"},
				"south": {"uv": [3.25, 11.25, 0.75, 12], "texture": "#0"},
				"west": {"uv": [0.5, 0, 0, 0.75], "texture": "#0"},
				"up": {"uv": [2.25, 8.75, 1.75, 11.25], "rotation": 270, "texture": "#0"},
				"down": {"uv": [2.25, 8.75, 1.75, 11.25], "rotation": 90, "texture": "#0"}
			}
		}
	],
	"groups": [
		{
			"name": "group",
			"origin": [0, 0, 0],
			"color": 0,
			"children": [0, 1, 2, 3]
		}
	]
}