{
	"credit": "Made with Blockbench",
	"parent": "minecraft:block/fence_post",
	"texture_size": [32, 32],
	"textures": {
		"1": "block/oak_fence",
		"particle": "block/oak_fence"
	},
	"elements": [
		{
			"from": [6, 10.0625, 0],
			"to": [10, 14.0625, 4],
			"rotation": {"angle": 0, "axis": "y", "origin": [10, 10.0625, 0]},
			"faces": {
				"north": {"uv": [14, 0, 16, 2], "texture": "#1"},
				"east": {"uv": [14, 2, 16, 4], "texture": "#1"},
				"south": {"uv": [10, 2, 12, 4], "texture": "#1"},
				"west": {"uv": [8, 2, 10, 4], "texture": "#1"},
				"up": {"uv": [14, 4, 16, 6], "rotation": 90, "texture": "#1"},
				"down": {"uv": [12, 2, 14, 4], "rotation": 270, "texture": "#1"}
			}
		},
		{
			"from": [6.03125, 9.25, 3],
			"to": [9.96875, 13.25, 7],
			"rotation": {"angle": 22.5, "axis": "x", "origin": [8, 11.25, 5.5]},
			"faces": {
				"east": {"uv": [10, 4, 12, 6], "texture": "#1"},
				"west": {"uv": [8, 4, 10, 6], "texture": "#1"},
				"up": {"uv": [12.5, 4, 14.5, 5.96875], "rotation": 90, "texture": "#1"},
				"down": {"uv": [12, 2, 14, 3.96875], "rotation": 270, "texture": "#1"}
			}
		},
		{
			"from": [6.75, 4, 2.5],
			"to": [9.25, 10.1875, 6],
			"rotation": {"angle": 0, "axis": "y", "origin": [9.75, 0, 0]},
			"faces": {
				"north": {"uv": [9, 6, 10.75, 9.09375], "texture": "#1"},
				"east": {"uv": [9, 6, 10.75, 9.09375], "texture": "#1"},
				"west": {"uv": [13.125, 6, 14.875, 9.09375], "texture": "#1"}
			}
		},
		{
			"from": [6.75, -3, 0],
			"to": [9.25, 4, 6],
			"rotation": {"angle": 0, "axis": "y", "origin": [9.75, 1, 0]},
			"faces": {
				"north": {"uv": [11.75, 9.125, 13, 12.625], "texture": "#1"},
				"east": {"uv": [9, 9.125, 12, 12.625], "texture": "#1"},
				"west": {"uv": [12, 9.125, 15, 12.625], "texture": "#1"},
				"up": {"uv": [11.375, 9.125, 12.625, 12.125], "texture": "#1"},
				"down": {"uv": [10, 11.25, 13, 12.5], "rotation": 270, "texture": "#1"}
			}
		},
		{
			"from": [6.78125, 2.5, 1.75],
			"to": [9.21875, 5, 4.25],
			"rotation": {"angle": -45, "axis": "x", "origin": [8, 3.75, 3]},
			"faces": {
				"east": {"uv": [11.375, 6, 12.625, 7.25], "texture": "#1"},
				"west": {"uv": [11.375, 6, 12.625, 7.25], "texture": "#1"},
				"up": {"uv": [11.375, 6, 12.625, 7.21875], "rotation": 90, "texture": "#1"}
			}
		},
		{
			"from": [6.78125, 8, 1.75],
			"to": [9.21875, 10.5, 4.25],
			"rotation": {"angle": -45, "axis": "x", "origin": [8, 9.25, 3]},
			"faces": {
				"north": {"uv": [11.375, 6, 12.625, 7.25], "texture": "#1"},
				"east": {"uv": [11.375, 6, 12.625, 7.25], "texture": "#1"},
				"west": {"uv": [11.375, 6, 12.625, 7.25], "texture": "#1"}
			}
		},
		{
			"from": [6.75, 9, 0],
			"to": [9.25, 10.15625, 2.5],
			"rotation": {"angle": 0, "axis": "y", "origin": [9.75, 0, 0]},
			"faces": {
				"north": {"uv": [11.375, 6, 12.625, 6.57813], "texture": "#1"},
				"east": {"uv": [10.75, 6, 12, 6.57813], "texture": "#1"},
				"west": {"uv": [12, 6, 13.25, 6.57813], "texture": "#1"},
				"down": {"uv": [11.375, 6, 12.625, 7.25], "texture": "#1"}
			}
		},
		{
			"from": [7.5, 4, 0],
			"to": [8.5, 9, 0.5],
			"rotation": {"angle": 0, "axis": "y", "origin": [9.5, 1, 0]},
			"faces": {
				"north": {"uv": [6.5, 10.25, 7, 12.75], "texture": "#1"},
				"east": {"uv": [6.5, 10.25, 6.75, 12.75], "texture": "#1"},
				"south": {"uv": [5, 10.25, 5.5, 12.75], "texture": "#1"},
				"west": {"uv": [0, 0, 0.25, 2.5], "texture": "#1"},
				"up": {"uv": [0, 0, 0.25, 0.5], "rotation": 90, "texture": "#missing"},
				"down": {"uv": [0, 0, 0.25, 0.5], "rotation": 270, "texture": "#missing"}
			}
		},
		{
			"from": [7.5, 6, 0.5],
			"to": [8.5, 7, 2.5],
			"rotation": {"angle": 0, "axis": "y", "origin": [9.5, 1, 0]},
			"faces": {
				"east": {"uv": [5.5, 11.25, 6.5, 11.75], "texture": "#1"},
				"west": {"uv": [7, 11.25, 8, 11.75], "texture": "#1"},
				"up": {"uv": [15, 15, 16, 15.5], "rotation": 90, "texture": "#1"},
				"down": {"uv": [15, 15.5, 16, 16], "rotation": 270, "texture": "#1"}
			}
		}
	]
}