{
	"credit": "Made with Blockbench",
	"ambientocclusion": false,
	"texture_size": [128, 128],
	"textures": {
		"0": "block/pink_tulip",
		"particle": "block/pink_tulip"
	},
	"elements": [
		{
			"from": [8, 0.125, 0],
			"to": [8, 16.125, 16],
			"rotation": {"angle": 45, "axis": "y", "origin": [8, 7.125, 8]},
			"faces": {
				"east": {"uv": [0, 0, 8, 8], "texture": "#0"},
				"west": {"uv": [0, 0, 8, 8], "texture": "#0"}
			}
		},
		{
			"from": [8, 0.125, 0],
			"to": [8, 16.125, 16],
			"rotation": {"angle": -45, "axis": "y", "origin": [8, 7.125, 8]},
			"faces": {
				"east": {"uv": [0, 0, 8, 8], "texture": "#0"},
				"west": {"uv": [0, 0, 8, 8], "texture": "#0"}
			}
		},
		{
			"from": [6, 0.125, 3],
			"to": [10, 0.125, 8],
			"rotation": {"angle": 45, "axis": "x", "origin": [8, 0.125, 8]},
			"faces": {
				"up": {"uv": [0, 13.375, 2, 16], "texture": "#0"},
				"down": {"uv": [2, 10, 4, 12.625], "texture": "#0"}
			}
		},
		{
			"from": [3, 0.125, 6],
			"to": [8, 0.125, 10],
			"rotation": {"angle": -45, "axis": "z", "origin": [8, 0.125, 8]},
			"faces": {
				"up": {"uv": [0, 13.375, 2, 16], "rotation": 270, "texture": "#0"},
				"down": {"uv": [2, 10, 4, 12.625], "rotation": 90, "texture": "#0"}
			}
		},
		{
			"from": [6, 0.125, 8],
			"to": [10, 0.125, 13],
			"rotation": {"angle": -45, "axis": "x", "origin": [8, 0.125, 8]},
			"faces": {
				"up": {"uv": [0, 13.375, 2, 16], "rotation": 180, "texture": "#0"},
				"down": {"uv": [2, 10, 4, 12.625], "rotation": 180, "texture": "#0"}
			}
		},
		{
			"from": [8, 0.125, 6],
			"to": [13, 0.125, 10],
			"rotation": {"angle": 45, "axis": "z", "origin": [8, 0.125, 8]},
			"faces": {
				"up": {"uv": [0, 13.375, 2, 16], "rotation": 90, "texture": "#0"},
				"down": {"uv": [2, 10, 4, 12.625], "rotation": 270, "texture": "#0"}
			}
		},
		{
			"from": [6, 5.5625, -0.125],
			"to": [10, 5.5625, 4.875],
			"rotation": {"angle": 22.5, "axis": "x", "origin": [8, 5.5625, -0.125]},
			"faces": {
				"up": {"uv": [0, 11, 2, 13.625], "texture": "#0"},
				"down": {"uv": [2, 12.375, 4, 15], "texture": "#0"}
			}
		},
		{
			"from": [-0.125, 5.5625, 6],
			"to": [4.875, 5.5625, 10],
			"rotation": {"angle": -22.5, "axis": "z", "origin": [-0.125, 5.5625, 8]},
			"faces": {
				"up": {"uv": [0, 11, 2, 13.625], "rotation": 270, "texture": "#0"},
				"down": {"uv": [2, 12.375, 4, 15], "rotation": 90, "texture": "#0"}
			}
		},
		{
			"from": [6, 5.5625, 11.125],
			"to": [10, 5.5625, 16.125],
			"rotation": {"angle": -22.5, "axis": "x", "origin": [8, 5.5625, 16.125]},
			"faces": {
				"up": {"uv": [0, 11, 2, 13.625], "rotation": 180, "texture": "#0"},
				"down": {"uv": [2, 12.375, 4, 15], "rotation": 180, "texture": "#0"}
			}
		},
		{
			"from": [11.125, 5.5625, 6],
			"to": [16.125, 5.5625, 10],
			"rotation": {"angle": 22.5, "axis": "z", "origin": [16.125, 5.5625, 8]},
			"faces": {
				"up": {"uv": [0, 11, 2, 13.625], "rotation": 90, "texture": "#0"},
				"down": {"uv": [2, 12.375, 4, 15], "rotation": 270, "texture": "#0"}
			}
		}
	]
}