{
	"credit": "Made with Blockbench",
	"parent": "minecraft:block/tinted_cross",
	"textures": {
		"1": "block/azure_bluet",
		"2": "block/dirt",
		"3": "block/flower_pot_cross",
		"particle": "block/dirt"
	},
	"elements": [
		{
			"from": [3, 6.375, 2],
			"to": [6, 6.375, 5],
			"faces": {
				"up": {"uv": [0, 8, 6, 14], "texture": "#1"},
				"down": {"uv": [0, 8, 6, 14], "texture": "#1"}
			}
		},
		{
			"from": [9, 6.125, 10.625],
			"to": [12, 6.125, 13.625],
			"faces": {
				"up": {"uv": [0, 8, 6, 14], "texture": "#1"},
				"down": {"uv": [0, 8, 6, 14], "texture": "#1"}
			}
		},
		{
			"from": [11.375, 6.25, 7.5],
			"to": [14.375, 6.25, 10.5],
			"faces": {
				"up": {"uv": [0, 8, 6, 14], "texture": "#1"},
				"down": {"uv": [0, 8, 6, 14], "texture": "#1"}
			}
		},
		{
			"from": [1, 6.125, 6],
			"to": [4, 6.125, 9],
			"faces": {
				"up": {"uv": [0, 8, 6, 14], "texture": "#1"},
				"down": {"uv": [0, 8, 6, 14], "texture": "#1"}
			}
		},
		{
			"from": [6, 6.625, 5.25],
			"to": [10, 6.625, 9.25],
			"faces": {
				"up": {"uv": [0, 0, 8, 8], "texture": "#1"},
				"down": {"uv": [0, 0, 8, 8], "texture": "#1"}
			}
		},
		{
			"from": [3, 6.375, 10],
			"to": [7, 6.375, 14],
			"faces": {
				"up": {"uv": [0, 0, 8, 8], "texture": "#1"},
				"down": {"uv": [0, 0, 8, 8], "texture": "#1"}
			}
		},
		{
			"from": [10, 6.125, 2.5],
			"to": [14, 6.125, 6.5],
			"faces": {
				"up": {"uv": [0, 0, 8, 8], "texture": "#1"},
				"down": {"uv": [0, 0, 8, 8], "texture": "#1"}
			}
		},
		{
			"from": [2, 1, 3],
			"to": [3, 6, 13],
			"faces": {
				"north": {"uv": [11, 0, 12, 5], "texture": "#3"},
				"east": {"uv": [0, 0, 10, 5], "texture": "#3"},
				"south": {"uv": [10, 0, 11, 5], "texture": "#3"},
				"west": {"uv": [0, 0, 10, 5], "texture": "#3"},
				"up": {"uv": [12, 0, 13, 5], "texture": "#3"},
				"down": {"uv": [10, 5, 11, 15], "texture": "#3"}
			}
		},
		{
			"from": [13, 1, 3],
			"to": [14, 6, 13],
			"faces": {
				"north": {"uv": [10, 0, 11, 5], "texture": "#3"},
				"east": {"uv": [0, 0, 10, 5], "texture": "#3"},
				"south": {"uv": [11, 0, 12, 5], "texture": "#3"},
				"west": {"uv": [0, 0, 10, 5], "texture": "#3"},
				"up": {"uv": [13, 0, 14, 5], "texture": "#3"},
				"down": {"uv": [10, 5, 11, 15], "texture": "#3"}
			}
		},
		{
			"from": [3, 1, 2],
			"to": [13, 6, 3],
			"faces": {
				"north": {"uv": [0, 0, 10, 5], "texture": "#3"},
				"east": {"uv": [11, 0, 12, 5], "texture": "#3"},
				"south": {"uv": [0, 0, 10, 5], "texture": "#3"},
				"west": {"uv": [10, 0, 11, 5], "texture": "#3"},
				"up": {"uv": [11, 5, 16, 6], "texture": "#3"},
				"down": {"uv": [0, 15, 10, 16], "texture": "#3"}
			}
		},
		{
			"from": [3, 1, 13],
			"to": [13, 6, 14],
			"faces": {
				"north": {"uv": [0, 0, 10, 5], "texture": "#3"},
				"east": {"uv": [10, 0, 11, 5], "texture": "#3"},
				"south": {"uv": [0, 0, 10, 5], "texture": "#3"},
				"west": {"uv": [10, 0, 11, 5], "texture": "#3"},
				"up": {"uv": [11, 6, 16, 7], "texture": "#3"},
				"down": {"uv": [0, 15, 10, 16], "texture": "#3"}
			}
		},
		{
			"from": [3, 0, 3],
			"to": [13, 5, 13],
			"faces": {
				"north": {"uv": [11, 11, 16, 16], "texture": "#3"},
				"east": {"uv": [11, 11, 16, 16], "texture": "#3"},
				"south": {"uv": [11, 11, 16, 16], "texture": "#3"},
				"west": {"uv": [11, 11, 16, 16], "texture": "#3"},
				"up": {"uv": [3, 3, 13, 13], "texture": "#2", "tintindex": 0},
				"down": {"uv": [0, 5, 10, 15], "texture": "#3"}
			}
		}
	],
	"groups": [
		0,
		1,
		2,
		3,
		4,
		5,
		6,
		{
			"name": "group",
			"origin": [0, 0, 0],
			"color": 0,
			"children": [7, 8, 9, 10, 11]
		}
	]
}