{
	"credit": "Made with Blockbench",
	"textures": {
		"2": "block/potted_azalea_bush",
		"particle": "block/flower_pot_cross",
		"flowerpot": "block/flower_pot_cross",
		"dirt": "block/dirt"
	},
	"elements": [
		{
			"from": [8, 5, 3],
			"to": [8, 14, 13],
			"rotation": {"angle": -45, "axis": "y", "origin": [8, 9, 8]},
			"faces": {
				"east": {"uv": [8, 8, 16, 16], "texture": "#2"},
				"west": {"uv": [0, 8, 8, 16], "texture": "#2"}
			}
		},
		{
			"from": [8, 5, 3],
			"to": [8, 14, 13],
			"rotation": {"angle": -45, "axis": "y", "origin": [8, 9, 8]},
			"faces": {
				"east": {"uv": [8, 8, 16, 16], "texture": "#2"},
				"west": {"uv": [0, 8, 8, 16], "texture": "#2"}
			}
		},
		{
			"from": [2, 1, 3],
			"to": [3, 6, 13],
			"faces": {
				"north": {"uv": [11, 0, 12, 5], "texture": "#flowerpot"},
				"east": {"uv": [0, 0, 10, 5], "texture": "#flowerpot"},
				"south": {"uv": [10, 0, 11, 5], "texture": "#flowerpot"},
				"west": {"uv": [0, 0, 10, 5], "texture": "#flowerpot"},
				"up": {"uv": [12, 0, 13, 5], "texture": "#flowerpot"},
				"down": {"uv": [10, 5, 11, 15], "texture": "#flowerpot"}
			}
		},
		{
			"from": [13, 1, 3],
			"to": [14, 6, 13],
			"faces": {
				"north": {"uv": [10, 0, 11, 5], "texture": "#flowerpot"},
				"east": {"uv": [0, 0, 10, 5], "texture": "#flowerpot"},
				"south": {"uv": [11, 0, 12, 5], "texture": "#flowerpot"},
				"west": {"uv": [0, 0, 10, 5], "texture": "#flowerpot"},
				"up": {"uv": [13, 0, 14, 5], "texture": "#flowerpot"},
				"down": {"uv": [10, 5, 11, 15], "texture": "#flowerpot"}
			}
		},
		{
			"from": [3, 1, 13],
			"to": [13, 6, 14],
			"faces": {
				"north": {"uv": [0, 0, 10, 5], "texture": "#flowerpot"},
				"east": {"uv": [10, 0, 11, 5], "texture": "#flowerpot"},
				"south": {"uv": [0, 0, 10, 5], "texture": "#flowerpot"},
				"west": {"uv": [10, 0, 11, 5], "texture": "#flowerpot"},
				"up": {"uv": [11, 6, 16, 7], "texture": "#flowerpot"},
				"down": {"uv": [0, 15, 10, 16], "texture": "#flowerpot"}
			}
		},
		{
			"from": [3, 1, 2],
			"to": [13, 6, 3],
			"faces": {
				"north": {"uv": [0, 0, 10, 5], "texture": "#flowerpot"},
				"east": {"uv": [11, 0, 12, 5], "texture": "#flowerpot"},
				"south": {"uv": [0, 0, 10, 5], "texture": "#flowerpot"},
				"west": {"uv": [10, 0, 11, 5], "texture": "#flowerpot"},
				"up": {"uv": [11, 5, 16, 6], "texture": "#flowerpot"},
				"down": {"uv": [0, 15, 10, 16], "texture": "#flowerpot"}
			}
		},
		{
			"from": [3, 0, 3],
			"to": [13, 5, 13],
			"faces": {
				"north": {"uv": [11, 11, 16, 16], "texture": "#flowerpot"},
				"east": {"uv": [11, 11, 16, 16], "texture": "#flowerpot"},
				"south": {"uv": [11, 11, 16, 16], "texture": "#flowerpot"},
				"west": {"uv": [11, 11, 16, 16], "texture": "#flowerpot"},
				"up": {"uv": [3, 3, 13, 13], "texture": "#dirt"},
				"down": {"uv": [0, 5, 10, 15], "texture": "#flowerpot"}
			}
		},
		{
			"name": "cube inverted",
			"from": [13.5, 15.875, 6.125],
			"to": [7.5, 9.875, 0.125],
			"rotation": {"angle": 22.5, "axis": "z", "origin": [7.5, 9.875, 6.125]},
			"faces": {
				"north": {"uv": [6.25, 0, 3.125, 3.125], "rotation": 180, "texture": "#2"},
				"east": {"uv": [3.125, 3.125, 6.25, 0], "rotation": 90, "texture": "#2"},
				"south": {"uv": [10, 0, 6.875, 3.125], "texture": "#2"},
				"west": {"uv": [6.75, 3.125, 9.875, 0], "rotation": 270, "texture": "#2"},
				"up": {"uv": [0, 3.125, 3.125, 0], "texture": "#2"},
				"down": {"uv": [7.125, 3.125, 10.25, 0], "rotation": 180, "texture": "#2"}
			}
		},
		{
			"from": [7.875, 10.5, 4.875],
			"to": [8.875, 11.5, 5.875],
			"rotation": {"angle": 22.5, "axis": "z", "origin": [7.625, 9.875, 6]},
			"faces": {
				"north": {"uv": [13.5, 0, 14, 0.5], "rotation": 180, "texture": "#2"},
				"east": {"uv": [13.5, 0, 14, 0.5], "rotation": 90, "texture": "#2"},
				"south": {"uv": [13.5, 0, 14, 0.5], "texture": "#2"},
				"west": {"uv": [13.5, 0, 14, 0.5], "rotation": 270, "texture": "#2"},
				"up": {"uv": [13.5, 0, 14, 0.5], "texture": "#2"},
				"down": {"uv": [13.5, 0, 14, 0.5], "rotation": 180, "texture": "#2"}
			}
		},
		{
			"from": [7.75, 10.25, 3],
			"to": [10.75, 13.25, 6],
			"rotation": {"angle": 22.5, "axis": "z", "origin": [7.625, 10, 6.125]},
			"faces": {
				"north": {"uv": [14.5, 0, 16, 1.5], "rotation": 180, "texture": "#2"},
				"east": {"uv": [14.5, 0, 16, 1.5], "rotation": 90, "texture": "#2"},
				"south": {"uv": [14.5, 0, 16, 1.5], "texture": "#2"},
				"west": {"uv": [14.5, 0, 16, 1.5], "rotation": 270, "texture": "#2"},
				"up": {"uv": [14.5, 0, 16, 1.5], "texture": "#2"},
				"down": {"uv": [14.5, 0, 16, 1.5], "rotation": 180, "texture": "#2"}
			}
		},
		{
			"name": "cube inverted",
			"from": [10.75, 13.25, 6],
			"to": [7.75, 10.25, 3],
			"rotation": {"angle": 22.5, "axis": "z", "origin": [7.625, 10, 6.125]},
			"faces": {
				"north": {"uv": [16, 0, 14.5, 1.5], "rotation": 180, "texture": "#2"},
				"east": {"uv": [14.5, 1.5, 16, 0], "rotation": 90, "texture": "#2"},
				"south": {"uv": [16, 0, 14.5, 1.5], "texture": "#2"},
				"west": {"uv": [14.5, 1.5, 16, 0], "rotation": 270, "texture": "#2"},
				"up": {"uv": [14.5, 1.5, 16, 0], "texture": "#2"},
				"down": {"uv": [14.5, 1.5, 16, 0], "rotation": 180, "texture": "#2"}
			}
		},
		{
			"from": [7.5, 9.875, 0.125],
			"to": [13.5, 15.875, 6.125],
			"rotation": {"angle": 22.5, "axis": "z", "origin": [7.5, 9.875, 6.125]},
			"faces": {
				"south": {"uv": [3.125, 0, 6.25, 3.125], "texture": "#2"},
				"west": {"uv": [3.125, 0, 6.25, 3.125], "rotation": 270, "texture": "#2"},
				"down": {"uv": [0, 0, 3.125, 3.125], "rotation": 180, "texture": "#2"}
			}
		},
		{
			"name": "cube inverted",
			"from": [15.375, 15.875, 13.375],
			"to": [9.375, 9.875, 7.375],
			"rotation": {"angle": -22.5, "axis": "x", "origin": [9.375, 9.875, 7.375]},
			"faces": {
				"north": {"uv": [6.75, 3.125, 9.875, 0], "rotation": 270, "texture": "#2"},
				"east": {"uv": [6.25, 0, 3.125, 3.125], "rotation": 180, "texture": "#2"},
				"south": {"uv": [3.125, 3.125, 6.25, 0], "rotation": 90, "texture": "#2"},
				"west": {"uv": [10, 0, 6.875, 3.125], "texture": "#2"},
				"up": {"uv": [0, 3.125, 3.125, 0], "rotation": 90, "texture": "#2"},
				"down": {"uv": [7.125, 3.125, 10.25, 0], "rotation": 90, "texture": "#2"}
			}
		},
		{
			"from": [9.625, 10.875, 8],
			"to": [10.625, 11.875, 9],
			"rotation": {"angle": -22.5, "axis": "x", "origin": [9.75, 10.25, 7.75]},
			"faces": {
				"north": {"uv": [13.5, 0, 14, 0.5], "rotation": 270, "texture": "#2"},
				"east": {"uv": [13.5, 0, 14, 0.5], "rotation": 180, "texture": "#2"},
				"south": {"uv": [13.5, 0, 14, 0.5], "rotation": 90, "texture": "#2"},
				"west": {"uv": [13.5, 0, 14, 0.5], "texture": "#2"},
				"up": {"uv": [13.5, 0, 14, 0.5], "rotation": 90, "texture": "#2"},
				"down": {"uv": [13.5, 0, 14, 0.5], "rotation": 90, "texture": "#2"}
			}
		},
		{
			"from": [9.5, 10.25, 7.625],
			"to": [12.5, 13.25, 10.625],
			"rotation": {"angle": -22.5, "axis": "x", "origin": [9.5, 10, 7.5]},
			"faces": {
				"north": {"uv": [14.5, 0, 16, 1.5], "rotation": 270, "texture": "#2"},
				"east": {"uv": [14.5, 0, 16, 1.5], "rotation": 180, "texture": "#2"},
				"south": {"uv": [14.5, 0, 16, 1.5], "rotation": 90, "texture": "#2"},
				"west": {"uv": [14.5, 0, 16, 1.5], "texture": "#2"},
				"up": {"uv": [14.5, 0, 16, 1.5], "rotation": 90, "texture": "#2"},
				"down": {"uv": [14.5, 0, 16, 1.5], "rotation": 90, "texture": "#2"}
			}
		},
		{
			"name": "cube inverted",
			"from": [12.5, 13.25, 10.625],
			"to": [9.5, 10.25, 7.625],
			"rotation": {"angle": -22.5, "axis": "x", "origin": [9.5, 10, 7.5]},
			"faces": {
				"north": {"uv": [14.5, 1.5, 16, 0], "rotation": 270, "texture": "#2"},
				"east": {"uv": [16, 0, 14.5, 1.5], "rotation": 180, "texture": "#2"},
				"south": {"uv": [14.5, 1.5, 16, 0], "rotation": 90, "texture": "#2"},
				"west": {"uv": [16, 0, 14.5, 1.5], "texture": "#2"},
				"up": {"uv": [14.5, 1.5, 16, 0], "rotation": 90, "texture": "#2"},
				"down": {"uv": [14.5, 1.5, 16, 0], "rotation": 90, "texture": "#2"}
			}
		},
		{
			"from": [9.375, 9.875, 7.375],
			"to": [15.375, 15.875, 13.375],
			"rotation": {"angle": -22.5, "axis": "x", "origin": [9.375, 9.875, 7.375]},
			"faces": {
				"north": {"uv": [3.125, 0, 6.25, 3.125], "rotation": 270, "texture": "#2"},
				"west": {"uv": [3.125, 0, 6.25, 3.125], "texture": "#2"},
				"down": {"uv": [0, 0, 3.125, 3.125], "rotation": 90, "texture": "#2"}
			}
		},
		{
			"name": "cube inverted",
			"from": [17.25, 13.375, 5.25],
			"to": [11.25, 7.375, -0.75],
			"rotation": {"angle": -22.5, "axis": "z", "origin": [13.4375, 9.5625, 3.0625]},
			"faces": {
				"north": {"uv": [0, 3.125, 3.125, 0], "rotation": 270, "texture": "#2"},
				"east": {"uv": [6.25, 0, 3.125, 3.125], "rotation": 270, "texture": "#2"},
				"south": {"uv": [7.125, 3.125, 10.25, 0], "rotation": 90, "texture": "#2"},
				"west": {"uv": [10, 0, 6.875, 3.125], "rotation": 270, "texture": "#2"},
				"up": {"uv": [3.125, 3.125, 6.25, 0], "rotation": 90, "texture": "#2"},
				"down": {"uv": [6.75, 3.125, 9.875, 0], "rotation": 90, "texture": "#2"}
			}
		},
		{
			"from": [11.625, 7.75, 3.875],
			"to": [12.625, 8.75, 4.875],
			"rotation": {"angle": -22.5, "axis": "z", "origin": [13.4375, 9.5625, 3.0625]},
			"faces": {
				"north": {"uv": [13.5, 0, 14, 0.5], "rotation": 270, "texture": "#2"},
				"east": {"uv": [13.5, 0, 14, 0.5], "rotation": 270, "texture": "#2"},
				"south": {"uv": [13.5, 0, 14, 0.5], "rotation": 90, "texture": "#2"},
				"west": {"uv": [13.5, 0, 14, 0.5], "rotation": 270, "texture": "#2"},
				"up": {"uv": [13.5, 0, 14, 0.5], "rotation": 90, "texture": "#2"},
				"down": {"uv": [13.5, 0, 14, 0.5], "rotation": 90, "texture": "#2"}
			}
		},
		{
			"from": [11.375, 7.5, 2.125],
			"to": [14.375, 10.5, 5.125],
			"rotation": {"angle": -22.5, "axis": "z", "origin": [13.4375, 9.5625, 3.0625]},
			"faces": {
				"north": {"uv": [14.5, 0, 16, 1.5], "rotation": 270, "texture": "#2"},
				"east": {"uv": [14.5, 0, 16, 1.5], "rotation": 270, "texture": "#2"},
				"south": {"uv": [14.5, 0, 16, 1.5], "rotation": 90, "texture": "#2"},
				"west": {"uv": [14.5, 0, 16, 1.5], "rotation": 270, "texture": "#2"},
				"up": {"uv": [14.5, 0, 16, 1.5], "rotation": 90, "texture": "#2"},
				"down": {"uv": [14.5, 0, 16, 1.5], "rotation": 90, "texture": "#2"}
			}
		},
		{
			"name": "cube inverted",
			"from": [14.375, 10.5, 5.125],
			"to": [11.375, 7.5, 2.125],
			"rotation": {"angle": -22.5, "axis": "z", "origin": [13.4375, 9.5625, 3.0625]},
			"faces": {
				"north": {"uv": [14.5, 1.5, 16, 0], "rotation": 270, "texture": "#2"},
				"east": {"uv": [16, 0, 14.5, 1.5], "rotation": 270, "texture": "#2"},
				"south": {"uv": [14.5, 1.5, 16, 0], "rotation": 90, "texture": "#2"},
				"west": {"uv": [16, 0, 14.5, 1.5], "rotation": 270, "texture": "#2"},
				"up": {"uv": [14.5, 1.5, 16, 0], "rotation": 90, "texture": "#2"},
				"down": {"uv": [14.5, 1.5, 16, 0], "rotation": 90, "texture": "#2"}
			}
		},
		{
			"from": [11.25, 7.375, -0.75],
			"to": [17.25, 13.375, 5.25],
			"rotation": {"angle": -22.5, "axis": "z", "origin": [13.4375, 9.5625, 3.0625]},
			"faces": {
				"south": {"uv": [0, 0, 3.125, 3.125], "rotation": 90, "texture": "#2"},
				"west": {"uv": [3.125, 0, 6.25, 3.125], "rotation": 270, "texture": "#2"},
				"down": {"uv": [3.125, 0, 6.25, 3.125], "rotation": 90, "texture": "#2"}
			}
		},
		{
			"name": "cube inverted",
			"from": [6.5, 16.75, 11],
			"to": [0.5, 10.75, 5],
			"rotation": {"angle": -45, "axis": "x", "origin": [4.5, 12.75, 7.125]},
			"faces": {
				"north": {"uv": [6.75, 3.125, 9.875, 0], "texture": "#2"},
				"east": {"uv": [7.125, 3.125, 10.25, 0], "texture": "#2"},
				"south": {"uv": [3.125, 3.125, 6.25, 0], "texture": "#2"},
				"west": {"uv": [0, 3.125, 3.125, 0], "texture": "#2"},
				"up": {"uv": [6.25, 0, 3.125, 3.125], "rotation": 90, "texture": "#2"},
				"down": {"uv": [10, 0, 6.875, 3.125], "rotation": 270, "texture": "#2"}
			}
		},
		{
			"from": [5.25, 11, 5.625],
			"to": [6.25, 12, 6.625],
			"rotation": {"angle": -45, "axis": "x", "origin": [4.5, 12.75, 7.125]},
			"faces": {
				"north": {"uv": [13.5, 0, 14, 0.5], "texture": "#2"},
				"east": {"uv": [13.5, 0, 14, 0.5], "texture": "#2"},
				"south": {"uv": [13.5, 0, 14, 0.5], "texture": "#2"},
				"west": {"uv": [13.5, 0, 14, 0.5], "texture": "#2"},
				"up": {"uv": [13.5, 0, 14, 0.5], "rotation": 90, "texture": "#2"},
				"down": {"uv": [13.5, 0, 14, 0.5], "rotation": 270, "texture": "#2"}
			}
		},
		{
			"from": [3.375, 10.875, 5.25],
			"to": [6.375, 13.875, 8.25],
			"rotation": {"angle": -45, "axis": "x", "origin": [4.5, 12.75, 7.125]},
			"faces": {
				"north": {"uv": [14.5, 0, 16, 1.5], "texture": "#2"},
				"east": {"uv": [14.5, 0, 16, 1.5], "texture": "#2"},
				"south": {"uv": [14.5, 0, 16, 1.5], "texture": "#2"},
				"west": {"uv": [14.5, 0, 16, 1.5], "texture": "#2"},
				"up": {"uv": [14.5, 0, 16, 1.5], "rotation": 90, "texture": "#2"},
				"down": {"uv": [14.5, 0, 16, 1.5], "rotation": 270, "texture": "#2"}
			}
		},
		{
			"name": "cube inverted",
			"from": [6.375, 13.875, 8.25],
			"to": [3.375, 10.875, 5.25],
			"rotation": {"angle": -45, "axis": "x", "origin": [4.5, 12.75, 7.125]},
			"faces": {
				"north": {"uv": [14.5, 1.5, 16, 0], "texture": "#2"},
				"east": {"uv": [14.5, 1.5, 16, 0], "texture": "#2"},
				"south": {"uv": [14.5, 1.5, 16, 0], "texture": "#2"},
				"west": {"uv": [14.5, 1.5, 16, 0], "texture": "#2"},
				"up": {"uv": [16, 0, 14.5, 1.5], "rotation": 90, "texture": "#2"},
				"down": {"uv": [16, 0, 14.5, 1.5], "rotation": 270, "texture": "#2"}
			}
		},
		{
			"from": [0.5, 10.75, 5],
			"to": [6.5, 16.75, 11],
			"rotation": {"angle": -45, "axis": "x", "origin": [4.5, 12.75, 7.125]},
			"faces": {
				"north": {"uv": [3.125, 0, 6.25, 3.125], "texture": "#2"},
				"east": {"uv": [0, 0, 3.125, 3.125], "texture": "#2"},
				"down": {"uv": [3.125, 0, 6.25, 3.125], "rotation": 270, "texture": "#2"}
			}
		},
		{
			"name": "cube inverted",
			"from": [25.75, 12.125, 11.75],
			"to": [19.75, 6.125, 5.75],
			"rotation": {"angle": -45, "axis": "y", "origin": [19.75, 6.125, -0.25]},
			"faces": {
				"north": {"uv": [0, 3.125, 3.125, 0], "rotation": 270, "texture": "#2"},
				"east": {"uv": [6.25, 0, 3.125, 3.125], "rotation": 270, "texture": "#2"},
				"south": {"uv": [7.125, 3.125, 10.25, 0], "rotation": 90, "texture": "#2"},
				"west": {"uv": [10, 0, 6.875, 3.125], "rotation": 270, "texture": "#2"},
				"up": {"uv": [3.125, 3.125, 6.25, 0], "rotation": 90, "texture": "#2"},
				"down": {"uv": [6.75, 3.125, 9.875, 0], "rotation": 90, "texture": "#2"}
			}
		},
		{
			"from": [20, 6.75, 10.5],
			"to": [21, 7.75, 11.5],
			"rotation": {"angle": -45, "axis": "y", "origin": [20.125, 6.5, 0.125]},
			"faces": {
				"north": {"uv": [13.5, 0, 14, 0.5], "rotation": 270, "texture": "#2"},
				"east": {"uv": [13.5, 0, 14, 0.5], "rotation": 270, "texture": "#2"},
				"south": {"uv": [13.5, 0, 14, 0.5], "rotation": 90, "texture": "#2"},
				"west": {"uv": [13.5, 0, 14, 0.5], "rotation": 270, "texture": "#2"},
				"up": {"uv": [13.5, 0, 14, 0.5], "rotation": 90, "texture": "#2"},
				"down": {"uv": [13.5, 0, 14, 0.5], "rotation": 90, "texture": "#2"}
			}
		},
		{
			"from": [19.875, 6.375, 8.625],
			"to": [22.875, 9.375, 11.625],
			"rotation": {"angle": -45, "axis": "y", "origin": [19.875, 6.25, -0.125]},
			"faces": {
				"north": {"uv": [14.5, 0, 16, 1.5], "rotation": 270, "texture": "#2"},
				"east": {"uv": [14.5, 0, 16, 1.5], "rotation": 270, "texture": "#2"},
				"south": {"uv": [14.5, 0, 16, 1.5], "rotation": 90, "texture": "#2"},
				"west": {"uv": [14.5, 0, 16, 1.5], "rotation": 270, "texture": "#2"},
				"up": {"uv": [14.5, 0, 16, 1.5], "rotation": 90, "texture": "#2"},
				"down": {"uv": [14.5, 0, 16, 1.5], "rotation": 90, "texture": "#2"}
			}
		},
		{
			"name": "cube inverted",
			"from": [22.875, 9.375, 11.625],
			"to": [19.875, 6.375, 8.625],
			"rotation": {"angle": -45, "axis": "y", "origin": [19.875, 6.25, -0.125]},
			"faces": {
				"north": {"uv": [14.5, 1.5, 16, 0], "rotation": 270, "texture": "#2"},
				"east": {"uv": [16, 0, 14.5, 1.5], "rotation": 270, "texture": "#2"},
				"south": {"uv": [14.5, 1.5, 16, 0], "rotation": 90, "texture": "#2"},
				"west": {"uv": [16, 0, 14.5, 1.5], "rotation": 270, "texture": "#2"},
				"up": {"uv": [14.5, 1.5, 16, 0], "rotation": 90, "texture": "#2"},
				"down": {"uv": [14.5, 1.5, 16, 0], "rotation": 90, "texture": "#2"}
			}
		},
		{
			"from": [19.75, 6.125, 5.75],
			"to": [25.75, 12.125, 11.75],
			"rotation": {"angle": -45, "axis": "y", "origin": [19.75, 6.125, -0.25]},
			"faces": {
				"south": {"uv": [0, 0, 3.125, 3.125], "rotation": 90, "texture": "#2"},
				"west": {"uv": [3.125, 0, 6.25, 3.125], "rotation": 270, "texture": "#2"},
				"down": {"uv": [3.125, 0, 6.25, 3.125], "rotation": 90, "texture": "#2"}
			}
		},
		{
			"name": "cube inverted",
			"from": [8.375, 12.25, 5],
			"to": [2.375, 6.25, -1],
			"rotation": {"angle": -45, "axis": "y", "origin": [8.375, 6.25, 5]},
			"faces": {
				"north": {"uv": [6.25, 0, 3.125, 3.125], "rotation": 270, "texture": "#2"},
				"east": {"uv": [7.125, 3.125, 10.25, 0], "rotation": 90, "texture": "#2"},
				"south": {"uv": [10, 0, 6.875, 3.125], "rotation": 270, "texture": "#2"},
				"west": {"uv": [0, 3.125, 3.125, 0], "rotation": 270, "texture": "#2"},
				"up": {"uv": [3.125, 3.125, 6.25, 0], "texture": "#2"},
				"down": {"uv": [6.75, 3.125, 9.875, 0], "rotation": 180, "texture": "#2"}
			}
		},
		{
			"from": [7.125, 6.875, 4.25],
			"to": [8.125, 7.875, 5.25],
			"rotation": {"angle": -45, "axis": "y", "origin": [8.75, 6.625, 5.375]},
			"faces": {
				"north": {"uv": [13.5, 0, 14, 0.5], "rotation": 270, "texture": "#2"},
				"east": {"uv": [13.5, 0, 14, 0.5], "rotation": 90, "texture": "#2"},
				"south": {"uv": [13.5, 0, 14, 0.5], "rotation": 270, "texture": "#2"},
				"west": {"uv": [13.5, 0, 14, 0.5], "rotation": 270, "texture": "#2"},
				"up": {"uv": [13.5, 0, 14, 0.5], "texture": "#2"},
				"down": {"uv": [13.5, 0, 14, 0.5], "rotation": 180, "texture": "#2"}
			}
		},
		{
			"from": [5.25, 6.5, 2],
			"to": [8.25, 9.5, 5],
			"rotation": {"angle": -45, "axis": "y", "origin": [8.5, 6.375, 5.125]},
			"faces": {
				"north": {"uv": [14.5, 0, 16, 1.5], "rotation": 270, "texture": "#2"},
				"east": {"uv": [14.5, 0, 16, 1.5], "rotation": 90, "texture": "#2"},
				"south": {"uv": [14.5, 0, 16, 1.5], "rotation": 270, "texture": "#2"},
				"west": {"uv": [14.5, 0, 16, 1.5], "rotation": 270, "texture": "#2"},
				"up": {"uv": [14.5, 0, 16, 1.5], "texture": "#2"},
				"down": {"uv": [14.5, 0, 16, 1.5], "rotation": 180, "texture": "#2"}
			}
		},
		{
			"name": "cube inverted",
			"from": [8.25, 9.5, 5],
			"to": [5.25, 6.5, 2],
			"rotation": {"angle": -45, "axis": "y", "origin": [8.5, 6.375, 5.125]},
			"faces": {
				"north": {"uv": [16, 0, 14.5, 1.5], "rotation": 270, "texture": "#2"},
				"east": {"uv": [14.5, 1.5, 16, 0], "rotation": 90, "texture": "#2"},
				"south": {"uv": [16, 0, 14.5, 1.5], "rotation": 270, "texture": "#2"},
				"west": {"uv": [14.5, 1.5, 16, 0], "rotation": 270, "texture": "#2"},
				"up": {"uv": [14.5, 1.5, 16, 0], "texture": "#2"},
				"down": {"uv": [14.5, 1.5, 16, 0], "rotation": 180, "texture": "#2"}
			}
		},
		{
			"from": [2.375, 6.25, -1],
			"to": [8.375, 12.25, 5],
			"rotation": {"angle": -45, "axis": "y", "origin": [8.375, 6.25, 5]},
			"faces": {
				"east": {"uv": [0, 0, 3.125, 3.125], "rotation": 90, "texture": "#2"},
				"south": {"uv": [3.125, 0, 6.25, 3.125], "rotation": 270, "texture": "#2"},
				"down": {"uv": [3.125, 0, 6.25, 3.125], "rotation": 180, "texture": "#2"}
			}
		},
		{
			"name": "cube inverted",
			"from": [5.50323, 13.125, 5.06479],
			"to": [-0.49677, 7.125, -0.93521],
			"rotation": {"angle": -22.5, "axis": "x", "origin": [3.55501, 9.125, 3.06479]},
			"faces": {
				"north": {"uv": [6.25, 0, 3.125, 3.125], "rotation": 270, "texture": "#2"},
				"east": {"uv": [7.125, 3.125, 10.25, 0], "rotation": 90, "texture": "#2"},
				"south": {"uv": [10, 0, 6.875, 3.125], "rotation": 270, "texture": "#2"},
				"west": {"uv": [0, 3.125, 3.125, 0], "rotation": 270, "texture": "#2"},
				"up": {"uv": [3.125, 3.125, 6.25, 0], "texture": "#2"},
				"down": {"uv": [6.75, 3.125, 9.875, 0], "rotation": 180, "texture": "#2"}
			}
		},
		{
			"from": [4.40856, 7.375, 3.81479],
			"to": [5.40856, 8.375, 4.81479],
			"rotation": {"angle": -22.5, "axis": "x", "origin": [3.55501, 9.125, 3.06479]},
			"faces": {
				"north": {"uv": [13.5, 0, 14, 0.5], "rotation": 270, "texture": "#2"},
				"east": {"uv": [13.5, 0, 14, 0.5], "rotation": 90, "texture": "#2"},
				"south": {"uv": [13.5, 0, 14, 0.5], "rotation": 270, "texture": "#2"},
				"west": {"uv": [13.5, 0, 14, 0.5], "rotation": 270, "texture": "#2"},
				"up": {"uv": [13.5, 0, 14, 0.5], "texture": "#2"},
				"down": {"uv": [13.5, 0, 14, 0.5], "rotation": 180, "texture": "#2"}
			}
		},
		{
			"from": [2.43001, 7.25, 1.93979],
			"to": [5.43001, 10.25, 4.93979],
			"rotation": {"angle": -22.5, "axis": "x", "origin": [3.55501, 9.125, 3.06479]},
			"faces": {
				"north": {"uv": [14.5, 0, 16, 1.5], "rotation": 270, "texture": "#2"},
				"east": {"uv": [14.5, 0, 16, 1.5], "rotation": 90, "texture": "#2"},
				"south": {"uv": [14.5, 0, 16, 1.5], "rotation": 270, "texture": "#2"},
				"west": {"uv": [14.5, 0, 16, 1.5], "rotation": 270, "texture": "#2"},
				"up": {"uv": [14.5, 0, 16, 1.5], "texture": "#2"},
				"down": {"uv": [14.5, 0, 16, 1.5], "rotation": 180, "texture": "#2"}
			}
		},
		{
			"name": "cube inverted",
			"from": [5.43001, 10.25, 4.93979],
			"to": [2.43001, 7.25, 1.93979],
			"rotation": {"angle": -22.5, "axis": "x", "origin": [3.55501, 9.125, 3.06479]},
			"faces": {
				"north": {"uv": [16, 0, 14.5, 1.5], "rotation": 270, "texture": "#2"},
				"east": {"uv": [14.5, 1.5, 16, 0], "rotation": 90, "texture": "#2"},
				"south": {"uv": [16, 0, 14.5, 1.5], "rotation": 270, "texture": "#2"},
				"west": {"uv": [14.5, 1.5, 16, 0], "rotation": 270, "texture": "#2"},
				"up": {"uv": [14.5, 1.5, 16, 0], "texture": "#2"},
				"down": {"uv": [14.5, 1.5, 16, 0], "rotation": 180, "texture": "#2"}
			}
		},
		{
			"from": [-0.49677, 7.125, -0.93521],
			"to": [5.50323, 13.125, 5.06479],
			"rotation": {"angle": -22.5, "axis": "x", "origin": [3.55501, 9.125, 3.06479]},
			"faces": {
				"east": {"uv": [0, 0, 3.125, 3.125], "rotation": 90, "texture": "#2"},
				"south": {"uv": [3.125, 0, 6.25, 3.125], "rotation": 270, "texture": "#2"},
				"down": {"uv": [3.125, 0, 6.25, 3.125], "rotation": 180, "texture": "#2"}
			}
		},
		{
			"name": "cube inverted",
			"from": [4.625, 12.125, 13.625],
			"to": [-1.375, 6.125, 7.625],
			"rotation": {"angle": -45, "axis": "y", "origin": [4.625, 6.125, 7.625]},
			"faces": {
				"north": {"uv": [6.75, 3.125, 9.875, 0], "texture": "#2"},
				"east": {"uv": [7.125, 3.125, 10.25, 0], "texture": "#2"},
				"south": {"uv": [3.125, 3.125, 6.25, 0], "texture": "#2"},
				"west": {"uv": [0, 3.125, 3.125, 0], "texture": "#2"},
				"up": {"uv": [6.25, 0, 3.125, 3.125], "rotation": 90, "texture": "#2"},
				"down": {"uv": [10, 0, 6.875, 3.125], "rotation": 270, "texture": "#2"}
			}
		},
		{
			"from": [3.375, 6.25, 8.125],
			"to": [4.375, 7.25, 9.125],
			"rotation": {"angle": -45, "axis": "y", "origin": [5, 6.5, 8]},
			"faces": {
				"north": {"uv": [13.5, 0, 14, 0.5], "texture": "#2"},
				"east": {"uv": [13.5, 0, 14, 0.5], "texture": "#2"},
				"south": {"uv": [13.5, 0, 14, 0.5], "texture": "#2"},
				"west": {"uv": [13.5, 0, 14, 0.5], "texture": "#2"},
				"up": {"uv": [13.5, 0, 14, 0.5], "rotation": 90, "texture": "#2"},
				"down": {"uv": [13.5, 0, 14, 0.5], "rotation": 270, "texture": "#2"}
			}
		},
		{
			"from": [1.5, 6.25, 7.875],
			"to": [4.5, 9.25, 10.875],
			"rotation": {"angle": -45, "axis": "y", "origin": [4.75, 6.25, 7.75]},
			"faces": {
				"north": {"uv": [14.5, 0, 16, 1.5], "texture": "#2"},
				"east": {"uv": [14.5, 0, 16, 1.5], "texture": "#2"},
				"south": {"uv": [14.5, 0, 16, 1.5], "texture": "#2"},
				"west": {"uv": [14.5, 0, 16, 1.5], "texture": "#2"},
				"up": {"uv": [14.5, 0, 16, 1.5], "rotation": 90, "texture": "#2"},
				"down": {"uv": [14.5, 0, 16, 1.5], "rotation": 270, "texture": "#2"}
			}
		},
		{
			"name": "cube inverted",
			"from": [4.5, 9.25, 10.875],
			"to": [1.5, 6.25, 7.875],
			"rotation": {"angle": -45, "axis": "y", "origin": [4.75, 6.25, 7.75]},
			"faces": {
				"north": {"uv": [14.5, 1.5, 16, 0], "texture": "#2"},
				"east": {"uv": [14.5, 1.5, 16, 0], "texture": "#2"},
				"south": {"uv": [14.5, 1.5, 16, 0], "texture": "#2"},
				"west": {"uv": [14.5, 1.5, 16, 0], "texture": "#2"},
				"up": {"uv": [16, 0, 14.5, 1.5], "rotation": 90, "texture": "#2"},
				"down": {"uv": [16, 0, 14.5, 1.5], "rotation": 270, "texture": "#2"}
			}
		},
		{
			"from": [-1.375, 6.125, 7.625],
			"to": [4.625, 12.125, 13.625],
			"rotation": {"angle": -45, "axis": "y", "origin": [4.625, 6.125, 7.625]},
			"faces": {
				"north": {"uv": [3.125, 0, 6.25, 3.125], "texture": "#2"},
				"east": {"uv": [0, 0, 3.125, 3.125], "texture": "#2"},
				"down": {"uv": [3.125, 0, 6.25, 3.125], "rotation": 270, "texture": "#2"}
			}
		},
		{
			"name": "cube inverted",
			"from": [5, 13.625, 16.625],
			"to": [-1, 7.625, 10.625],
			"rotation": {"angle": 22.5, "axis": "z", "origin": [2.8125, 9.8125, 12.8125]},
			"faces": {
				"north": {"uv": [7.125, 3.125, 10.25, 0], "rotation": 90, "texture": "#2"},
				"east": {"uv": [10, 0, 6.875, 3.125], "rotation": 270, "texture": "#2"},
				"south": {"uv": [0, 3.125, 3.125, 0], "rotation": 270, "texture": "#2"},
				"west": {"uv": [6.25, 0, 3.125, 3.125], "rotation": 270, "texture": "#2"},
				"up": {"uv": [3.125, 3.125, 6.25, 0], "rotation": 270, "texture": "#2"},
				"down": {"uv": [6.75, 3.125, 9.875, 0], "rotation": 270, "texture": "#2"}
			}
		},
		{
			"from": [3.625, 8, 11],
			"to": [4.625, 9, 12],
			"rotation": {"angle": 22.5, "axis": "z", "origin": [2.8125, 9.8125, 12.8125]},
			"faces": {
				"north": {"uv": [13.5, 0, 14, 0.5], "rotation": 90, "texture": "#2"},
				"east": {"uv": [13.5, 0, 14, 0.5], "rotation": 270, "texture": "#2"},
				"south": {"uv": [13.5, 0, 14, 0.5], "rotation": 270, "texture": "#2"},
				"west": {"uv": [13.5, 0, 14, 0.5], "rotation": 270, "texture": "#2"},
				"up": {"uv": [13.5, 0, 14, 0.5], "rotation": 270, "texture": "#2"},
				"down": {"uv": [13.5, 0, 14, 0.5], "rotation": 270, "texture": "#2"}
			}
		},
		{
			"from": [1.875, 7.75, 10.75],
			"to": [4.875, 10.75, 13.75],
			"rotation": {"angle": 22.5, "axis": "z", "origin": [2.8125, 9.8125, 12.8125]},
			"faces": {
				"north": {"uv": [14.5, 0, 16, 1.5], "rotation": 90, "texture": "#2"},
				"east": {"uv": [14.5, 0, 16, 1.5], "rotation": 270, "texture": "#2"},
				"south": {"uv": [14.5, 0, 16, 1.5], "rotation": 270, "texture": "#2"},
				"west": {"uv": [14.5, 0, 16, 1.5], "rotation": 270, "texture": "#2"},
				"up": {"uv": [14.5, 0, 16, 1.5], "rotation": 270, "texture": "#2"},
				"down": {"uv": [14.5, 0, 16, 1.5], "rotation": 270, "texture": "#2"}
			}
		},
		{
			"name": "cube inverted",
			"from": [4.875, 10.75, 13.75],
			"to": [1.875, 7.75, 10.75],
			"rotation": {"angle": 22.5, "axis": "z", "origin": [2.8125, 9.8125, 12.8125]},
			"faces": {
				"north": {"uv": [14.5, 1.5, 16, 0], "rotation": 90, "texture": "#2"},
				"east": {"uv": [16, 0, 14.5, 1.5], "rotation": 270, "texture": "#2"},
				"south": {"uv": [14.5, 1.5, 16, 0], "rotation": 270, "texture": "#2"},
				"west": {"uv": [16, 0, 14.5, 1.5], "rotation": 270, "texture": "#2"},
				"up": {"uv": [14.5, 1.5, 16, 0], "rotation": 270, "texture": "#2"},
				"down": {"uv": [14.5, 1.5, 16, 0], "rotation": 270, "texture": "#2"}
			}
		},
		{
			"from": [-1, 7.625, 10.625],
			"to": [5, 13.625, 16.625],
			"rotation": {"angle": 22.5, "axis": "z", "origin": [2.8125, 9.8125, 12.8125]},
			"faces": {
				"north": {"uv": [0, 0, 3.125, 3.125], "rotation": 90, "texture": "#2"},
				"east": {"uv": [3.125, 0, 6.25, 3.125], "rotation": 270, "texture": "#2"},
				"down": {"uv": [3.125, 0, 6.25, 3.125], "rotation": 270, "texture": "#2"}
			}
		},
		{
			"name": "cube inverted",
			"from": [14.625, 12.125, 17.625],
			"to": [8.625, 6.125, 11.625],
			"rotation": {"angle": -45, "axis": "y", "origin": [8.625, 6.125, 11.625]},
			"faces": {
				"north": {"uv": [7.125, 3.125, 10.25, 0], "texture": "#2"},
				"east": {"uv": [3.125, 3.125, 6.25, 0], "texture": "#2"},
				"south": {"uv": [0, 3.125, 3.125, 0], "texture": "#2"},
				"west": {"uv": [6.75, 3.125, 9.875, 0], "texture": "#2"},
				"up": {"uv": [6.25, 0, 3.125, 3.125], "texture": "#2"},
				"down": {"uv": [10, 0, 6.875, 3.125], "texture": "#2"}
			}
		},
		{
			"from": [9, 6.5, 12.25],
			"to": [10, 7.5, 13.25],
			"rotation": {"angle": -45, "axis": "y", "origin": [9, 6.5, 12]},
			"faces": {
				"north": {"uv": [13.5, 0, 14, 0.5], "texture": "#2"},
				"east": {"uv": [13.5, 0, 14, 0.5], "texture": "#2"},
				"south": {"uv": [13.5, 0, 14, 0.5], "texture": "#2"},
				"west": {"uv": [13.5, 0, 14, 0.5], "texture": "#2"},
				"up": {"uv": [13.5, 0, 14, 0.5], "texture": "#2"},
				"down": {"uv": [13.5, 0, 14, 0.5], "texture": "#2"}
			}
		},
		{
			"from": [8.75, 6.25, 11.875],
			"to": [11.75, 9.25, 14.875],
			"rotation": {"angle": -45, "axis": "y", "origin": [8.75, 6.25, 11.75]},
			"faces": {
				"north": {"uv": [14.5, 0, 16, 1.5], "texture": "#2"},
				"east": {"uv": [14.5, 0, 16, 1.5], "texture": "#2"},
				"south": {"uv": [14.5, 0, 16, 1.5], "texture": "#2"},
				"west": {"uv": [14.5, 0, 16, 1.5], "texture": "#2"},
				"up": {"uv": [14.5, 0, 16, 1.5], "texture": "#2"},
				"down": {"uv": [14.5, 0, 16, 1.5], "texture": "#2"}
			}
		},
		{
			"name": "cube inverted",
			"from": [11.75, 9.25, 14.875],
			"to": [8.75, 6.25, 11.875],
			"rotation": {"angle": -45, "axis": "y", "origin": [8.75, 6.25, 11.75]},
			"faces": {
				"north": {"uv": [14.5, 1.5, 16, 0], "texture": "#2"},
				"east": {"uv": [14.5, 1.5, 16, 0], "texture": "#2"},
				"south": {"uv": [14.5, 1.5, 16, 0], "texture": "#2"},
				"west": {"uv": [14.5, 1.5, 16, 0], "texture": "#2"},
				"up": {"uv": [16, 0, 14.5, 1.5], "texture": "#2"},
				"down": {"uv": [16, 0, 14.5, 1.5], "texture": "#2"}
			}
		},
		{
			"from": [8.625, 6.125, 11.625],
			"to": [14.625, 12.125, 17.625],
			"rotation": {"angle": -45, "axis": "y", "origin": [8.625, 6.125, 11.625]},
			"faces": {
				"north": {"uv": [0, 0, 3.125, 3.125], "texture": "#2"},
				"west": {"uv": [3.125, 0, 6.25, 3.125], "texture": "#2"},
				"down": {"uv": [3.125, 0, 6.25, 3.125], "texture": "#2"}
			}
		},
		{
			"name": "cube inverted",
			"from": [16.875, 13.125, 16.875],
			"to": [10.875, 7.125, 10.875],
			"rotation": {"angle": 22.5, "axis": "x", "origin": [13.15, 9.65, 12.9]},
			"faces": {
				"north": {"uv": [7.125, 3.125, 10.25, 0], "texture": "#2"},
				"east": {"uv": [3.125, 3.125, 6.25, 0], "texture": "#2"},
				"south": {"uv": [0, 3.125, 3.125, 0], "texture": "#2"},
				"west": {"uv": [6.75, 3.125, 9.875, 0], "texture": "#2"},
				"up": {"uv": [6.25, 0, 3.125, 3.125], "texture": "#2"},
				"down": {"uv": [10, 0, 6.875, 3.125], "texture": "#2"}
			}
		},
		{
			"from": [11.25, 7.5, 11.25],
			"to": [12.25, 8.5, 12.25],
			"rotation": {"angle": 22.5, "axis": "x", "origin": [13.15, 9.65, 12.9]},
			"faces": {
				"north": {"uv": [13.5, 0, 14, 0.5], "texture": "#2"},
				"east": {"uv": [13.5, 0, 14, 0.5], "texture": "#2"},
				"south": {"uv": [13.5, 0, 14, 0.5], "texture": "#2"},
				"west": {"uv": [13.5, 0, 14, 0.5], "texture": "#2"},
				"up": {"uv": [13.5, 0, 14, 0.5], "texture": "#2"},
				"down": {"uv": [13.5, 0, 14, 0.5], "texture": "#2"}
			}
		},
		{
			"from": [11, 7.25, 11],
			"to": [14, 10.25, 14],
			"rotation": {"angle": 22.5, "axis": "x", "origin": [13.15, 9.65, 12.9]},
			"faces": {
				"north": {"uv": [14.5, 0, 16, 1.5], "texture": "#2"},
				"east": {"uv": [14.5, 0, 16, 1.5], "texture": "#2"},
				"south": {"uv": [14.5, 0, 16, 1.5], "texture": "#2"},
				"west": {"uv": [14.5, 0, 16, 1.5], "texture": "#2"},
				"up": {"uv": [14.5, 0, 16, 1.5], "texture": "#2"},
				"down": {"uv": [14.5, 0, 16, 1.5], "texture": "#2"}
			}
		},
		{
			"name": "cube inverted",
			"from": [14, 10.25, 14],
			"to": [11, 7.25, 11],
			"rotation": {"angle": 22.5, "axis": "x", "origin": [13.15, 9.65, 12.9]},
			"faces": {
				"north": {"uv": [14.5, 1.5, 16, 0], "texture": "#2"},
				"east": {"uv": [14.5, 1.5, 16, 0], "texture": "#2"},
				"south": {"uv": [14.5, 1.5, 16, 0], "texture": "#2"},
				"west": {"uv": [14.5, 1.5, 16, 0], "texture": "#2"},
				"up": {"uv": [16, 0, 14.5, 1.5], "texture": "#2"},
				"down": {"uv": [16, 0, 14.5, 1.5], "texture": "#2"}
			}
		},
		{
			"from": [10.875, 7.125, 10.875],
			"to": [16.875, 13.125, 16.875],
			"rotation": {"angle": 22.5, "axis": "x", "origin": [13.15, 9.65, 12.9]},
			"faces": {
				"north": {"uv": [0, 0, 3.125, 3.125], "texture": "#2"},
				"west": {"uv": [3.125, 0, 6.25, 3.125], "texture": "#2"},
				"down": {"uv": [3.125, 0, 6.25, 3.125], "texture": "#2"}
			}
		},
		{
			"name": "cube inverted",
			"from": [12.75, 15.875, 15.125],
			"to": [6.75, 9.875, 9.125],
			"rotation": {"angle": 45, "axis": "z", "origin": [6.75, 9.875, 9.125]},
			"faces": {
				"north": {"uv": [6.75, 3.125, 9.875, 0], "rotation": 270, "texture": "#2"},
				"east": {"uv": [6.25, 0, 3.125, 3.125], "rotation": 180, "texture": "#2"},
				"south": {"uv": [3.125, 3.125, 6.25, 0], "rotation": 90, "texture": "#2"},
				"west": {"uv": [10, 0, 6.875, 3.125], "texture": "#2"},
				"up": {"uv": [0, 3.125, 3.125, 0], "rotation": 90, "texture": "#2"},
				"down": {"uv": [7.125, 3.125, 10.25, 0], "rotation": 90, "texture": "#2"}
			}
		},
		{
			"from": [7, 10.875, 9.75],
			"to": [8, 11.875, 10.75],
			"rotation": {"angle": 45, "axis": "z", "origin": [7.125, 10.25, 9.5]},
			"faces": {
				"north": {"uv": [13.5, 0, 14, 0.5], "rotation": 270, "texture": "#2"},
				"east": {"uv": [13.5, 0, 14, 0.5], "rotation": 180, "texture": "#2"},
				"south": {"uv": [13.5, 0, 14, 0.5], "rotation": 90, "texture": "#2"},
				"west": {"uv": [13.5, 0, 14, 0.5], "texture": "#2"},
				"up": {"uv": [13.5, 0, 14, 0.5], "rotation": 90, "texture": "#2"},
				"down": {"uv": [13.5, 0, 14, 0.5], "rotation": 90, "texture": "#2"}
			}
		},
		{
			"from": [6.875, 10.25, 9.375],
			"to": [9.875, 13.25, 12.375],
			"rotation": {"angle": 45, "axis": "z", "origin": [6.875, 10, 9.25]},
			"faces": {
				"north": {"uv": [14.5, 0, 16, 1.5], "rotation": 270, "texture": "#2"},
				"east": {"uv": [14.5, 0, 16, 1.5], "rotation": 180, "texture": "#2"},
				"south": {"uv": [14.5, 0, 16, 1.5], "rotation": 90, "texture": "#2"},
				"west": {"uv": [14.5, 0, 16, 1.5], "texture": "#2"},
				"up": {"uv": [14.5, 0, 16, 1.5], "rotation": 90, "texture": "#2"},
				"down": {"uv": [14.5, 0, 16, 1.5], "rotation": 90, "texture": "#2"}
			}
		},
		{
			"name": "cube inverted",
			"from": [9.875, 13.25, 12.375],
			"to": [6.875, 10.25, 9.375],
			"rotation": {"angle": 45, "axis": "z", "origin": [6.875, 10, 9.25]},
			"faces": {
				"north": {"uv": [14.5, 1.5, 16, 0], "rotation": 270, "texture": "#2"},
				"east": {"uv": [16, 0, 14.5, 1.5], "rotation": 180, "texture": "#2"},
				"south": {"uv": [14.5, 1.5, 16, 0], "rotation": 90, "texture": "#2"},
				"west": {"uv": [16, 0, 14.5, 1.5], "texture": "#2"},
				"up": {"uv": [14.5, 1.5, 16, 0], "rotation": 90, "texture": "#2"},
				"down": {"uv": [14.5, 1.5, 16, 0], "rotation": 90, "texture": "#2"}
			}
		},
		{
			"from": [6.75, 9.875, 9.125],
			"to": [12.75, 15.875, 15.125],
			"rotation": {"angle": 45, "axis": "z", "origin": [6.75, 9.875, 9.125]},
			"faces": {
				"north": {"uv": [3.125, 0, 6.25, 3.125], "rotation": 270, "texture": "#2"},
				"west": {"uv": [3.125, 0, 6.25, 3.125], "texture": "#2"},
				"down": {"uv": [0, 0, 3.125, 3.125], "rotation": 90, "texture": "#2"}
			}
		}
	],
	"groups": [
		{
			"name": "group",
			"origin": [8, 8, 8],
			"color": 0,
			"children": [
				{
					"name": "stem",
					"origin": [1, 4, 27],
					"color": 0,
					"children": [0, 1]
				},
				{
					"name": "pot",
					"origin": [1, 4, 27],
					"color": 0,
					"children": [2, 3, 4, 5, 6]
				}
			]
		},
		{
			"name": "group",
			"origin": [8, 8, 8],
			"color": 0,
			"children": [
				{
					"name": "bud",
					"origin": [8, 8, 8],
					"color": 0,
					"children": [7, 8, 9, 10, 11]
				},
				{
					"name": "bud",
					"origin": [8, 8, 8],
					"color": 0,
					"children": [12, 13, 14, 15, 16]
				},
				{
					"name": "bud",
					"origin": [8, 8, 8],
					"color": 0,
					"children": [17, 18, 19, 20, 21]
				},
				{
					"name": "bud",
					"origin": [8, 8, 8],
					"color": 0,
					"children": [22, 23, 24, 25, 26]
				},
				{
					"name": "bud",
					"origin": [8, 8, 8],
					"color": 0,
					"children": [27, 28, 29, 30, 31]
				},
				{
					"name": "bud",
					"origin": [8, 8, 8],
					"color": 0,
					"children": [32, 33, 34, 35, 36]
				},
				{
					"name": "bud",
					"origin": [8, 8, 8],
					"color": 0,
					"children": [37, 38, 39, 40, 41]
				},
				{
					"name": "bud",
					"origin": [8, 8, 8],
					"color": 0,
					"children": [42, 43, 44, 45, 46]
				},
				{
					"name": "bud",
					"origin": [8, 8, 8],
					"color": 0,
					"children": [47, 48, 49, 50, 51]
				},
				{
					"name": "bud",
					"origin": [8, 8, 8],
					"color": 0,
					"children": [52, 53, 54, 55, 56]
				},
				{
					"name": "bud",
					"origin": [8, 8, 8],
					"color": 0,
					"children": [57, 58, 59, 60, 61]
				},
				{
					"name": "bud",
					"origin": [8, 8, 8],
					"color": 0,
					"children": [62, 63, 64, 65, 66]
				}
			]
		}
	]
}