{
	"credit": "Made with Blockbench",
	"ambientocclusion": false,
	"textures": {
		"3": "block/dirt",
		"particle": "block/flower_pot",
		"flowerpot": "block/flower_pot",
		"cactus_top": "block/cactus_top",
		"cactus": "block/cactus_side"
	},
	"elements": [
		{
			"from": [3, 1, 2],
			"to": [13, 6, 3],
			"faces": {
				"north": {"uv": [0, 0, 10, 5], "texture": "#flowerpot"},
				"east": {"uv": [11, 0, 12, 5], "texture": "#flowerpot"},
				"south": {"uv": [0, 0, 10, 5], "texture": "#flowerpot"},
				"west": {"uv": [10, 0, 11, 5], "texture": "#flowerpot"},
				"up": {"uv": [11, 5, 16, 6], "texture": "#flowerpot"},
				"down": {"uv": [0, 15, 10, 16], "texture": "#flowerpot"}
			}
		},
		{
			"from": [3, 1, 13],
			"to": [13, 6, 14],
			"faces": {
				"north": {"uv": [0, 0, 10, 5], "texture": "#flowerpot"},
				"east": {"uv": [10, 0, 11, 5], "texture": "#flowerpot"},
				"south": {"uv": [0, 0, 10, 5], "texture": "#flowerpot"},
				"west": {"uv": [11, 0, 12, 5], "texture": "#flowerpot"},
				"up": {"uv": [11, 5, 16, 6], "texture": "#flowerpot"},
				"down": {"uv": [0, 15, 10, 16], "texture": "#flowerpot"}
			}
		},
		{
			"from": [13, 1, 3],
			"to": [14, 6, 13],
			"faces": {
				"north": {"uv": [10, 0, 11, 5], "texture": "#flowerpot"},
				"east": {"uv": [0, 0, 10, 5], "texture": "#flowerpot"},
				"south": {"uv": [11, 0, 12, 5], "texture": "#flowerpot"},
				"west": {"uv": [0, 0, 10, 5], "texture": "#flowerpot"},
				"up": {"uv": [11, 5, 16, 6], "texture": "#flowerpot"},
				"down": {"uv": [0, 15, 10, 16], "texture": "#flowerpot"}
			}
		},
		{
			"from": [2, 1, 3],
			"to": [3, 6, 13],
			"faces": {
				"north": {"uv": [11, 0, 12, 5], "texture": "#flowerpot"},
				"east": {"uv": [0, 0, 10, 5], "texture": "#flowerpot"},
				"south": {"uv": [10, 0, 11, 5], "texture": "#flowerpot"},
				"west": {"uv": [0, 0, 10, 5], "texture": "#flowerpot"},
				"up": {"uv": [11, 5, 16, 6], "texture": "#flowerpot"},
				"down": {"uv": [0, 15, 10, 16], "texture": "#flowerpot"}
			}
		},
		{
			"from": [3, 0, 3],
			"to": [13, 5, 13],
			"faces": {
				"north": {"uv": [11, 11, 16, 16], "texture": "#flowerpot"},
				"east": {"uv": [11, 11, 16, 16], "texture": "#flowerpot"},
				"south": {"uv": [11, 11, 16, 16], "texture": "#flowerpot"},
				"west": {"uv": [11, 11, 16, 16], "texture": "#flowerpot"},
				"up": {"uv": [3, 3, 13, 13], "texture": "#3"},
				"down": {"uv": [0, 5, 10, 15], "texture": "#flowerpot"}
			}
		},
		{
			"from": [5, 5, 5],
			"to": [11, 16, 11],
			"faces": {
				"north": {"uv": [2.5, 0, 13.5, 15.75], "texture": "#cactus"},
				"east": {"uv": [2.5, 0, 13.5, 15.75], "texture": "#cactus"},
				"south": {"uv": [2.5, 0, 13.5, 15.75], "texture": "#cactus"},
				"west": {"uv": [2.5, 0, 13.5, 15.75], "texture": "#cactus"},
				"up": {"uv": [2.5, 2.5, 13.5, 13.5], "texture": "#cactus_top"}
			}
		},
		{
			"from": [5, 6, 4],
			"to": [11, 15, 12],
			"faces": {
				"north": {"uv": [2.5, 1, 13.5, 14.75], "texture": "#cactus"},
				"east": {"uv": [2.5, 0, 13.5, 15.75], "texture": "#cactus"},
				"south": {"uv": [2.5, 1, 13.5, 14.75], "texture": "#cactus"},
				"west": {"uv": [2.5, 0, 13.5, 15.75], "texture": "#cactus"},
				"up": {"uv": [2.5, 1, 13.5, 15], "texture": "#cactus_top"}
			}
		},
		{
			"from": [4, 6, 5],
			"to": [12, 15, 11],
			"rotation": {"angle": 0, "axis": "y", "origin": [8, 10.5, 8]},
			"faces": {
				"north": {"uv": [2.5, 0, 13.5, 15.75], "texture": "#cactus"},
				"east": {"uv": [2.5, 1, 13.5, 14.75], "texture": "#cactus"},
				"south": {"uv": [2.5, 0, 13.5, 15.75], "texture": "#cactus"},
				"west": {"uv": [2.5, 1, 13.5, 14.75], "texture": "#cactus"},
				"up": {"uv": [2.5, 1, 13.5, 15], "rotation": 90, "texture": "#cactus_top"}
			}
		}
	]
}