{
	"credit": "Made with Blockbench",
	"ambientocclusion": false,
	"textures": {
		"0": "block/lily_of_the_valley",
		"1": "block/dirt",
		"2": "block/flower_pot_cross",
		"particle": "block/lily_of_the_valley"
	},
	"elements": [
		{
			"from": [5.5, 11.5625, 8.25],
			"to": [11, 16.0625, 8.25],
			"rotation": {"angle": 45, "axis": "y", "origin": [8, 13.0625, 8]},
			"faces": {
				"north": {"uv": [10.625, 12.75, 13.75, 15.125], "texture": "#0"},
				"south": {"uv": [10.625, 10.375, 13.75, 12.75], "texture": "#0"}
			}
		},
		{
			"from": [8, 5.0625, 0],
			"to": [8, 21.0625, 16],
			"rotation": {"angle": 45, "axis": "y", "origin": [8, 13.0625, 8]},
			"faces": {
				"east": {"uv": [8, 0, 16, 8], "texture": "#0"},
				"west": {"uv": [0, 0, 8, 8], "texture": "#0"}
			}
		},
		{
			"from": [6, 5.0625, 3],
			"to": [10, 5.0625, 8],
			"rotation": {"angle": 22.5, "axis": "x", "origin": [8, 5.0625, 8]},
			"faces": {
				"up": {"uv": [0, 13.375, 2, 16], "texture": "#0"},
				"down": {"uv": [2, 10, 4, 12.625], "texture": "#0"}
			}
		},
		{
			"from": [3, 5.0625, 6],
			"to": [8, 5.0625, 10],
			"rotation": {"angle": -22.5, "axis": "z", "origin": [8, 5.0625, 8]},
			"faces": {
				"up": {"uv": [0, 13.375, 2, 16], "rotation": 270, "texture": "#0"},
				"down": {"uv": [2, 10, 4, 12.625], "rotation": 90, "texture": "#0"}
			}
		},
		{
			"from": [6, 5.0625, 8],
			"to": [10, 5.0625, 13],
			"rotation": {"angle": -22.5, "axis": "x", "origin": [8, 5.0625, 8]},
			"faces": {
				"up": {"uv": [0, 13.375, 2, 16], "rotation": 180, "texture": "#0"},
				"down": {"uv": [2, 10, 4, 12.625], "rotation": 180, "texture": "#0"}
			}
		},
		{
			"from": [8, 5.0625, 6],
			"to": [13, 5.0625, 10],
			"rotation": {"angle": 22.5, "axis": "z", "origin": [8, 5.0625, 8]},
			"faces": {
				"up": {"uv": [0, 13.375, 2, 16], "rotation": 90, "texture": "#0"},
				"down": {"uv": [2, 10, 4, 12.625], "rotation": 270, "texture": "#0"}
			}
		},
		{
			"from": [6, 5.0625, -1.21875],
			"to": [10, 5.0625, 3.78125],
			"rotation": {"angle": -22.5, "axis": "x", "origin": [8, 5.0625, -1.21875]},
			"faces": {
				"up": {"uv": [0, 11, 2, 13.625], "texture": "#0"},
				"down": {"uv": [2, 12.375, 4, 15], "texture": "#0"}
			}
		},
		{
			"from": [-1.21875, 5.0625, 6],
			"to": [3.78125, 5.0625, 10],
			"rotation": {"angle": 22.5, "axis": "z", "origin": [-1.21875, 5.0625, 8]},
			"faces": {
				"up": {"uv": [0, 11, 2, 13.625], "rotation": 270, "texture": "#0"},
				"down": {"uv": [2, 12.375, 4, 15], "rotation": 90, "texture": "#0"}
			}
		},
		{
			"from": [6, 5.0625, 12.21875],
			"to": [10, 5.0625, 17.21875],
			"rotation": {"angle": 22.5, "axis": "x", "origin": [8, 5.0625, 17.21875]},
			"faces": {
				"up": {"uv": [0, 11, 2, 13.625], "rotation": 180, "texture": "#0"},
				"down": {"uv": [2, 12.375, 4, 15], "rotation": 180, "texture": "#0"}
			}
		},
		{
			"from": [12.21875, 5.0625, 6],
			"to": [17.21875, 5.0625, 10],
			"rotation": {"angle": -22.5, "axis": "z", "origin": [17.21875, 5.0625, 8]},
			"faces": {
				"up": {"uv": [0, 11, 2, 13.625], "rotation": 90, "texture": "#0"},
				"down": {"uv": [2, 12.375, 4, 15], "rotation": 270, "texture": "#0"}
			}
		},
		{
			"from": [2, 1, 3],
			"to": [3, 6, 13],
			"faces": {
				"north": {"uv": [11, 0, 12, 5], "texture": "#2"},
				"east": {"uv": [0, 0, 10, 5], "texture": "#2"},
				"south": {"uv": [10, 0, 11, 5], "texture": "#2"},
				"west": {"uv": [0, 0, 10, 5], "texture": "#2"},
				"up": {"uv": [12, 0, 13, 5], "texture": "#2"},
				"down": {"uv": [10, 5, 11, 15], "texture": "#2"}
			}
		},
		{
			"from": [13, 1, 3],
			"to": [14, 6, 13],
			"faces": {
				"north": {"uv": [10, 0, 11, 5], "texture": "#2"},
				"east": {"uv": [0, 0, 10, 5], "texture": "#2"},
				"south": {"uv": [11, 0, 12, 5], "texture": "#2"},
				"west": {"uv": [0, 0, 10, 5], "texture": "#2"},
				"up": {"uv": [13, 0, 14, 5], "texture": "#2"},
				"down": {"uv": [10, 5, 11, 15], "texture": "#2"}
			}
		},
		{
			"from": [3, 1, 2],
			"to": [13, 6, 3],
			"faces": {
				"north": {"uv": [0, 0, 10, 5], "texture": "#2"},
				"east": {"uv": [11, 0, 12, 5], "texture": "#2"},
				"south": {"uv": [0, 0, 10, 5], "texture": "#2"},
				"west": {"uv": [10, 0, 11, 5], "texture": "#2"},
				"up": {"uv": [11, 5, 16, 6], "texture": "#2"},
				"down": {"uv": [0, 15, 10, 16], "texture": "#2"}
			}
		},
		{
			"from": [3, 1, 13],
			"to": [13, 6, 14],
			"faces": {
				"north": {"uv": [0, 0, 10, 5], "texture": "#2"},
				"east": {"uv": [10, 0, 11, 5], "texture": "#2"},
				"south": {"uv": [0, 0, 10, 5], "texture": "#2"},
				"west": {"uv": [10, 0, 11, 5], "texture": "#2"},
				"up": {"uv": [11, 6, 16, 7], "texture": "#2"},
				"down": {"uv": [0, 15, 10, 16], "texture": "#2"}
			}
		},
		{
			"from": [3, 0, 3],
			"to": [13, 5, 13],
			"faces": {
				"north": {"uv": [11, 11, 16, 16], "texture": "#2"},
				"east": {"uv": [11, 11, 16, 16], "texture": "#2"},
				"south": {"uv": [11, 11, 16, 16], "texture": "#2"},
				"west": {"uv": [11, 11, 16, 16], "texture": "#2"},
				"up": {"uv": [3, 3, 13, 13], "texture": "#1", "tintindex": 0},
				"down": {"uv": [0, 5, 10, 15], "texture": "#2"}
			}
		}
	],
	"groups": [
		0,
		1,
		2,
		3,
		4,
		5,
		6,
		7,
		8,
		9,
		{
			"name": "group",
			"origin": [0, 0, 0],
			"color": 0,
			"children": [10, 11, 12, 13, 14]
		}
	]
}