{
	"credit": "Made with Blockbench",
	"textures": {
		"2": "block/dead_bush5",
		"3": "block/dead_bush",
		"4": "block/dead_bush1",
		"5": "block/dead_bush2",
		"6": "block/dead_bush3",
		"particle": "block/flower_pot_cross",
		"flowerpot": "block/flower_pot_cross",
		"dirt": "block/dirt"
	},
	"elements": [
		{
			"from": [8, 4.25, 1],
			"to": [8, 18.25, 15],
			"rotation": {"angle": -45, "axis": "y", "origin": [8, 8.25, 8]},
			"faces": {
				"east": {"uv": [0, 0, 16, 15.75], "texture": "#2"},
				"west": {"uv": [0, 0, 16, 15.75], "texture": "#2"}
			}
		},
		{
			"from": [8, 4.25, 1],
			"to": [8, 18.25, 15],
			"rotation": {"angle": 45, "axis": "y", "origin": [8, 8.25, 8]},
			"faces": {
				"east": {"uv": [0, 0, 16, 15.75], "texture": "#2"},
				"west": {"uv": [0, 0, 16, 15.75], "texture": "#2"}
			}
		},
		{
			"from": [4, 5, 9],
			"to": [12, 13, 9],
			"rotation": {"angle": 45, "axis": "y", "origin": [8.5, 9, 13]},
			"faces": {
				"north": {"uv": [0, 0, 16, 15.75], "texture": "#5"},
				"south": {"uv": [0, 0, 16, 15.75], "texture": "#5"}
			}
		},
		{
			"from": [10.5, 5, 2.75],
			"to": [10.5, 13, 10.75],
			"rotation": {"angle": 45, "axis": "y", "origin": [12.5, 9, 15]},
			"faces": {
				"east": {"uv": [0, 0, 16, 15.75], "texture": "#5"},
				"west": {"uv": [0, 0, 16, 15.75], "texture": "#5"}
			}
		},
		{
			"from": [1.5, 5, 6],
			"to": [7.5, 10, 6],
			"rotation": {"angle": 22.5, "axis": "y", "origin": [1.5, 9, 6]},
			"faces": {
				"north": {"uv": [0, 0, 16, 15.75], "texture": "#3"},
				"east": {"uv": [0, 0, 0, 0], "texture": "#3"},
				"south": {"uv": [0, 0, 16, 15.75], "texture": "#3"},
				"west": {"uv": [0, 0, 0, 0], "texture": "#3"},
				"up": {"uv": [0, 0, 0, 0], "rotation": 90, "texture": "#3"},
				"down": {"uv": [0, 0, 0, 0], "rotation": 270, "texture": "#3"}
			}
		},
		{
			"from": [5.5, 5, 1.5],
			"to": [5.5, 10, 7.5],
			"rotation": {"angle": 22.5, "axis": "y", "origin": [5.5, 9, 7.5]},
			"faces": {
				"north": {"uv": [0, 0, 0, 0], "texture": "#3"},
				"east": {"uv": [0, 0, 16, 15.75], "texture": "#3"},
				"south": {"uv": [0, 0, 0, 0], "texture": "#3"},
				"west": {"uv": [0, 0, 16, 15.75], "texture": "#3"},
				"up": {"uv": [0, 0, 0, 0], "texture": "#3"},
				"down": {"uv": [0, 0, 0, 0], "texture": "#3"}
			}
		},
		{
			"from": [7.5, 5, 3],
			"to": [15.5, 11, 3],
			"rotation": {"angle": -22.5, "axis": "y", "origin": [8.5, 9, 3]},
			"faces": {
				"north": {"uv": [0, 0, 16, 15.75], "texture": "#4"},
				"east": {"uv": [0, 0, 0, 0], "texture": "#4"},
				"south": {"uv": [0, 0, 16, 15.75], "texture": "#4"},
				"west": {"uv": [0, 0, 0, 0], "texture": "#4"},
				"up": {"uv": [0, 0, 0, 0], "rotation": 90, "texture": "#4"},
				"down": {"uv": [0, 0, 0, 0], "rotation": 270, "texture": "#4"}
			}
		},
		{
			"from": [10.5, 5, 0],
			"to": [10.5, 11, 8],
			"rotation": {"angle": -22.5, "axis": "y", "origin": [10.5, 9, 7]},
			"faces": {
				"north": {"uv": [0, 0, 0, 0], "texture": "#4"},
				"east": {"uv": [0, 0, 16, 15.75], "texture": "#4"},
				"south": {"uv": [0, 0, 0, 0], "texture": "#4"},
				"west": {"uv": [0, 0, 16, 15.75], "texture": "#4"},
				"up": {"uv": [0, 0, 0, 0], "texture": "#4"},
				"down": {"uv": [0, 0, 0, 0], "texture": "#4"}
			}
		},
		{
			"from": [6.5, 5, 3.75],
			"to": [12.5, 11, 3.75],
			"rotation": {"angle": -22.5, "axis": "y", "origin": [-7.5, 9, 11]},
			"faces": {
				"north": {"uv": [0, 0, 16, 16], "texture": "#6"},
				"east": {"uv": [0, 0, 0, 0], "texture": "#6"},
				"south": {"uv": [0, 0, 16, 16], "texture": "#6"},
				"west": {"uv": [0, 0, 0, 0], "texture": "#4"},
				"up": {"uv": [0, 0, 0, 0], "rotation": 90, "texture": "#4"},
				"down": {"uv": [0, 0, 0, 0], "rotation": 270, "texture": "#4"}
			}
		},
		{
			"from": [8.25, 5, 1.75],
			"to": [8.25, 11, 7.75],
			"rotation": {"angle": -22.5, "axis": "y", "origin": [-5.5, 9, 15]},
			"faces": {
				"north": {"uv": [0, 0, 0, 0], "texture": "#4"},
				"east": {"uv": [0, 0, 16, 16], "texture": "#6"},
				"south": {"uv": [0, 0, 0, 0], "texture": "#4"},
				"west": {"uv": [0, 0, 16, 16], "texture": "#6"},
				"up": {"uv": [0, 0, 0, 0], "texture": "#4"},
				"down": {"uv": [0, 0, 0, 0], "texture": "#4"}
			}
		},
		{
			"from": [2, 1, 3],
			"to": [3, 6, 13],
			"faces": {
				"north": {"uv": [11, 0, 12, 5], "texture": "#flowerpot"},
				"east": {"uv": [0, 0, 10, 5], "texture": "#flowerpot"},
				"south": {"uv": [10, 0, 11, 5], "texture": "#flowerpot"},
				"west": {"uv": [0, 0, 10, 5], "texture": "#flowerpot"},
				"up": {"uv": [12, 0, 13, 5], "texture": "#flowerpot"},
				"down": {"uv": [10, 5, 11, 15], "texture": "#flowerpot"}
			}
		},
		{
			"from": [13, 1, 3],
			"to": [14, 6, 13],
			"faces": {
				"north": {"uv": [10, 0, 11, 5], "texture": "#flowerpot"},
				"east": {"uv": [0, 0, 10, 5], "texture": "#flowerpot"},
				"south": {"uv": [11, 0, 12, 5], "texture": "#flowerpot"},
				"west": {"uv": [0, 0, 10, 5], "texture": "#flowerpot"},
				"up": {"uv": [13, 0, 14, 5], "texture": "#flowerpot"},
				"down": {"uv": [10, 5, 11, 15], "texture": "#flowerpot"}
			}
		},
		{
			"from": [3, 1, 13],
			"to": [13, 6, 14],
			"faces": {
				"north": {"uv": [0, 0, 10, 5], "texture": "#flowerpot"},
				"east": {"uv": [10, 0, 11, 5], "texture": "#flowerpot"},
				"south": {"uv": [0, 0, 10, 5], "texture": "#flowerpot"},
				"west": {"uv": [10, 0, 11, 5], "texture": "#flowerpot"},
				"up": {"uv": [11, 6, 16, 7], "texture": "#flowerpot"},
				"down": {"uv": [0, 15, 10, 16], "texture": "#flowerpot"}
			}
		},
		{
			"from": [3, 1, 2],
			"to": [13, 6, 3],
			"faces": {
				"north": {"uv": [0, 0, 10, 5], "texture": "#flowerpot"},
				"east": {"uv": [11, 0, 12, 5], "texture": "#flowerpot"},
				"south": {"uv": [0, 0, 10, 5], "texture": "#flowerpot"},
				"west": {"uv": [10, 0, 11, 5], "texture": "#flowerpot"},
				"up": {"uv": [11, 5, 16, 6], "texture": "#flowerpot"},
				"down": {"uv": [0, 15, 10, 16], "texture": "#flowerpot"}
			}
		},
		{
			"from": [3, 0, 3],
			"to": [13, 5, 13],
			"faces": {
				"north": {"uv": [11, 11, 16, 16], "texture": "#flowerpot"},
				"east": {"uv": [11, 11, 16, 16], "texture": "#flowerpot"},
				"south": {"uv": [11, 11, 16, 16], "texture": "#flowerpot"},
				"west": {"uv": [11, 11, 16, 16], "texture": "#flowerpot"},
				"up": {"uv": [3, 3, 13, 13], "texture": "#dirt"},
				"down": {"uv": [0, 5, 10, 15], "texture": "#flowerpot"}
			}
		}
	],
	"groups": [
		{
			"name": "group",
			"origin": [8, 8, 8],
			"color": 0,
			"children": [
				{
					"name": "stem",
					"origin": [1, 4, 27],
					"color": 0,
					"children": [
						{
							"name": "group",
							"origin": [8, 9, 8],
							"color": 0,
							"children": [0, 1]
						},
						{
							"name": "group",
							"origin": [8, 9, 8],
							"color": 0,
							"children": [2, 3]
						},
						{
							"name": "group",
							"origin": [8, 9, 8],
							"color": 0,
							"children": [4, 5]
						},
						{
							"name": "group",
							"origin": [8, 9, 8],
							"color": 0,
							"children": [6, 7]
						},
						{
							"name": "group",
							"origin": [8, 9, 8],
							"color": 0,
							"children": [8, 9]
						}
					]
				},
				{
					"name": "pot",
					"origin": [1, 4, 27],
					"color": 0,
					"children": [10, 11, 12, 13, 14]
				}
			]
		}
	]
}