{
	"credit": "Made with Blockbench",
	"parent": "minecraft:block/tinted_cross",
	"textures": {
		"1": "block/allium",
		"2": "block/flower_pot_cross",
		"3": "block/dirt",
		"particle": "block/flower_pot_cross"
	},
	"elements": [
		{
			"from": [0.875, 4.75, 3],
			"to": [4.875, 4.75, 13],
			"rotation": {"angle": 22.5, "axis": "z", "origin": [-4.125, 4.75, 8]},
			"faces": {
				"up": {"uv": [7.5, 0, 12.5, 2], "rotation": 270, "texture": "#1"},
				"down": {"uv": [7.5, 0, 12.5, 2], "rotation": 270, "texture": "#1"}
			}
		},
		{
			"from": [3.5, 4.75, 3],
			"to": [7.5, 4.75, 13],
			"rotation": {"angle": -22.5, "axis": "z", "origin": [12.5, 4.75, 8]},
			"faces": {
				"up": {"uv": [2, 0, 4, 5], "texture": "#1"},
				"down": {"uv": [2, 0, 4, 5], "texture": "#1"}
			}
		},
		{
			"from": [8.5, 4.75, 3],
			"to": [12.5, 4.75, 13],
			"rotation": {"angle": 22.5, "axis": "z", "origin": [3.5, 4.75, 8]},
			"faces": {
				"up": {"uv": [7.5, 2, 12.5, 4], "rotation": 90, "texture": "#1"},
				"down": {"uv": [7.5, 2, 12.5, 4], "rotation": 90, "texture": "#1"}
			}
		},
		{
			"from": [11.125, 4.75, 3],
			"to": [15.125, 4.75, 13],
			"rotation": {"angle": -22.5, "axis": "z", "origin": [20.125, 4.75, 8]},
			"faces": {
				"up": {"uv": [5.5, 5, 7.5, 10], "texture": "#1"},
				"down": {"uv": [5.5, 5, 7.5, 10], "texture": "#1"}
			}
		},
		{
			"from": [3, 4.75, 3.5],
			"to": [13, 4.75, 7.5],
			"rotation": {"angle": 22.5, "axis": "x", "origin": [8, 4.75, 12.5]},
			"faces": {
				"up": {"uv": [2, 0, 4, 5], "rotation": 90, "texture": "#1"},
				"down": {"uv": [2, 0, 4, 5], "rotation": 270, "texture": "#1"}
			}
		},
		{
			"from": [3, 4.75, 0.875],
			"to": [13, 4.75, 4.875],
			"rotation": {"angle": -22.5, "axis": "x", "origin": [8, 4.75, -4.125]},
			"faces": {
				"up": {"uv": [5.5, 5, 7.5, 10], "rotation": 270, "texture": "#1"},
				"down": {"uv": [5.5, 5, 7.5, 10], "rotation": 90, "texture": "#1"}
			}
		},
		{
			"from": [3, 4.75, 11.125],
			"to": [13, 4.75, 15.125],
			"rotation": {"angle": 22.5, "axis": "x", "origin": [8, 4.75, 20.125]},
			"faces": {
				"up": {"uv": [5.5, 5, 7.5, 10], "rotation": 90, "texture": "#1"},
				"down": {"uv": [0, 0, 2, 5], "rotation": 90, "texture": "#1"}
			}
		},
		{
			"from": [3, 4.75, 8.5],
			"to": [13, 4.75, 12.5],
			"rotation": {"angle": -22.5, "axis": "x", "origin": [8, 4.75, 3.5]},
			"faces": {
				"up": {"uv": [2, 0, 4, 5], "rotation": 270, "texture": "#1"},
				"down": {"uv": [3.5, 5, 5.5, 10], "rotation": 270, "texture": "#1"}
			}
		},
		{
			"from": [2, 0, 8],
			"to": [14, 7, 8],
			"rotation": {"angle": -45, "axis": "y", "origin": [8, 2.5, 8]},
			"faces": {
				"north": {"uv": [0, 11.5, 6, 15], "texture": "#1"},
				"south": {"uv": [0, 11.5, 6, 15], "texture": "#1"}
			}
		},
		{
			"from": [2, 0, 8],
			"to": [14, 7, 8],
			"rotation": {"angle": 45, "axis": "y", "origin": [8, 2.5, 8]},
			"faces": {
				"north": {"uv": [0, 11.5, 6, 15], "texture": "#1"},
				"south": {"uv": [0, 11.5, 6, 15], "texture": "#1"}
			}
		},
		{
			"from": [6, 7.5, 8],
			"to": [10, 11.25, 8],
			"rotation": {"angle": 0, "axis": "y", "origin": [8, 12, 8]},
			"faces": {
				"north": {"uv": [2, 9.625, 4, 11.5], "texture": "#1"},
				"south": {"uv": [2, 9.625, 4, 11.5], "texture": "#1"}
			}
		},
		{
			"from": [8, 7.5, 6],
			"to": [8, 11.25, 10],
			"rotation": {"angle": 0, "axis": "y", "origin": [8, 12, 8]},
			"faces": {
				"east": {"uv": [2, 9.625, 4, 11.5], "texture": "#1"},
				"west": {"uv": [2, 9.625, 4, 11.5], "texture": "#1"}
			}
		},
		{
			"from": [6, 7.45, 6],
			"to": [10, 7.45, 10],
			"rotation": {"angle": 0, "axis": "y", "origin": [0, -2.25, 0]},
			"faces": {
				"north": {"uv": [0, 0, 0.5, 0], "texture": "#missing"},
				"east": {"uv": [0, 0, 0.5, 0], "texture": "#missing"},
				"south": {"uv": [0, 0, 0.5, 0], "texture": "#missing"},
				"west": {"uv": [0, 0, 0.5, 0], "texture": "#missing"},
				"up": {"uv": [14, 0, 16, 2], "texture": "#1"}
			}
		},
		{
			"from": [6, 7.25, 1],
			"to": [10, 7.25, 7],
			"rotation": {"angle": -45, "axis": "y", "origin": [8, 5.75, 8]},
			"faces": {
				"up": {"uv": [9.125, 0, 10.875, 3], "texture": "#1"},
				"down": {"uv": [9.125, 12, 10.875, 15], "texture": "#1"}
			}
		},
		{
			"from": [1, 7.25, 6],
			"to": [7, 7.25, 10],
			"rotation": {"angle": -45, "axis": "y", "origin": [8, 5.75, 8]},
			"faces": {
				"up": {"uv": [9.125, 0, 10.875, 3], "rotation": 270, "texture": "#1"},
				"down": {"uv": [9.125, 12, 10.875, 15], "rotation": 90, "texture": "#1"}
			}
		},
		{
			"from": [6, 7.25, 9],
			"to": [10, 7.25, 15],
			"rotation": {"angle": -45, "axis": "y", "origin": [8, 5.75, 8]},
			"faces": {
				"up": {"uv": [9.125, 0, 10.875, 3], "rotation": 180, "texture": "#1"},
				"down": {"uv": [9.125, 12, 10.875, 15], "rotation": 180, "texture": "#1"}
			}
		},
		{
			"from": [9, 7.25, 6],
			"to": [15, 7.25, 10],
			"rotation": {"angle": -45, "axis": "y", "origin": [8, 7.75, 8]},
			"faces": {
				"up": {"uv": [9.125, 0, 10.875, 3], "rotation": 90, "texture": "#1"},
				"down": {"uv": [9.125, 12, 10.875, 15], "rotation": 270, "texture": "#1"}
			}
		},
		{
			"from": [2, 1, 3],
			"to": [3, 6, 13],
			"faces": {
				"north": {"uv": [11, 0, 12, 5], "texture": "#2"},
				"east": {"uv": [0, 0, 10, 5], "texture": "#2"},
				"south": {"uv": [10, 0, 11, 5], "texture": "#2"},
				"west": {"uv": [0, 0, 10, 5], "texture": "#2"},
				"up": {"uv": [12, 0, 13, 5], "texture": "#2"},
				"down": {"uv": [10, 5, 11, 15], "texture": "#2"}
			}
		},
		{
			"from": [13, 1, 3],
			"to": [14, 6, 13],
			"faces": {
				"north": {"uv": [10, 0, 11, 5], "texture": "#2"},
				"east": {"uv": [0, 0, 10, 5], "texture": "#2"},
				"south": {"uv": [11, 0, 12, 5], "texture": "#2"},
				"west": {"uv": [0, 0, 10, 5], "texture": "#2"},
				"up": {"uv": [13, 0, 14, 5], "texture": "#2"},
				"down": {"uv": [10, 5, 11, 15], "texture": "#2"}
			}
		},
		{
			"from": [3, 1, 2],
			"to": [13, 6, 3],
			"faces": {
				"north": {"uv": [0, 0, 10, 5], "texture": "#2"},
				"east": {"uv": [11, 0, 12, 5], "texture": "#2"},
				"south": {"uv": [0, 0, 10, 5], "texture": "#2"},
				"west": {"uv": [10, 0, 11, 5], "texture": "#2"},
				"up": {"uv": [11, 5, 16, 6], "texture": "#2"},
				"down": {"uv": [0, 15, 10, 16], "texture": "#2"}
			}
		},
		{
			"from": [3, 1, 13],
			"to": [13, 6, 14],
			"faces": {
				"north": {"uv": [0, 0, 10, 5], "texture": "#2"},
				"east": {"uv": [10, 0, 11, 5], "texture": "#2"},
				"south": {"uv": [0, 0, 10, 5], "texture": "#2"},
				"west": {"uv": [10, 0, 11, 5], "texture": "#2"},
				"up": {"uv": [11, 6, 16, 7], "texture": "#2"},
				"down": {"uv": [0, 15, 10, 16], "texture": "#2"}
			}
		},
		{
			"from": [3, 0, 3],
			"to": [13, 5, 13],
			"faces": {
				"north": {"uv": [11, 11, 16, 16], "texture": "#2"},
				"east": {"uv": [11, 11, 16, 16], "texture": "#2"},
				"south": {"uv": [11, 11, 16, 16], "texture": "#2"},
				"west": {"uv": [11, 11, 16, 16], "texture": "#2"},
				"up": {"uv": [3, 3, 13, 13], "texture": "#3", "tintindex": 0},
				"down": {"uv": [0, 5, 10, 15], "texture": "#2"}
			}
		}
	],
	"groups": [
		{
			"name": "group",
			"origin": [-8.625, 0, 8],
			"color": 0,
			"children": [0, 1]
		},
		{
			"name": "group",
			"origin": [-8.625, 0, 8],
			"color": 0,
			"children": [2, 3]
		},
		{
			"name": "group",
			"origin": [-8.625, 0, 8],
			"color": 0,
			"children": [4, 5]
		},
		{
			"name": "group",
			"origin": [-8.625, 0, 8],
			"color": 0,
			"children": [6, 7]
		},
		8,
		9,
		10,
		11,
		12,
		13,
		14,
		15,
		16,
		17,
		18,
		19,
		20,
		21
	]
}