{
	"credit": "Made with Blockbench",
	"textures": {
		"2": "block/warped_fungus",
		"5": "block/warped_roots",
		"particle": "block/flower_pot_cross",
		"flowerpot": "block/flower_pot_cross",
		"dirt": "block/warped_nylium"
	},
	"elements": [
		{
			"from": [8, 5, 1],
			"to": [8, 19, 15],
			"rotation": {"angle": -45, "axis": "y", "origin": [8, 9, 8]},
			"faces": {
				"east": {"uv": [0, 0, 16, 15.75], "texture": "#2"},
				"west": {"uv": [0, 0, 16, 15.75], "texture": "#2"}
			}
		},
		{
			"from": [8, 5, 1],
			"to": [8, 19, 15],
			"rotation": {"angle": 45, "axis": "y", "origin": [8, 9, 8]},
			"faces": {
				"east": {"uv": [0, 0, 16, 15.75], "texture": "#2"},
				"west": {"uv": [0, 0, 16, 15.75], "texture": "#2"}
			}
		},
		{
			"from": [4, 1.5, 9],
			"to": [12, 9.5, 9],
			"rotation": {"angle": 45, "axis": "y", "origin": [8.5, 9, 13]},
			"faces": {
				"north": {"uv": [0, 0, 16, 15.75], "texture": "#5"},
				"south": {"uv": [0, 0, 16, 15.75], "texture": "#5"}
			}
		},
		{
			"from": [10.5, 1.5, 2.75],
			"to": [10.5, 9.5, 10.75],
			"rotation": {"angle": 45, "axis": "y", "origin": [12.5, 9, 15]},
			"faces": {
				"east": {"uv": [0, 0, 16, 15.75], "texture": "#5"},
				"west": {"uv": [0, 0, 16, 15.75], "texture": "#5"}
			}
		},
		{
			"from": [0.75, 2.5, 7.5],
			"to": [9.75, 9.5, 7.5],
			"rotation": {"angle": 22.5, "axis": "y", "origin": [1.5, 9, 6]},
			"faces": {
				"north": {"uv": [0, 0, 16, 16], "texture": "#5"},
				"east": {"uv": [0, 0, 0, 0], "texture": "#5"},
				"south": {"uv": [0, 0, 16, 15.75], "texture": "#5"},
				"west": {"uv": [0, 0, 0, 0], "texture": "#5"},
				"up": {"uv": [0, 0, 0, 0], "rotation": 90, "texture": "#5"},
				"down": {"uv": [0, 0, 0, 0], "rotation": 270, "texture": "#5"}
			}
		},
		{
			"from": [5.66866, 2.5, 5.10476],
			"to": [5.66866, 9.5, 14.10476],
			"rotation": {"angle": 22.5, "axis": "y", "origin": [-3.58134, 8.5, 8.10476]},
			"faces": {
				"north": {"uv": [0, 0, 0, 0], "texture": "#5"},
				"east": {"uv": [0, 0, 16, 15.75], "texture": "#5"},
				"south": {"uv": [0, 0, 0, 0], "texture": "#5"},
				"west": {"uv": [0, 0, 16, 16], "texture": "#5"},
				"up": {"uv": [0, 0, 0, 0], "texture": "#5"},
				"down": {"uv": [0, 0, 0, 0], "texture": "#5"}
			}
		},
		{
			"from": [6.5, 3, 5],
			"to": [14.5, 9, 5],
			"rotation": {"angle": -22.5, "axis": "y", "origin": [7.5, 9, 5]},
			"faces": {
				"north": {"uv": [0, 2.5, 16, 15.75], "texture": "#5"},
				"east": {"uv": [0, 0, 0, 0], "texture": "#5"},
				"south": {"uv": [0, 2.5, 16, 15.75], "texture": "#5"},
				"west": {"uv": [0, 0, 0, 0], "texture": "#5"},
				"up": {"uv": [0, 0, 0, 0], "rotation": 90, "texture": "#5"},
				"down": {"uv": [0, 0, 0, 0], "rotation": 270, "texture": "#5"}
			}
		},
		{
			"from": [9.5, 3, 2],
			"to": [9.5, 9, 10],
			"rotation": {"angle": -22.5, "axis": "y", "origin": [9.5, 9, 9]},
			"faces": {
				"north": {"uv": [0, 2.5, 16, 15.75], "texture": "#5"},
				"east": {"uv": [0, 2.5, 16, 15.75], "texture": "#5"},
				"south": {"uv": [0, 0, 0, 0], "texture": "#5"},
				"west": {"uv": [0, 2.5, 16, 15.75], "texture": "#5"},
				"up": {"uv": [0, 0, 0, 0], "texture": "#5"},
				"down": {"uv": [0, 0, 0, 0], "texture": "#5"}
			}
		},
		{
			"from": [5, 2, 3.75],
			"to": [13, 10, 3.75],
			"rotation": {"angle": -22.5, "axis": "y", "origin": [-7.5, 9, 11]},
			"faces": {
				"north": {"uv": [0, 0, 16, 16], "texture": "#5"},
				"east": {"uv": [0, 0, 16, 14], "texture": "#5"},
				"south": {"uv": [0, 0, 16, 16], "texture": "#5"},
				"west": {"uv": [0, 0, 0, 0], "texture": "#5"},
				"up": {"uv": [0, 0, 0, 0], "rotation": 90, "texture": "#5"},
				"down": {"uv": [0, 0, 0, 0], "rotation": 270, "texture": "#5"}
			}
		},
		{
			"from": [7.75, 2, 0.75],
			"to": [7.75, 10, 8.75],
			"rotation": {"angle": -22.5, "axis": "y", "origin": [-5.5, 9, 15]},
			"faces": {
				"north": {"uv": [0, 0, 0, 0], "texture": "#5"},
				"east": {"uv": [0, 0, 16, 14], "texture": "#5"},
				"south": {"uv": [0, 0, 0, 0], "texture": "#5"},
				"west": {"uv": [0, 0, 16, 16], "texture": "#5"},
				"up": {"uv": [0, 0, 0, 0], "texture": "#5"},
				"down": {"uv": [0, 0, 0, 0], "texture": "#5"}
			}
		},
		{
			"from": [13, 1, 3],
			"to": [14, 6, 13],
			"faces": {
				"north": {"uv": [10, 0, 11, 5], "texture": "#flowerpot"},
				"east": {"uv": [0, 0, 10, 5], "texture": "#flowerpot"},
				"south": {"uv": [11, 0, 12, 5], "texture": "#flowerpot"},
				"west": {"uv": [0, 0, 10, 5], "texture": "#flowerpot"},
				"up": {"uv": [13, 0, 14, 5], "texture": "#flowerpot"},
				"down": {"uv": [10, 5, 11, 15], "texture": "#flowerpot"}
			}
		},
		{
			"from": [3, 1, 13],
			"to": [13, 6, 14],
			"faces": {
				"north": {"uv": [0, 0, 10, 5], "texture": "#flowerpot"},
				"east": {"uv": [10, 0, 11, 5], "texture": "#flowerpot"},
				"south": {"uv": [0, 0, 10, 5], "texture": "#flowerpot"},
				"west": {"uv": [10, 0, 11, 5], "texture": "#flowerpot"},
				"up": {"uv": [11, 6, 16, 7], "texture": "#flowerpot"},
				"down": {"uv": [0, 15, 10, 16], "texture": "#flowerpot"}
			}
		},
		{
			"from": [3, 1, 2],
			"to": [13, 6, 3],
			"faces": {
				"north": {"uv": [0, 0, 10, 5], "texture": "#flowerpot"},
				"east": {"uv": [11, 0, 12, 5], "texture": "#flowerpot"},
				"south": {"uv": [0, 0, 10, 5], "texture": "#flowerpot"},
				"west": {"uv": [10, 0, 11, 5], "texture": "#flowerpot"},
				"up": {"uv": [11, 5, 16, 6], "texture": "#flowerpot"},
				"down": {"uv": [0, 15, 10, 16], "texture": "#flowerpot"}
			}
		},
		{
			"from": [3, 0, 3],
			"to": [13, 5, 13],
			"faces": {
				"north": {"uv": [11, 11, 16, 16], "texture": "#flowerpot"},
				"east": {"uv": [11, 11, 16, 16], "texture": "#flowerpot"},
				"south": {"uv": [11, 11, 16, 16], "texture": "#flowerpot"},
				"west": {"uv": [11, 11, 16, 16], "texture": "#flowerpot"},
				"up": {"uv": [3, 3, 13, 13], "texture": "#dirt"},
				"down": {"uv": [0, 5, 10, 15], "texture": "#flowerpot"}
			}
		},
		{
			"from": [2, 1, 3],
			"to": [3, 6, 13],
			"faces": {
				"north": {"uv": [11, 0, 12, 5], "texture": "#flowerpot"},
				"east": {"uv": [0, 0, 10, 5], "texture": "#flowerpot"},
				"south": {"uv": [10, 0, 11, 5], "texture": "#flowerpot"},
				"west": {"uv": [0, 0, 10, 5], "texture": "#flowerpot"},
				"up": {"uv": [12, 0, 13, 5], "texture": "#flowerpot"},
				"down": {"uv": [10, 5, 11, 15], "texture": "#flowerpot"}
			}
		}
	],
	"groups": [
		{
			"name": "group",
			"origin": [8, 8, 8],
			"color": 0,
			"children": [
				{
					"name": "stem",
					"origin": [1, 4, 27],
					"color": 0,
					"children": [
						{
							"name": "group",
							"origin": [8, 9, 8],
							"color": 0,
							"children": [0, 1]
						},
						{
							"name": "group",
							"origin": [8, 9, 8],
							"color": 0,
							"children": [2, 3]
						},
						{
							"name": "group",
							"origin": [8, 9, 8],
							"color": 0,
							"children": [4, 5]
						},
						{
							"name": "group",
							"origin": [8, 9, 8],
							"color": 0,
							"children": [6, 7]
						},
						{
							"name": "group",
							"origin": [8, 9, 8],
							"color": 0,
							"children": [8, 9]
						}
					]
				},
				{
					"name": "pot",
					"origin": [1, 4, 27],
					"color": 0,
					"children": [10, 11, 12, 13, 14]
				}
			]
		}
	]
}