{
	"credit": "Made with Blockbench",
	"ambientocclusion": false,
	"textures": {
		"particle": "block/flower_pot",
		"flowerpot": "block/flower_pot",
		"dirt": "block/podzol_top",
		"bamboo": "block/bamboo_stalk",
		"leaf": "block/bamboo_singleleaf"
	},
	"elements": [
		{
			"from": [2, 1, 3],
			"to": [3, 6, 13],
			"faces": {
				"north": {"uv": [11, 0, 12, 5], "texture": "#flowerpot"},
				"east": {"uv": [0, 0, 10, 5], "texture": "#flowerpot"},
				"south": {"uv": [10, 0, 11, 5], "texture": "#flowerpot"},
				"west": {"uv": [0, 0, 10, 5], "texture": "#flowerpot"},
				"up": {"uv": [12, 0, 13, 5], "texture": "#flowerpot"},
				"down": {"uv": [10, 5, 11, 15], "texture": "#flowerpot"}
			}
		},
		{
			"from": [13, 1, 3],
			"to": [14, 6, 13],
			"faces": {
				"north": {"uv": [10, 0, 11, 5], "texture": "#flowerpot"},
				"east": {"uv": [0, 0, 10, 5], "texture": "#flowerpot"},
				"south": {"uv": [11, 0, 12, 5], "texture": "#flowerpot"},
				"west": {"uv": [0, 0, 10, 5], "texture": "#flowerpot"},
				"up": {"uv": [13, 0, 14, 5], "texture": "#flowerpot"},
				"down": {"uv": [10, 5, 11, 15], "texture": "#flowerpot"}
			}
		},
		{
			"from": [3, 1, 2],
			"to": [13, 6, 3],
			"faces": {
				"north": {"uv": [0, 0, 10, 5], "texture": "#flowerpot"},
				"east": {"uv": [11, 0, 12, 5], "texture": "#flowerpot"},
				"south": {"uv": [0, 0, 10, 5], "texture": "#flowerpot"},
				"west": {"uv": [10, 0, 11, 5], "texture": "#flowerpot"},
				"up": {"uv": [11, 5, 16, 6], "texture": "#flowerpot"},
				"down": {"uv": [0, 15, 10, 16], "texture": "#flowerpot"}
			}
		},
		{
			"from": [3, 1, 13],
			"to": [13, 6, 14],
			"faces": {
				"north": {"uv": [0, 0, 10, 5], "texture": "#flowerpot"},
				"east": {"uv": [10, 0, 11, 5], "texture": "#flowerpot"},
				"south": {"uv": [0, 0, 10, 5], "texture": "#flowerpot"},
				"west": {"uv": [11, 0, 12, 5], "texture": "#flowerpot"},
				"up": {"uv": [11, 6, 16, 7], "texture": "#flowerpot"},
				"down": {"uv": [0, 15, 10, 16], "texture": "#flowerpot"}
			}
		},
		{
			"from": [3, 0, 3],
			"to": [13, 5, 13],
			"faces": {
				"north": {"uv": [11, 11, 16, 16], "texture": "#flowerpot"},
				"east": {"uv": [11, 11, 16, 16], "texture": "#flowerpot"},
				"south": {"uv": [11, 11, 16, 16], "texture": "#flowerpot"},
				"west": {"uv": [6, 12, 10, 16], "texture": "#flowerpot"},
				"up": {"uv": [3, 3, 13, 13], "texture": "#dirt", "tintindex": 0},
				"down": {"uv": [0, 5, 10, 15], "texture": "#flowerpot"}
			}
		},
		{
			"from": [7, 5, 7],
			"to": [9, 16, 9],
			"faces": {
				"north": {"uv": [6, 0, 9, 13.75], "texture": "#bamboo"},
				"east": {"uv": [6, 0, 9, 13.75], "texture": "#bamboo"},
				"south": {"uv": [6, 0, 9, 13.75], "texture": "#bamboo"},
				"west": {"uv": [6, 0, 9, 13.75], "texture": "#bamboo"},
				"up": {"uv": [13, 0, 16, 3], "texture": "#bamboo"}
			}
		},
		{
			"from": [10.5, 5, 10],
			"to": [12, 13, 11.5],
			"faces": {
				"north": {"uv": [6, 0, 9, 12], "texture": "#bamboo"},
				"east": {"uv": [6, 0, 9, 12], "texture": "#bamboo"},
				"south": {"uv": [6, 0, 9, 12], "texture": "#bamboo"},
				"west": {"uv": [6, 0, 9, 12], "texture": "#bamboo"},
				"up": {"uv": [13, 0, 16, 3], "texture": "#bamboo"}
			}
		},
		{
			"from": [4, 5, 10.5],
			"to": [5.5, 10, 12],
			"faces": {
				"north": {"uv": [0, 4, 3, 14.75], "texture": "#bamboo"},
				"east": {"uv": [0, 4, 3, 14.75], "texture": "#bamboo"},
				"south": {"uv": [0, 4, 3, 14.75], "texture": "#bamboo"},
				"west": {"uv": [0, 4, 3, 14.75], "texture": "#bamboo"},
				"up": {"uv": [13, 0, 16, 3], "texture": "#bamboo"}
			}
		},
		{
			"from": [4.5, 5, 4],
			"to": [6, 14, 5.5],
			"faces": {
				"north": {"uv": [0, 2.25, 3, 16], "texture": "#bamboo"},
				"east": {"uv": [0, 2.25, 3, 16], "texture": "#bamboo"},
				"south": {"uv": [0, 2.25, 3, 16], "texture": "#bamboo"},
				"west": {"uv": [0, 2.25, 3, 16], "texture": "#bamboo"},
				"up": {"uv": [13, 0, 16, 3], "texture": "#bamboo"}
			}
		},
		{
			"from": [10.25, 5, 4.5],
			"to": [11.75, 11, 6],
			"faces": {
				"north": {"uv": [0, 2.75, 3, 14.75], "texture": "#bamboo"},
				"east": {"uv": [0, 2.75, 3, 14.75], "texture": "#bamboo"},
				"south": {"uv": [0, 2.75, 3, 14.75], "texture": "#bamboo"},
				"west": {"uv": [0, 2.75, 3, 14.75], "texture": "#bamboo"},
				"up": {"uv": [13, 0, 16, 3], "texture": "#bamboo"}
			}
		},
		{
			"from": [4.5, 9.75, 8],
			"to": [12.5, 17.75, 8],
			"shade": false,
			"faces": {
				"north": {"uv": [0, 0, 16, 16], "texture": "#leaf"},
				"south": {"uv": [16, 0, 0, 16], "texture": "#leaf"}
			}
		}
	]
}