{
	"credit": "Made with Blockbench",
	"textures": {
		"2": "block/red_tulip",
		"particle": "block/flower_pot_cross",
		"flowerpot": "block/flower_pot_cross",
		"dirt": "block/dirt"
	},
	"elements": [
		{
			"from": [8, 5, 3],
			"to": [8, 16, 13],
			"rotation": {"angle": -45, "axis": "y", "origin": [8, 9, 8]},
			"faces": {
				"east": {"uv": [0.5, 0, 7.25, 8], "texture": "#2"},
				"west": {"uv": [0.5, 0, 7.25, 8], "texture": "#2"}
			}
		},
		{
			"from": [8, 5, 3],
			"to": [8, 16, 13],
			"rotation": {"angle": 45, "axis": "y", "origin": [8, 9, 8]},
			"faces": {
				"east": {"uv": [0.5, 0, 7.25, 8], "texture": "#2"},
				"west": {"uv": [0.5, 0, 7.25, 8], "texture": "#2"}
			}
		},
		{
			"from": [5.75, 5, 4],
			"to": [11.75, 11, 4],
			"rotation": {"angle": 0, "axis": "y", "origin": [8, 9, 8]},
			"faces": {
				"north": {"uv": [0.5, 0, 7.25, 8], "texture": "#2"},
				"south": {"uv": [0.5, 0, 7.25, 8], "texture": "#2"}
			}
		},
		{
			"from": [8.75, 5, 1],
			"to": [8.75, 11, 7],
			"rotation": {"angle": 0, "axis": "y", "origin": [8, 9, 8]},
			"faces": {
				"east": {"uv": [0.5, 0, 7.25, 8], "texture": "#2"},
				"west": {"uv": [0.5, 0, 7.25, 8], "texture": "#2"}
			}
		},
		{
			"from": [0.75, 4, 7],
			"to": [6.75, 10.25, 7],
			"rotation": {"angle": 0, "axis": "y", "origin": [8, 9, 8]},
			"faces": {
				"north": {"uv": [0.5, 0, 7.25, 8], "texture": "#2"},
				"south": {"uv": [0.5, 0, 7.25, 8], "texture": "#2"}
			}
		},
		{
			"from": [3.75, 4, 4],
			"to": [3.75, 10.25, 10],
			"rotation": {"angle": 0, "axis": "y", "origin": [8, 9, 8]},
			"faces": {
				"east": {"uv": [0.5, 0, 7.25, 8], "texture": "#2"},
				"west": {"uv": [0.5, 0, 7.25, 8], "texture": "#2"}
			}
		},
		{
			"from": [4.5, 5, 12.25],
			"to": [10.5, 10.75, 12.25],
			"rotation": {"angle": 0, "axis": "y", "origin": [8, 9, 8]},
			"faces": {
				"north": {"uv": [0.5, 0, 7.25, 8], "texture": "#2"},
				"south": {"uv": [0.5, 0, 7.25, 8], "texture": "#2"}
			}
		},
		{
			"from": [7.5, 5, 9.25],
			"to": [7.5, 10.75, 15.25],
			"rotation": {"angle": 0, "axis": "y", "origin": [8, 9, 8]},
			"faces": {
				"east": {"uv": [0.5, 0, 7.25, 8], "texture": "#2"},
				"west": {"uv": [0.5, 0, 7.25, 8], "texture": "#2"}
			}
		},
		{
			"from": [9.25, 4, 9.25],
			"to": [15.25, 10.25, 9.25],
			"rotation": {"angle": 0, "axis": "y", "origin": [8, 9, 8]},
			"faces": {
				"north": {"uv": [0.5, 0, 7.25, 8], "texture": "#2"},
				"south": {"uv": [0.5, 0, 7.25, 8], "texture": "#2"}
			}
		},
		{
			"from": [12.25, 4, 6.25],
			"to": [12.25, 10.25, 12.25],
			"rotation": {"angle": 0, "axis": "y", "origin": [8, 9, 8]},
			"faces": {
				"east": {"uv": [0.5, 0, 7.25, 8], "texture": "#2"},
				"west": {"uv": [0.5, 0, 7.25, 8], "texture": "#2"}
			}
		},
		{
			"from": [6.25, 5, 0.25],
			"to": [6.25, 14.5, 9.75],
			"rotation": {"angle": -45, "axis": "y", "origin": [6.25, 9, 5.25]},
			"faces": {
				"east": {"uv": [0.5, 0, 7.25, 8], "texture": "#2"},
				"west": {"uv": [0.5, 0, 7.25, 8], "texture": "#2"}
			}
		},
		{
			"from": [6.25, 5, 0.25],
			"to": [6.25, 14.5, 10.25],
			"rotation": {"angle": 45, "axis": "y", "origin": [6.25, 9, 5.25]},
			"faces": {
				"east": {"uv": [0.5, 0, 7.25, 8], "texture": "#2"},
				"west": {"uv": [0.5, 0, 7.25, 8], "texture": "#2"}
			}
		},
		{
			"from": [10, 5, 6.5],
			"to": [10, 14, 15.5],
			"rotation": {"angle": -45, "axis": "y", "origin": [10, 9, 11]},
			"faces": {
				"east": {"uv": [0.5, 0, 7.25, 8], "texture": "#2"},
				"west": {"uv": [0.5, 0, 7.25, 8], "texture": "#2"}
			}
		},
		{
			"from": [10, 5, 6.5],
			"to": [10, 14, 15.5],
			"rotation": {"angle": 45, "axis": "y", "origin": [10, 9, 11]},
			"faces": {
				"east": {"uv": [0.5, 0, 7.25, 8], "texture": "#2"},
				"west": {"uv": [0.5, 0, 7.25, 8], "texture": "#2"}
			}
		},
		{
			"from": [1, 4, 11],
			"to": [9, 13.5, 11],
			"rotation": {"angle": 22.5, "axis": "y", "origin": [5, 8, 11]},
			"faces": {
				"north": {"uv": [0.5, 0, 7.25, 8], "texture": "#2"},
				"south": {"uv": [0.5, 0, 7.25, 8], "texture": "#2"}
			}
		},
		{
			"from": [5, 4, 7],
			"to": [5, 13.5, 15.25],
			"rotation": {"angle": 22.5, "axis": "y", "origin": [5, 8, 11]},
			"faces": {
				"east": {"uv": [0.5, 0, 7.25, 8], "texture": "#2"},
				"west": {"uv": [0.5, 0, 7.25, 8], "texture": "#2"}
			}
		},
		{
			"from": [9, 4, 0],
			"to": [9, 13, 8],
			"rotation": {"angle": -22.5, "axis": "y", "origin": [5, 8, 11]},
			"faces": {
				"east": {"uv": [0.5, 0, 7.25, 8], "texture": "#2"},
				"west": {"uv": [0.5, 0, 7.25, 8], "texture": "#2"}
			}
		},
		{
			"from": [5, 4, 4],
			"to": [13, 13, 4],
			"rotation": {"angle": -22.5, "axis": "y", "origin": [5, 8, 11]},
			"faces": {
				"north": {"uv": [0.5, 0, 7.25, 8], "texture": "#2"},
				"south": {"uv": [0.5, 0, 7.25, 8], "texture": "#2"}
			}
		},
		{
			"from": [2, 1, 3],
			"to": [3, 6, 13],
			"faces": {
				"north": {"uv": [11, 0, 12, 5], "texture": "#flowerpot"},
				"east": {"uv": [0, 0, 10, 5], "texture": "#flowerpot"},
				"south": {"uv": [10, 0, 11, 5], "texture": "#flowerpot"},
				"west": {"uv": [0, 0, 10, 5], "texture": "#flowerpot"},
				"up": {"uv": [12, 0, 13, 5], "texture": "#flowerpot"},
				"down": {"uv": [10, 5, 11, 15], "texture": "#flowerpot"}
			}
		},
		{
			"from": [13, 1, 3],
			"to": [14, 6, 13],
			"faces": {
				"north": {"uv": [10, 0, 11, 5], "texture": "#flowerpot"},
				"east": {"uv": [0, 0, 10, 5], "texture": "#flowerpot"},
				"south": {"uv": [11, 0, 12, 5], "texture": "#flowerpot"},
				"west": {"uv": [0, 0, 10, 5], "texture": "#flowerpot"},
				"up": {"uv": [13, 0, 14, 5], "texture": "#flowerpot"},
				"down": {"uv": [10, 5, 11, 15], "texture": "#flowerpot"}
			}
		},
		{
			"from": [3, 1, 13],
			"to": [13, 6, 14],
			"faces": {
				"north": {"uv": [0, 0, 10, 5], "texture": "#flowerpot"},
				"east": {"uv": [10, 0, 11, 5], "texture": "#flowerpot"},
				"south": {"uv": [0, 0, 10, 5], "texture": "#flowerpot"},
				"west": {"uv": [10, 0, 11, 5], "texture": "#flowerpot"},
				"up": {"uv": [11, 6, 16, 7], "texture": "#flowerpot"},
				"down": {"uv": [0, 15, 10, 16], "texture": "#flowerpot"}
			}
		},
		{
			"from": [3, 1, 2],
			"to": [13, 6, 3],
			"faces": {
				"north": {"uv": [0, 0, 10, 5], "texture": "#flowerpot"},
				"east": {"uv": [11, 0, 12, 5], "texture": "#flowerpot"},
				"south": {"uv": [0, 0, 10, 5], "texture": "#flowerpot"},
				"west": {"uv": [10, 0, 11, 5], "texture": "#flowerpot"},
				"up": {"uv": [11, 5, 16, 6], "texture": "#flowerpot"},
				"down": {"uv": [0, 15, 10, 16], "texture": "#flowerpot"}
			}
		},
		{
			"from": [3, 0, 3],
			"to": [13, 5, 13],
			"faces": {
				"north": {"uv": [11, 11, 16, 16], "texture": "#flowerpot"},
				"east": {"uv": [11, 11, 16, 16], "texture": "#flowerpot"},
				"south": {"uv": [11, 11, 16, 16], "texture": "#flowerpot"},
				"west": {"uv": [11, 11, 16, 16], "texture": "#flowerpot"},
				"up": {"uv": [3, 3, 13, 13], "texture": "#dirt", "tintindex": 0},
				"down": {"uv": [0, 5, 10, 15], "texture": "#flowerpot"}
			}
		}
	],
	"groups": [
		{
			"name": "group",
			"origin": [8, 8, 8],
			"color": 0,
			"children": [
				{
					"name": "stem",
					"origin": [1, 4, 27],
					"color": 0,
					"children": [
						{
							"name": "group",
							"origin": [8, 9, 8],
							"color": 0,
							"children": [0, 1]
						},
						{
							"name": "group",
							"origin": [8, 9, 8],
							"color": 0,
							"children": [2, 3]
						},
						{
							"name": "group",
							"origin": [8, 9, 8],
							"color": 0,
							"children": [4, 5]
						},
						{
							"name": "group",
							"origin": [8, 9, 8],
							"color": 0,
							"children": [6, 7]
						},
						{
							"name": "group",
							"origin": [8, 9, 8],
							"color": 0,
							"children": [8, 9]
						},
						{
							"name": "group",
							"origin": [8, 9, 8],
							"color": 0,
							"children": [10, 11]
						},
						{
							"name": "group",
							"origin": [8, 9, 8],
							"color": 0,
							"children": [12, 13]
						},
						{
							"name": "group",
							"origin": [8, 9, 8],
							"color": 0,
							"children": [14, 15]
						},
						{
							"name": "group",
							"origin": [8, 9, 8],
							"color": 0,
							"children": [16, 17]
						}
					]
				},
				{
					"name": "pot",
					"origin": [1, 4, 27],
					"color": 0,
					"children": [18, 19, 20, 21, 22]
				}
			]
		}
	]
}