{
	"credit": "Made with Blockbench",
	"ambientocclusion": false,
	"texture_size": [64, 64],
	"textures": {
		"0": "block/rose_bush",
		"particle": "block/rose_bush"
	},
	"elements": [
		{
			"from": [8, 0, -3],
			"to": [8, 17, 19],
			"rotation": {"angle": -45, "axis": "y", "origin": [8, 8.5, 8]},
			"faces": {
				"east": {"uv": [8, 9, 16, 16], "texture": "#0"},
				"west": {"uv": [0, 9, 8, 16], "texture": "#0"}
			}
		},
		{
			"from": [-3, 0, 8],
			"to": [19, 17, 8],
			"rotation": {"angle": -45, "axis": "y", "origin": [8, 8.5, 8]},
			"faces": {
				"north": {"uv": [0, 9, 8, 16], "texture": "#0"},
				"south": {"uv": [8, 9, 16, 16], "texture": "#0"}
			}
		}
	]
}