{
	"credit": "Made with Blockbench",
	"parent": "block/block",
	"ambientocclusion": false,
	"textures": {
		"0": "block/cattails",
		"particle": "block/cattails"
	},
	"elements": [
		{
			"from": [11.25, 6.65625, 13.59375],
			"to": [14.25, 16.65625, 13.59375],
			"rotation": {"angle": 22.5, "axis": "x", "origin": [14.25, 6.65625, 13.59375]},
			"faces": {
				"north": {"uv": [8.5, 6, 11.5, 16], "texture": "#0"},
				"south": {"uv": [8.5, 6, 11.5, 16], "texture": "#0"}
			}
		},
		{
			"from": [12.75, 2.75, 11.25],
			"to": [12.75, 16.75, 14.25],
			"rotation": {"angle": 22.5, "axis": "z", "origin": [12.75, 2.75, 12.75]},
			"faces": {
				"east": {"uv": [5.5, 2, 8.5, 16], "texture": "#0"},
				"west": {"uv": [5.5, 2, 8.5, 16], "texture": "#0"}
			}
		},
		{
			"from": [7.40625, 15.65625, 11.25],
			"to": [7.40625, 25.65625, 14.25],
			"rotation": {"angle": 45, "axis": "z", "origin": [7.40625, 15.65625, 14.25]},
			"faces": {
				"east": {"uv": [8.5, 6, 11.5, 16], "texture": "#0"},
				"west": {"uv": [8.5, 6, 11.5, 16], "texture": "#0"}
			}
		},
		{
			"from": [11.25, 5, 12.75],
			"to": [14.25, 19, 12.75],
			"rotation": {"angle": -22.5, "axis": "x", "origin": [12.75, 5, 12.75]},
			"faces": {
				"north": {"uv": [5.5, 2, 8.5, 16], "texture": "#0"},
				"south": {"uv": [5.5, 2, 8.5, 16], "texture": "#0"}
			}
		},
		{
			"from": [11.25, 17.90625, 7.40625],
			"to": [14.25, 27.90625, 7.40625],
			"rotation": {"angle": -45, "axis": "x", "origin": [11.25, 17.90625, 7.40625]},
			"faces": {
				"north": {"uv": [8.5, 6, 11.5, 16], "texture": "#0"},
				"south": {"uv": [8.5, 6, 11.5, 16], "texture": "#0"}
			}
		},
		{
			"from": [13.34375, 10.65625, 11.25],
			"to": [13.34375, 20.65625, 14.25],
			"rotation": {"angle": -22.5, "axis": "z", "origin": [13.34375, 10.65625, 11.25]},
			"faces": {
				"east": {"uv": [8.5, 6, 11.5, 16], "texture": "#0"},
				"west": {"uv": [8.5, 6, 11.5, 16], "texture": "#0"}
			}
		},
		{
			"from": [12.125, 7, 12.125],
			"to": [13.375, 16, 13.375],
			"rotation": {"angle": 0, "axis": "y", "origin": [4.375, 0, 4.625]},
			"faces": {
				"north": {"uv": [1.75, 7, 3, 16], "texture": "#0"},
				"east": {"uv": [1.75, 7, 3, 16], "texture": "#0"},
				"south": {"uv": [1.75, 7, 3, 16], "texture": "#0"},
				"west": {"uv": [1.75, 7, 3, 16], "texture": "#0"},
				"up": {"uv": [1.75, 5.75, 3, 7], "texture": "#0"}
			}
		},
		{
			"from": [11.875, 0, 11.875],
			"to": [13.625, 7, 13.625],
			"rotation": {"angle": 0, "axis": "y", "origin": [4.375, 0, 4.625]},
			"faces": {
				"north": {"uv": [0, 9, 1.75, 16], "texture": "#0"},
				"east": {"uv": [0, 9, 1.75, 16], "texture": "#0"},
				"south": {"uv": [0, 9, 1.75, 16], "texture": "#0"},
				"west": {"uv": [0, 9, 1.75, 16], "texture": "#0"},
				"up": {"uv": [0, 7.25, 1.75, 9], "texture": "#0"},
				"down": {"uv": [0, 7.25, 1.75, 9], "texture": "#0"}
			}
		},
		{
			"from": [1.25, -6.25, 4.75],
			"to": [4.25, 7.75, 4.75],
			"rotation": {"angle": -22.5, "axis": "x", "origin": [2.75, -6.25, 4.75]},
			"faces": {
				"north": {"uv": [5.5, 2, 8.5, 16], "texture": "#0"},
				"south": {"uv": [5.5, 2, 8.5, 16], "texture": "#0"}
			}
		},
		{
			"from": [1.25, 6.65625, -0.59375],
			"to": [4.25, 16.65625, -0.59375],
			"rotation": {"angle": -45, "axis": "x", "origin": [1.25, 6.65625, -0.59375]},
			"faces": {
				"north": {"uv": [8.5, 6, 11.5, 16], "texture": "#0"},
				"south": {"uv": [8.5, 6, 11.5, 16], "texture": "#0"}
			}
		},
		{
			"from": [2.75, -1.25, 3.25],
			"to": [2.75, 12.75, 6.25],
			"rotation": {"angle": -22.5, "axis": "z", "origin": [2.75, -1.25, 4.75]},
			"faces": {
				"east": {"uv": [5.5, 2, 8.5, 16], "texture": "#0"},
				"west": {"uv": [5.5, 2, 8.5, 16], "texture": "#0"}
			}
		},
		{
			"from": [8.09375, 11.65625, 3.25],
			"to": [8.09375, 21.65625, 6.25],
			"rotation": {"angle": -45, "axis": "z", "origin": [8.09375, 11.65625, 3.25]},
			"faces": {
				"east": {"uv": [8.5, 6, 11.5, 16], "texture": "#0"},
				"west": {"uv": [8.5, 6, 11.5, 16], "texture": "#0"}
			}
		},
		{
			"from": [1.25, 1, 4.75],
			"to": [4.25, 15, 4.75],
			"rotation": {"angle": 22.5, "axis": "x", "origin": [2.75, 1, 4.75]},
			"faces": {
				"north": {"uv": [5.5, 2, 8.5, 16], "texture": "#0"},
				"south": {"uv": [5.5, 2, 8.5, 16], "texture": "#0"}
			}
		},
		{
			"from": [1.25, 13.90625, 10.09375],
			"to": [4.25, 23.90625, 10.09375],
			"rotation": {"angle": 45, "axis": "x", "origin": [4.25, 13.90625, 10.09375]},
			"faces": {
				"north": {"uv": [8.5, 6, 11.5, 16], "texture": "#0"},
				"south": {"uv": [8.5, 6, 11.5, 16], "texture": "#0"}
			}
		},
		{
			"from": [2.15625, 6.65625, 3.25],
			"to": [2.15625, 16.65625, 6.25],
			"rotation": {"angle": 22.5, "axis": "z", "origin": [2.15625, 6.65625, 6.25]},
			"faces": {
				"east": {"uv": [8.5, 6, 11.5, 16], "texture": "#0"},
				"west": {"uv": [8.5, 6, 11.5, 16], "texture": "#0"}
			}
		},
		{
			"from": [2.125, 3, 4.125],
			"to": [3.375, 12, 5.375],
			"rotation": {"angle": 0, "axis": "y", "origin": [11.125, -4, 12.875]},
			"faces": {
				"north": {"uv": [1.75, 7, 3, 16], "texture": "#0"},
				"east": {"uv": [1.75, 7, 3, 16], "texture": "#0"},
				"south": {"uv": [1.75, 7, 3, 16], "texture": "#0"},
				"west": {"uv": [1.75, 7, 3, 16], "texture": "#0"},
				"up": {"uv": [1.75, 5.75, 3, 7], "rotation": 180, "texture": "#0"}
			}
		},
		{
			"from": [1.875, -4, 3.875],
			"to": [3.625, 3, 5.625],
			"rotation": {"angle": 0, "axis": "y", "origin": [11.125, -4, 12.875]},
			"faces": {
				"north": {"uv": [0, 9, 1.75, 16], "texture": "#0"},
				"east": {"uv": [0, 9, 1.75, 16], "texture": "#0"},
				"south": {"uv": [0, 9, 1.75, 16], "texture": "#0"},
				"west": {"uv": [0, 9, 1.75, 16], "texture": "#0"},
				"up": {"uv": [0, 7.25, 1.75, 9], "rotation": 180, "texture": "#0"},
				"down": {"uv": [0, 7.25, 1.75, 9], "rotation": 180, "texture": "#0"}
			}
		}
	],
	"groups": [
		{
			"name": "group",
			"origin": [8, 8, 8],
			"color": 0,
			"children": [
				{
					"name": "group",
					"origin": [6.5, 12.90625, 2.65625],
					"color": 0,
					"children": [0]
				},
				{
					"name": "group",
					"origin": [6.5, 12.90625, 2.65625],
					"color": 0,
					"children": [1, 2]
				},
				{
					"name": "group",
					"origin": [6.5, 12.90625, 2.65625],
					"color": 0,
					"children": [3, 4]
				},
				{
					"name": "group",
					"origin": [6.5, 12.90625, 2.65625],
					"color": 0,
					"children": [5]
				},
				{
					"name": "group",
					"origin": [0, 0, 0],
					"color": 0,
					"children": [6, 7]
				},
				{
					"name": "group",
					"origin": [0, 0, 0],
					"color": 0,
					"children": []
				}
			]
		},
		{
			"name": "group",
			"origin": [8, 8, 8],
			"color": 0,
			"children": [
				{
					"name": "group",
					"origin": [6.5, 12.90625, 2.65625],
					"color": 0,
					"children": [8, 9]
				},
				{
					"name": "group",
					"origin": [6.5, 12.90625, 2.65625],
					"color": 0,
					"children": [10, 11]
				},
				{
					"name": "group",
					"origin": [6.5, 12.90625, 2.65625],
					"color": 0,
					"children": [12, 13]
				},
				{
					"name": "group",
					"origin": [6.5, 12.90625, 2.65625],
					"color": 0,
					"children": [14]
				},
				{
					"name": "group",
					"origin": [0, 0, 0],
					"color": 0,
					"children": [15, 16]
				},
				{
					"name": "group",
					"origin": [0, 0, 0],
					"color": 0,
					"children": []
				}
			]
		}
	]
}