{
	"credit": "Made with Blockbench",
	"parent": "block/block",
	"ambientocclusion": false,
	"textures": {
		"0": "block/cattails",
		"particle": "block/cattails"
	},
	"elements": [
		{
			"from": [12.375, 0, 12.375],
			"to": [13.125, 16, 13.125],
			"rotation": {"angle": 0, "axis": "y", "origin": [4.375, -16, 4.625]},
			"faces": {
				"north": {"uv": [3, 0, 3.75, 16], "texture": "#0"},
				"east": {"uv": [3, 0, 3.75, 16], "texture": "#0"},
				"south": {"uv": [3, 0, 3.75, 16], "texture": "#0"},
				"west": {"uv": [3, 0, 3.75, 16], "texture": "#0"},
				"up": {"uv": [2.25, 0, 3, 0.75], "texture": "#0"}
			}
		},
		{
			"from": [12.125, 14.25, 12.125],
			"to": [13.375, 14.5, 13.375],
			"rotation": {"angle": 0, "axis": "y", "origin": [4.375, -16, 4.625]},
			"faces": {
				"north": {"uv": [4, 8.5, 5.25, 8.75], "texture": "#0"},
				"east": {"uv": [4, 8.5, 5.25, 8.75], "texture": "#0"},
				"south": {"uv": [4, 8.5, 5.25, 8.75], "texture": "#0"},
				"west": {"uv": [4, 8.5, 5.25, 8.75], "texture": "#0"},
				"up": {"uv": [4, 7, 5.25, 8.25], "texture": "#0"}
			}
		},
		{
			"from": [13.375, 7.25, 12.125],
			"to": [13.625, 14.25, 13.375],
			"rotation": {"angle": 0, "axis": "y", "origin": [4.375, -16, 4.625]},
			"faces": {
				"north": {"uv": [3.75, 8.75, 4, 15.75], "texture": "#0"},
				"east": {"uv": [4, 8.75, 5.25, 15.75], "texture": "#0"},
				"south": {"uv": [5.25, 8.75, 5.5, 15.75], "texture": "#0"},
				"up": {"uv": [5.25, 7, 5.5, 8.25], "texture": "#0"},
				"down": {"uv": [3.75, 5.25, 4, 6.5], "texture": "#0"}
			}
		},
		{
			"from": [12.125, 7.25, 11.875],
			"to": [13.375, 14.25, 13.625],
			"rotation": {"angle": 0, "axis": "y", "origin": [4.375, -16, 4.625]},
			"faces": {
				"north": {"uv": [4, 8.75, 5.25, 15.75], "texture": "#0"},
				"east": {"uv": [3.75, 8.75, 5.5, 15.75], "texture": "#0"},
				"south": {"uv": [4, 8.75, 5.25, 15.75], "texture": "#0"},
				"west": {"uv": [3.75, 8.75, 5.5, 15.75], "texture": "#0"},
				"up": {"uv": [4, 6.75, 5.25, 8.5], "texture": "#0"},
				"down": {"uv": [4, 5, 5.25, 6.75], "texture": "#0"}
			}
		},
		{
			"from": [11.875, 7.25, 12.125],
			"to": [12.125, 14.25, 13.375],
			"rotation": {"angle": 0, "axis": "y", "origin": [4.375, -16, 4.625]},
			"faces": {
				"north": {"uv": [5.25, 8.75, 5.5, 15.75], "texture": "#0"},
				"south": {"uv": [3.75, 8.75, 4, 15.75], "texture": "#0"},
				"west": {"uv": [4, 8.75, 5.25, 15.75], "texture": "#0"},
				"up": {"uv": [3.75, 7, 4, 8.25], "texture": "#0"},
				"down": {"uv": [5.25, 5.25, 5.5, 6.5], "texture": "#0"}
			}
		},
		{
			"from": [12.125, 7, 12.125],
			"to": [13.375, 7.25, 13.375],
			"rotation": {"angle": 0, "axis": "y", "origin": [4.375, -16, 4.625]},
			"faces": {
				"north": {"uv": [4, 15.75, 5.25, 16], "texture": "#0"},
				"east": {"uv": [4, 15.75, 5.25, 16], "texture": "#0"},
				"south": {"uv": [4, 15.75, 5.25, 16], "texture": "#0"},
				"west": {"uv": [4, 15.75, 5.25, 16], "texture": "#0"},
				"down": {"uv": [4, 5.25, 5.25, 6.5], "texture": "#0"}
			}
		},
		{
			"from": [2.375, -4, 4.375],
			"to": [3.125, 12, 5.125],
			"rotation": {"angle": 0, "axis": "y", "origin": [11.125, -20, 12.875]},
			"faces": {
				"north": {"uv": [3, 0, 3.75, 16], "texture": "#0"},
				"east": {"uv": [3, 0, 3.75, 16], "texture": "#0"},
				"south": {"uv": [3, 0, 3.75, 16], "texture": "#0"},
				"west": {"uv": [3, 0, 3.75, 16], "texture": "#0"},
				"up": {"uv": [2.25, 0, 3, 0.75], "rotation": 180, "texture": "#0"}
			}
		},
		{
			"from": [2.125, 10.25, 4.125],
			"to": [3.375, 10.5, 5.375],
			"rotation": {"angle": 0, "axis": "y", "origin": [11.125, -20, 12.875]},
			"faces": {
				"north": {"uv": [4, 8.5, 5.25, 8.75], "texture": "#0"},
				"east": {"uv": [4, 8.5, 5.25, 8.75], "texture": "#0"},
				"south": {"uv": [4, 8.5, 5.25, 8.75], "texture": "#0"},
				"west": {"uv": [4, 8.5, 5.25, 8.75], "texture": "#0"},
				"up": {"uv": [4, 7, 5.25, 8.25], "rotation": 180, "texture": "#0"}
			}
		},
		{
			"from": [1.875, 3.25, 4.125],
			"to": [2.125, 10.25, 5.375],
			"rotation": {"angle": 0, "axis": "y", "origin": [11.125, -20, 12.875]},
			"faces": {
				"north": {"uv": [5.25, 8.75, 5.5, 15.75], "texture": "#0"},
				"south": {"uv": [3.75, 8.75, 4, 15.75], "texture": "#0"},
				"west": {"uv": [4, 8.75, 5.25, 15.75], "texture": "#0"},
				"up": {"uv": [5.25, 7, 5.5, 8.25], "rotation": 180, "texture": "#0"},
				"down": {"uv": [3.75, 5.25, 4, 6.5], "rotation": 180, "texture": "#0"}
			}
		},
		{
			"from": [2.125, 3.25, 3.875],
			"to": [3.375, 10.25, 5.625],
			"rotation": {"angle": 0, "axis": "y", "origin": [11.125, -20, 12.875]},
			"faces": {
				"north": {"uv": [4, 8.75, 5.25, 15.75], "texture": "#0"},
				"east": {"uv": [3.75, 8.75, 5.5, 15.75], "texture": "#0"},
				"south": {"uv": [4, 8.75, 5.25, 15.75], "texture": "#0"},
				"west": {"uv": [3.75, 8.75, 5.5, 15.75], "texture": "#0"},
				"up": {"uv": [4, 6.75, 5.25, 8.5], "rotation": 180, "texture": "#0"},
				"down": {"uv": [4, 5, 5.25, 6.75], "rotation": 180, "texture": "#0"}
			}
		},
		{
			"from": [3.375, 3.25, 4.125],
			"to": [3.625, 10.25, 5.375],
			"rotation": {"angle": 0, "axis": "y", "origin": [11.125, -20, 12.875]},
			"faces": {
				"north": {"uv": [3.75, 8.75, 4, 15.75], "texture": "#0"},
				"east": {"uv": [4, 8.75, 5.25, 15.75], "texture": "#0"},
				"south": {"uv": [5.25, 8.75, 5.5, 15.75], "texture": "#0"},
				"up": {"uv": [3.75, 7, 4, 8.25], "rotation": 180, "texture": "#0"},
				"down": {"uv": [5.25, 5.25, 5.5, 6.5], "rotation": 180, "texture": "#0"}
			}
		},
		{
			"from": [2.125, 3, 4.125],
			"to": [3.375, 3.25, 5.375],
			"rotation": {"angle": 0, "axis": "y", "origin": [11.125, -20, 12.875]},
			"faces": {
				"north": {"uv": [4, 15.75, 5.25, 16], "texture": "#0"},
				"east": {"uv": [4, 15.75, 5.25, 16], "texture": "#0"},
				"south": {"uv": [4, 15.75, 5.25, 16], "texture": "#0"},
				"west": {"uv": [4, 15.75, 5.25, 16], "texture": "#0"},
				"down": {"uv": [4, 5.25, 5.25, 6.5], "rotation": 180, "texture": "#0"}
			}
		}
	],
	"groups": [
		{
			"name": "group",
			"origin": [8, 8, 8],
			"color": 0,
			"children": [
				{
					"name": "group",
					"origin": [6.5, 12.90625, 2.65625],
					"color": 0,
					"children": []
				},
				{
					"name": "group",
					"origin": [6.5, 12.90625, 2.65625],
					"color": 0,
					"children": []
				},
				{
					"name": "group",
					"origin": [6.5, 12.90625, 2.65625],
					"color": 0,
					"children": []
				},
				{
					"name": "group",
					"origin": [6.5, 12.90625, 2.65625],
					"color": 0,
					"children": []
				},
				{
					"name": "group",
					"origin": [0, 0, 0],
					"color": 0,
					"children": [0]
				},
				{
					"name": "group",
					"origin": [0, 0, 0],
					"color": 0,
					"children": [1, 2, 3, 4, 5]
				}
			]
		},
		{
			"name": "group",
			"origin": [8, 8, 8],
			"color": 0,
			"children": [
				{
					"name": "group",
					"origin": [6.5, 12.90625, 2.65625],
					"color": 0,
					"children": []
				},
				{
					"name": "group",
					"origin": [6.5, 12.90625, 2.65625],
					"color": 0,
					"children": []
				},
				{
					"name": "group",
					"origin": [6.5, 12.90625, 2.65625],
					"color": 0,
					"children": []
				},
				{
					"name": "group",
					"origin": [6.5, 12.90625, 2.65625],
					"color": 0,
					"children": []
				},
				{
					"name": "group",
					"origin": [0, 0, 0],
					"color": 0,
					"children": [6]
				},
				{
					"name": "group",
					"origin": [0, 0, 0],
					"color": 0,
					"children": [7, 8, 9, 10, 11]
				}
			]
		}
	]
}