{
	"credit": "Made with Blockbench",
	"texture_size": [64, 64],
	"textures": {
		"0": "block/door",
		"particle": "block/door"
	},
	"elements": [
		{
			"from": [1, 0, 12],
			"to": [4, 16, 16],
			"faces": {
				"north": {"uv": [11.125, 0, 11.875, 4], "texture": "#0"},
				"east": {"uv": [5, 0, 6, 4], "texture": "#0"},
				"south": {"uv": [11.125, 0, 11.875, 4], "texture": "#0"},
				"west": {"uv": [7, 0, 8, 4], "texture": "#0"},
				"up": {"uv": [14.625, 3, 15.375, 4], "texture": "#0"},
				"down": {"uv": [13, 0, 13.75, 4], "texture": "#0"}
			}
		},
		{
			"from": [1, 0, 4],
			"to": [4, 16, 8],
			"faces": {
				"north": {"uv": [11.125, 0, 11.875, 4], "texture": "#0"},
				"east": {"uv": [7, 0, 8, 4], "texture": "#0"},
				"south": {"uv": [11.125, 0, 11.875, 4], "texture": "#0"},
				"west": {"uv": [5, 0, 6, 4], "texture": "#0"},
				"up": {"uv": [14.625, 1, 15.375, 2], "texture": "#0"},
				"down": {"uv": [13, 0, 13.75, 4], "texture": "#0"}
			}
		},
		{
			"from": [1.5, 0, 0],
			"to": [3.5, 15.5, 4],
			"faces": {
				"north": {"uv": [11.25, 0.125, 11.75, 4], "texture": "#0"},
				"east": {"uv": [7, 0.125, 8, 4], "texture": "#0"},
				"south": {"uv": [8, 0, 8.75, 0.75], "texture": "#0"},
				"west": {"uv": [4, 0.125, 5, 4], "texture": "#0"},
				"up": {"uv": [14.75, 0, 15.25, 1], "texture": "#0"},
				"down": {"uv": [13, 0, 13.75, 4], "texture": "#0"}
			}
		},
		{
			"from": [0.5, 10, 0],
			"to": [4.5, 14, 16],
			"faces": {
				"north": {"uv": [11, 0.5, 12, 1.5], "texture": "#0"},
				"east": {"uv": [4, 0.5, 8, 1.5], "texture": "#0"},
				"south": {"uv": [11, 0.5, 12, 1.5], "texture": "#0"},
				"west": {"uv": [4, 0.5, 8, 1.5], "texture": "#0"},
				"up": {"uv": [12, 4, 13, 8], "texture": "#0"},
				"down": {"uv": [12, 4, 13, 8], "texture": "#0"}
			}
		},
		{
			"from": [1.5, 0, 8],
			"to": [3.5, 15.5, 12],
			"faces": {
				"north": {"uv": [8, 0, 8.75, 0.75], "texture": "#0"},
				"east": {"uv": [5, 0.125, 6, 4], "texture": "#0"},
				"south": {"uv": [8, 0, 8.75, 0.75], "texture": "#0"},
				"west": {"uv": [6, 0.125, 7, 4], "texture": "#0"},
				"up": {"uv": [14.75, 2, 15.25, 3], "texture": "#0"},
				"down": {"uv": [13, 0, 13.75, 4], "texture": "#0"}
			}
		}
	],
	"groups": [
		{
			"name": "group",
			"origin": [0, 0, 0],
			"color": 0,
			"children": [0, 1, 2, 3, 4]
		}
	]
}