{
	"credit": "Made with Blockbench",
	"texture_size": [64, 64],
	"textures": {
		"0": "block/door",
		"particle": "block/door"
	},
	"elements": [
		{
			"from": [12, 0, 14],
			"to": [16, 16, 17],
			"rotation": {"angle": 0, "axis": "y", "origin": [0, 0, 16]},
			"faces": {
				"north": {"uv": [8, 0, 7, 4], "texture": "#0"},
				"east": {"uv": [11.875, 0, 11.125, 4], "texture": "#0"},
				"south": {"uv": [6, 0, 5, 4], "texture": "#0"},
				"west": {"uv": [11.875, 0, 11.125, 4], "texture": "#0"},
				"up": {"uv": [15.375, 3, 14.625, 4], "rotation": 270, "texture": "#0"},
				"down": {"uv": [13.75, 0, 13, 4], "rotation": 90, "texture": "#0"}
			}
		},
		{
			"from": [4, 0, 14],
			"to": [8, 16, 17],
			"rotation": {"angle": 0, "axis": "y", "origin": [0, 0, 16]},
			"faces": {
				"north": {"uv": [6, 0, 5, 4], "texture": "#0"},
				"east": {"uv": [11.875, 0, 11.125, 4], "texture": "#0"},
				"south": {"uv": [8, 0, 7, 4], "texture": "#0"},
				"west": {"uv": [11.875, 0, 11.125, 4], "texture": "#0"},
				"up": {"uv": [15.375, 1, 14.625, 2], "rotation": 270, "texture": "#0"},
				"down": {"uv": [13.75, 0, 13, 4], "rotation": 90, "texture": "#0"}
			}
		},
		{
			"from": [0, 0, 14.5],
			"to": [4, 15.5, 16.5],
			"rotation": {"angle": 0, "axis": "y", "origin": [0, 0, 16]},
			"faces": {
				"north": {"uv": [5, 0.125, 4, 4], "texture": "#0"},
				"east": {"uv": [8.75, 0, 8, 0.75], "texture": "#0"},
				"south": {"uv": [8, 0.125, 7, 4], "texture": "#0"},
				"west": {"uv": [11.75, 0.125, 11.25, 4], "texture": "#0"},
				"up": {"uv": [15.25, 0, 14.75, 1], "rotation": 270, "texture": "#0"},
				"down": {"uv": [13.75, 0, 13, 4], "rotation": 90, "texture": "#0"}
			}
		},
		{
			"from": [0, 10, 13.5],
			"to": [16, 14, 17.5],
			"rotation": {"angle": 0, "axis": "y", "origin": [0, 0, 16]},
			"faces": {
				"north": {"uv": [8, 0.5, 4, 1.5], "texture": "#0"},
				"east": {"uv": [12, 0.5, 11, 1.5], "texture": "#0"},
				"south": {"uv": [8, 0.5, 4, 1.5], "texture": "#0"},
				"west": {"uv": [12, 0.5, 11, 1.5], "texture": "#0"},
				"up": {"uv": [13, 4, 12, 8], "rotation": 270, "texture": "#0"},
				"down": {"uv": [13, 4, 12, 8], "rotation": 90, "texture": "#0"}
			}
		},
		{
			"from": [8, 0, 14.5],
			"to": [12, 15.5, 16.5],
			"rotation": {"angle": 0, "axis": "y", "origin": [0, 0, 16]},
			"faces": {
				"north": {"uv": [7, 0.125, 6, 4], "texture": "#0"},
				"east": {"uv": [8.75, 0, 8, 0.75], "texture": "#0"},
				"south": {"uv": [6, 0.125, 5, 4], "texture": "#0"},
				"west": {"uv": [8.75, 0, 8, 0.75], "texture": "#0"},
				"up": {"uv": [15.25, 2, 14.75, 3], "rotation": 270, "texture": "#0"},
				"down": {"uv": [13.75, 0, 13, 4], "rotation": 90, "texture": "#0"}
			}
		}
	],
	"groups": [
		{
			"name": "group",
			"origin": [0, 0, 0],
			"color": 0,
			"children": [0, 1, 2, 3, 4]
		}
	]
}