{
	"credit": "Made with Blockbench",
	"texture_size": [64, 64],
	"textures": {
		"0": "block/door",
		"particle": "block/door"
	},
	"elements": [
		{
			"from": [0.5, 2, 0],
			"to": [4.5, 6, 16],
			"faces": {
				"north": {"uv": [11, 6.5, 12, 7.5], "texture": "#0"},
				"east": {"uv": [4, 6.5, 8, 7.5], "texture": "#0"},
				"south": {"uv": [11, 6.5, 12, 7.5], "texture": "#0"},
				"west": {"uv": [4, 6.5, 8, 7.5], "texture": "#0"},
				"up": {"uv": [12, 4, 13, 8], "texture": "#0"},
				"down": {"uv": [12, 4, 13, 8], "texture": "#0"}
			}
		},
		{
			"from": [1.5, 0, 0],
			"to": [3.5, 16, 4],
			"faces": {
				"north": {"uv": [11.25, 4, 11.75, 8], "texture": "#0"},
				"east": {"uv": [6, 4, 7, 8], "texture": "#0"},
				"south": {"uv": [11.25, 4, 11.75, 8], "texture": "#0"},
				"west": {"uv": [4, 4, 5, 8], "texture": "#0"},
				"up": {"uv": [13, 0, 13.75, 4], "texture": "#0"},
				"down": {"uv": [14.75, 0, 15.25, 1], "texture": "#0"}
			}
		},
		{
			"from": [1.5, 0, 8],
			"to": [3.5, 16, 12],
			"faces": {
				"north": {"uv": [11.25, 4, 11.75, 8], "texture": "#0"},
				"east": {"uv": [4, 4, 5, 8], "texture": "#0"},
				"south": {"uv": [11.25, 4, 11.75, 8], "texture": "#0"},
				"west": {"uv": [6, 4, 7, 8], "texture": "#0"},
				"up": {"uv": [13, 0, 13.75, 4], "texture": "#0"},
				"down": {"uv": [14.75, 2, 15.25, 3], "texture": "#0"}
			}
		},
		{
			"from": [1, 0.5, 12],
			"to": [4, 16, 16],
			"faces": {
				"north": {"uv": [11.125, 4, 11.875, 7.875], "texture": "#0"},
				"east": {"uv": [5, 4, 6, 7.875], "texture": "#0"},
				"south": {"uv": [11.125, 4, 11.875, 7.875], "texture": "#0"},
				"west": {"uv": [7, 4, 8, 7.875], "texture": "#0"},
				"up": {"uv": [13, 0, 13.75, 4], "texture": "#0"},
				"down": {"uv": [14.625, 3, 15.375, 4], "texture": "#0"}
			}
		},
		{
			"from": [1, 0.5, 4],
			"to": [4, 16, 8],
			"faces": {
				"north": {"uv": [11.125, 4, 11.875, 7.875], "texture": "#0"},
				"east": {"uv": [7, 4, 8, 7.875], "texture": "#0"},
				"south": {"uv": [11.125, 4, 11.875, 7.875], "texture": "#0"},
				"west": {"uv": [5, 4, 6, 7.875], "texture": "#0"},
				"up": {"uv": [13, 0, 13.75, 4], "texture": "#0"},
				"down": {"uv": [14.625, 1, 15.375, 2], "texture": "#0"}
			}
		},
		{
			"from": [0, 15, 12],
			"to": [1, 16, 15],
			"faces": {
				"north": {"uv": [15, 7.5, 15.25, 7.75], "texture": "#0"},
				"east": {"uv": [15.25, 7.5, 16, 7.75], "texture": "#0"},
				"south": {"uv": [15, 7.5, 15.25, 7.75], "texture": "#0"},
				"west": {"uv": [15.25, 7.5, 16, 7.75], "texture": "#0"},
				"up": {"uv": [15.25, 7.25, 16, 7.5], "rotation": 90, "texture": "#0"},
				"down": {"uv": [15.25, 7.75, 16, 8], "rotation": 90, "texture": "#0"}
			}
		},
		{
			"from": [4, 15, 12],
			"to": [5, 16, 15],
			"faces": {
				"north": {"uv": [15, 7.5, 15.25, 7.75], "texture": "#0"},
				"east": {"uv": [15.25, 7.5, 16, 7.75], "texture": "#0"},
				"south": {"uv": [15, 7.5, 15.25, 7.75], "texture": "#0"},
				"west": {"uv": [15.25, 7.5, 16, 7.75], "texture": "#0"},
				"up": {"uv": [15.25, 7.25, 16, 7.5], "rotation": 90, "texture": "#0"},
				"down": {"uv": [15.25, 7.75, 16, 8], "rotation": 90, "texture": "#0"}
			}
		}
	],
	"groups": [
		{
			"name": "group",
			"origin": [0, 0, 0],
			"color": 0,
			"children": [0, 1, 2, 3, 4, 5, 6]
		}
	]
}