{
	"credit": "Made with Blockbench",
	"texture_size": [64, 64],
	"textures": {
		"0": "block/door",
		"particle": "block/door"
	},
	"elements": [
		{
			"from": [1, 0, 0],
			"to": [4, 16, 4],
			"rotation": {"angle": 0, "axis": "y", "origin": [0, 0, 16]},
			"faces": {
				"north": {"uv": [11.875, 0, 11.125, 4], "texture": "#0"},
				"east": {"uv": [6, 0, 5, 4], "texture": "#0"},
				"south": {"uv": [11.875, 0, 11.125, 4], "texture": "#0"},
				"west": {"uv": [8, 0, 7, 4], "texture": "#0"},
				"up": {"uv": [14.625, 4, 15.375, 3], "texture": "#0"},
				"down": {"uv": [13, 4, 13.75, 0], "texture": "#0"}
			}
		},
		{
			"from": [1, 0, 8],
			"to": [4, 16, 12],
			"rotation": {"angle": 0, "axis": "y", "origin": [0, 0, 16]},
			"faces": {
				"north": {"uv": [11.875, 0, 11.125, 4], "texture": "#0"},
				"east": {"uv": [8, 0, 7, 4], "texture": "#0"},
				"south": {"uv": [11.875, 0, 11.125, 4], "texture": "#0"},
				"west": {"uv": [6, 0, 5, 4], "texture": "#0"},
				"up": {"uv": [14.625, 2, 15.375, 1], "texture": "#0"},
				"down": {"uv": [13, 4, 13.75, 0], "texture": "#0"}
			}
		},
		{
			"from": [1.5, 0, 12],
			"to": [3.5, 15.5, 16],
			"rotation": {"angle": 0, "axis": "y", "origin": [0, 0, 16]},
			"faces": {
				"north": {"uv": [8.75, 0, 8, 0.75], "texture": "#0"},
				"east": {"uv": [8, 0.125, 7, 4], "texture": "#0"},
				"south": {"uv": [11.75, 0.125, 11.25, 4], "texture": "#0"},
				"west": {"uv": [5, 0.125, 4, 4], "texture": "#0"},
				"up": {"uv": [14.75, 1, 15.25, 0], "texture": "#0"},
				"down": {"uv": [13, 4, 13.75, 0], "texture": "#0"}
			}
		},
		{
			"from": [0.5, 10, 0],
			"to": [4.5, 14, 16],
			"rotation": {"angle": 0, "axis": "y", "origin": [0, 0, 16]},
			"faces": {
				"north": {"uv": [12, 0.5, 11, 1.5], "texture": "#0"},
				"east": {"uv": [8, 0.5, 4, 1.5], "texture": "#0"},
				"south": {"uv": [12, 0.5, 11, 1.5], "texture": "#0"},
				"west": {"uv": [8, 0.5, 4, 1.5], "texture": "#0"},
				"up": {"uv": [12, 8, 13, 4], "texture": "#0"},
				"down": {"uv": [12, 8, 13, 4], "texture": "#0"}
			}
		},
		{
			"from": [1.5, 0, 4],
			"to": [3.5, 15.5, 8],
			"rotation": {"angle": 0, "axis": "y", "origin": [0, 0, 16]},
			"faces": {
				"north": {"uv": [8.75, 0, 8, 0.75], "texture": "#0"},
				"east": {"uv": [6, 0.125, 5, 4], "texture": "#0"},
				"south": {"uv": [8.75, 0, 8, 0.75], "texture": "#0"},
				"west": {"uv": [7, 0.125, 6, 4], "texture": "#0"},
				"up": {"uv": [14.75, 3, 15.25, 2], "texture": "#0"},
				"down": {"uv": [13, 4, 13.75, 0], "texture": "#0"}
			}
		}
	],
	"groups": [
		{
			"name": "group",
			"origin": [0, 0, 0],
			"color": 0,
			"children": [0, 1, 2, 3, 4]
		}
	]
}