{
	"credit": "Made with Blockbench",
	"parent": "minecraft:block/template_orientable_trapdoor_bottom",
	"texture_size": [64, 64],
	"textures": {
		"texture": "block/trapdoor"
	},
	"elements": [
		{
			"from": [0, 0, 0],
			"to": [4, 3, 16],
			"faces": {
				"north": {"uv": [9.125, 5.5, 9.875, 6.5], "rotation": 90, "texture": "#texture"},
				"east": {"uv": [9.125, 4, 9.875, 8], "rotation": 90, "texture": "#texture"},
				"south": {"uv": [9.125, 5.5, 9.875, 6.5], "rotation": 90, "texture": "#texture"},
				"west": {"uv": [9.125, 4, 9.875, 8], "rotation": 270, "texture": "#texture"},
				"up": {"uv": [7, 0, 8, 4], "rotation": 180, "texture": "#texture"},
				"down": {"uv": [6, 0.125, 7, 4.125], "rotation": 180, "texture": "#texture"}
			}
		},
		{
			"from": [8, 0, 0],
			"to": [12, 3, 16],
			"faces": {
				"north": {"uv": [9.125, 5.5, 9.875, 6.5], "rotation": 90, "texture": "#texture"},
				"east": {"uv": [9.125, 4, 9.875, 8], "rotation": 90, "texture": "#texture"},
				"south": {"uv": [9.125, 5.5, 9.875, 6.5], "rotation": 90, "texture": "#texture"},
				"west": {"uv": [9.125, 4, 9.875, 8], "rotation": 90, "texture": "#texture"},
				"up": {"uv": [5, 0, 6, 4], "rotation": 180, "texture": "#texture"},
				"down": {"uv": [4, 0.125, 5, 4.125], "rotation": 180, "texture": "#texture"}
			}
		},
		{
			"from": [12, 0.5, -0.5],
			"to": [16, 2.5, 15.5],
			"faces": {
				"north": {"uv": [9.25, 9.5625, 9.75, 10.5625], "rotation": 90, "texture": "#texture"},
				"east": {"uv": [9.25, 8, 9.75, 12], "rotation": 90, "texture": "#texture"},
				"south": {"uv": [9.25, 9.5625, 9.75, 10.5625], "rotation": 90, "texture": "#texture"},
				"west": {"uv": [9.25, 7.9375, 9.75, 11.9375], "rotation": 90, "texture": "#texture"},
				"up": {"uv": [4, 0.125, 5, 4.125], "rotation": 180, "texture": "#texture"},
				"down": {"uv": [7, 0, 8, 4], "rotation": 180, "texture": "#texture"}
			}
		},
		{
			"from": [-0.0625, -0.5, 10.25],
			"to": [16.03125, 3.5, 14.25],
			"faces": {
				"north": {"uv": [4, 0.5, 8, 1.5], "rotation": 180, "texture": "#texture"},
				"east": {"uv": [9, 4.5, 10, 5.4375], "rotation": 90, "texture": "#texture"},
				"south": {"uv": [4, 0.5, 8, 1.5], "rotation": 180, "texture": "#texture"},
				"west": {"uv": [9, 6.5, 10, 7.5], "rotation": 90, "texture": "#texture"},
				"up": {"uv": [4, 2.625, 8, 3.625], "rotation": 180, "texture": "#texture"},
				"down": {"uv": [4, 0.5, 8, 1.5], "texture": "#texture"}
			}
		},
		{
			"from": [-0.03125, -0.5, 1.75],
			"to": [16.03125, 3.5, 5.75],
			"faces": {
				"north": {"uv": [4, 0.5, 8, 1.5], "rotation": 180, "texture": "#texture"},
				"east": {"uv": [9, 6.5, 10, 7.5], "rotation": 90, "texture": "#texture"},
				"south": {"uv": [4, 0.5, 8, 1.5], "rotation": 180, "texture": "#texture"},
				"west": {"uv": [9, 4.5, 10, 5.4375], "rotation": 90, "texture": "#texture"},
				"up": {"uv": [4, 0.5, 8, 1.5], "rotation": 180, "texture": "#texture"},
				"down": {"uv": [4, 2.625, 8, 3.625], "texture": "#texture"}
			}
		},
		{
			"from": [4, 0.5, -0.5],
			"to": [8, 2.5, 15.5],
			"faces": {
				"north": {"uv": [9.25, 9.5625, 9.75, 10.5625], "rotation": 90, "texture": "#texture"},
				"east": {"uv": [9.25, 7.9375, 9.75, 11.9375], "rotation": 90, "texture": "#texture"},
				"south": {"uv": [9.25, 9.5625, 9.75, 10.5625], "rotation": 90, "texture": "#texture"},
				"west": {"uv": [9.25, 7.9375, 9.75, 11.9375], "rotation": 90, "texture": "#texture"},
				"up": {"uv": [6, 0.125, 7, 4.125], "rotation": 180, "texture": "#texture"},
				"down": {"uv": [5, 0, 6, 4], "rotation": 180, "texture": "#texture"}
			}
		}
	]
}