{
	"credit": "Made with Blockbench",
	"texture_size": [64, 64],
	"textures": {
		"0": "block/door",
		"particle": "block/door"
	},
	"elements": [
		{
			"from": [0.5, 2, 0],
			"to": [4.5, 6, 16],
			"rotation": {"angle": 0, "axis": "y", "origin": [0, 0, 16]},
			"faces": {
				"north": {"uv": [12, 6.5, 11, 7.5], "texture": "#0"},
				"east": {"uv": [8, 6.5, 4, 7.5], "texture": "#0"},
				"south": {"uv": [12, 6.5, 11, 7.5], "texture": "#0"},
				"west": {"uv": [8, 6.5, 4, 7.5], "texture": "#0"},
				"up": {"uv": [12, 8, 13, 4], "texture": "#0"},
				"down": {"uv": [12, 8, 13, 4], "texture": "#0"}
			}
		},
		{
			"from": [1.5, 0, 12],
			"to": [3.5, 16, 16],
			"rotation": {"angle": 0, "axis": "y", "origin": [0, 0, 16]},
			"faces": {
				"north": {"uv": [11.75, 4, 11.25, 8], "texture": "#0"},
				"east": {"uv": [7, 4, 6, 8], "texture": "#0"},
				"south": {"uv": [11.75, 4, 11.25, 8], "texture": "#0"},
				"west": {"uv": [5, 4, 4, 8], "texture": "#0"},
				"up": {"uv": [13, 4, 13.75, 0], "texture": "#0"},
				"down": {"uv": [14.75, 1, 15.25, 0], "texture": "#0"}
			}
		},
		{
			"from": [1.5, 0, 4],
			"to": [3.5, 16, 8],
			"rotation": {"angle": 0, "axis": "y", "origin": [0, 0, 16]},
			"faces": {
				"north": {"uv": [11.75, 4, 11.25, 8], "texture": "#0"},
				"east": {"uv": [5, 4, 4, 8], "texture": "#0"},
				"south": {"uv": [11.75, 4, 11.25, 8], "texture": "#0"},
				"west": {"uv": [7, 4, 6, 8], "texture": "#0"},
				"up": {"uv": [13, 4, 13.75, 0], "texture": "#0"},
				"down": {"uv": [14.75, 3, 15.25, 2], "texture": "#0"}
			}
		},
		{
			"from": [1, 0.5, 0],
			"to": [4, 16, 4],
			"rotation": {"angle": 0, "axis": "y", "origin": [0, 0, 16]},
			"faces": {
				"north": {"uv": [11.875, 4, 11.125, 7.875], "texture": "#0"},
				"east": {"uv": [6, 4, 5, 7.875], "texture": "#0"},
				"south": {"uv": [11.875, 4, 11.125, 7.875], "texture": "#0"},
				"west": {"uv": [8, 4, 7, 7.875], "texture": "#0"},
				"up": {"uv": [13, 4, 13.75, 0], "texture": "#0"},
				"down": {"uv": [14.625, 4, 15.375, 3], "texture": "#0"}
			}
		},
		{
			"from": [1, 0.5, 8],
			"to": [4, 16, 12],
			"rotation": {"angle": 0, "axis": "y", "origin": [0, 0, 16]},
			"faces": {
				"north": {"uv": [11.875, 4, 11.125, 7.875], "texture": "#0"},
				"east": {"uv": [8, 4, 7, 7.875], "texture": "#0"},
				"south": {"uv": [11.875, 4, 11.125, 7.875], "texture": "#0"},
				"west": {"uv": [6, 4, 5, 7.875], "texture": "#0"},
				"up": {"uv": [13, 4, 13.75, 0], "texture": "#0"},
				"down": {"uv": [14.625, 2, 15.375, 1], "texture": "#0"}
			}
		},
		{
			"from": [0, 15, 1],
			"to": [1, 16, 4],
			"rotation": {"angle": 0, "axis": "y", "origin": [0, 0, 16]},
			"faces": {
				"north": {"uv": [15.25, 7.5, 15, 7.75], "texture": "#0"},
				"east": {"uv": [16, 7.5, 15.25, 7.75], "texture": "#0"},
				"south": {"uv": [15.25, 7.5, 15, 7.75], "texture": "#0"},
				"west": {"uv": [16, 7.5, 15.25, 7.75], "texture": "#0"},
				"up": {"uv": [16, 7.25, 15.25, 7.5], "rotation": 90, "texture": "#0"},
				"down": {"uv": [16, 7.75, 15.25, 8], "rotation": 90, "texture": "#0"}
			}
		},
		{
			"from": [4, 15, 1],
			"to": [5, 16, 4],
			"rotation": {"angle": 0, "axis": "y", "origin": [0, 0, 16]},
			"faces": {
				"north": {"uv": [15.25, 7.5, 15, 7.75], "texture": "#0"},
				"east": {"uv": [16, 7.5, 15.25, 7.75], "texture": "#0"},
				"south": {"uv": [15.25, 7.5, 15, 7.75], "texture": "#0"},
				"west": {"uv": [16, 7.5, 15.25, 7.75], "texture": "#0"},
				"up": {"uv": [16, 7.25, 15.25, 7.5], "rotation": 90, "texture": "#0"},
				"down": {"uv": [16, 7.75, 15.25, 8], "rotation": 90, "texture": "#0"}
			}
		}
	],
	"groups": [
		{
			"name": "group",
			"origin": [0, 0, 0],
			"color": 0,
			"children": [0, 1, 2, 3, 4, 5, 6]
		}
	]
}