{
	"credit": "Made with Blockbench",
	"texture_size": [64, 64],
	"textures": {
		"0": "block/door",
		"particle": "block/door"
	},
	"elements": [
		{
			"from": [12, 0, -1],
			"to": [16, 16, 2],
			"faces": {
				"north": {"uv": [5, 0, 6, 4], "texture": "#0"},
				"east": {"uv": [11.125, 0, 11.875, 4], "texture": "#0"},
				"south": {"uv": [7, 0, 8, 4], "texture": "#0"},
				"west": {"uv": [11.125, 0, 11.875, 4], "texture": "#0"},
				"up": {"uv": [14.625, 3, 15.375, 4], "rotation": 270, "texture": "#0"},
				"down": {"uv": [13, 0, 13.75, 4], "rotation": 90, "texture": "#0"}
			}
		},
		{
			"from": [4, 0, -1],
			"to": [8, 16, 2],
			"faces": {
				"north": {"uv": [7, 0, 8, 4], "texture": "#0"},
				"east": {"uv": [11.125, 0, 11.875, 4], "texture": "#0"},
				"south": {"uv": [5, 0, 6, 4], "texture": "#0"},
				"west": {"uv": [11.125, 0, 11.875, 4], "texture": "#0"},
				"up": {"uv": [14.625, 1, 15.375, 2], "rotation": 270, "texture": "#0"},
				"down": {"uv": [13, 0, 13.75, 4], "rotation": 90, "texture": "#0"}
			}
		},
		{
			"from": [0, 0, -0.5],
			"to": [4, 15.5, 1.5],
			"faces": {
				"north": {"uv": [7, 0.125, 8, 4], "texture": "#0"},
				"east": {"uv": [8, 0, 8.75, 0.75], "texture": "#0"},
				"south": {"uv": [4, 0.125, 5, 4], "texture": "#0"},
				"west": {"uv": [11.25, 0.125, 11.75, 4], "texture": "#0"},
				"up": {"uv": [14.75, 0, 15.25, 1], "rotation": 270, "texture": "#0"},
				"down": {"uv": [13, 0, 13.75, 4], "rotation": 90, "texture": "#0"}
			}
		},
		{
			"from": [0, 10, -1.5],
			"to": [16, 14, 2.5],
			"faces": {
				"north": {"uv": [4, 0.5, 8, 1.5], "texture": "#0"},
				"east": {"uv": [11, 0.5, 12, 1.5], "texture": "#0"},
				"south": {"uv": [4, 0.5, 8, 1.5], "texture": "#0"},
				"west": {"uv": [11, 0.5, 12, 1.5], "texture": "#0"},
				"up": {"uv": [12, 4, 13, 8], "rotation": 270, "texture": "#0"},
				"down": {"uv": [12, 4, 13, 8], "rotation": 90, "texture": "#0"}
			}
		},
		{
			"from": [8, 0, -0.5],
			"to": [12, 15.5, 1.5],
			"faces": {
				"north": {"uv": [5, 0.125, 6, 4], "texture": "#0"},
				"east": {"uv": [8, 0, 8.75, 0.75], "texture": "#0"},
				"south": {"uv": [6, 0.125, 7, 4], "texture": "#0"},
				"west": {"uv": [8, 0, 8.75, 0.75], "texture": "#0"},
				"up": {"uv": [14.75, 2, 15.25, 3], "rotation": 270, "texture": "#0"},
				"down": {"uv": [13, 0, 13.75, 4], "rotation": 90, "texture": "#0"}
			}
		}
	],
	"groups": [
		{
			"name": "group",
			"origin": [0, 0, 0],
			"color": 0,
			"children": [0, 1, 2, 3, 4]
		}
	]
}