{
	"credit": "Made with Blockbench",
	"parent": "minecraft:block/fence_post",
	"texture_size": [32, 32],
	"textures": {
		"1": "block/spruce_fence",
		"particle": "block/spruce_fence"
	},
	"elements": [
		{
			"from": [-2, 0, 6],
			"to": [2, 14.03125, 10],
			"rotation": {"angle": 0, "axis": "y", "origin": [-8, 0, 0]},
			"faces": {
				"north": {"uv": [3, 1, 5, 8], "texture": "#1"},
				"east": {"uv": [3, 1, 5, 8], "texture": "#1"},
				"south": {"uv": [3, 1, 5, 8], "texture": "#1"},
				"west": {"uv": [3, 1, 5, 8], "texture": "#1"},
				"up": {"uv": [14, 0, 16, 2], "texture": "#1"},
				"down": {"uv": [14, 0, 16, 2], "texture": "#1"}
			}
		},
		{
			"from": [14, 0, 6],
			"to": [18, 14.03125, 10],
			"rotation": {"angle": 0, "axis": "y", "origin": [8, 0, 0]},
			"faces": {
				"north": {"uv": [3, 1, 5, 8], "texture": "#1"},
				"east": {"uv": [3, 1, 5, 8], "texture": "#1"},
				"south": {"uv": [3, 1, 5, 8], "texture": "#1"},
				"west": {"uv": [3, 1, 5, 8], "texture": "#1"},
				"up": {"uv": [14, 0, 16, 2], "texture": "#1"},
				"down": {"uv": [14, 0, 16, 2], "texture": "#1"}
			}
		},
		{
			"from": [-2, 0.5, 10],
			"to": [2, 4.5, 14],
			"rotation": {"angle": 0, "axis": "y", "origin": [8, -1.5, 8]},
			"faces": {
				"north": {"uv": [0, 0, 2, 2], "texture": "#missing"},
				"east": {"uv": [1, 1, 3, 3], "texture": "#1"},
				"south": {"uv": [0, 0, 2, 2], "texture": "#missing"},
				"west": {"uv": [5, 1, 7, 3], "texture": "#1"},
				"up": {"uv": [5, 1, 7, 3], "rotation": 90, "texture": "#1"},
				"down": {"uv": [5, 1, 7, 3], "rotation": 270, "texture": "#1"}
			}
		},
		{
			"from": [-2, 0, 14],
			"to": [2, 13, 16],
			"rotation": {"angle": 0, "axis": "y", "origin": [8, -2, 8]},
			"faces": {
				"north": {"uv": [3, 1.5, 5, 8], "texture": "#1"},
				"east": {"uv": [4, 1.5, 5, 8], "texture": "#1"},
				"south": {"uv": [10, 8, 12, 14.5], "texture": "#1"},
				"west": {"uv": [3, 1.5, 4, 8], "texture": "#1"},
				"up": {"uv": [14, 0, 15, 2], "rotation": 90, "texture": "#1"},
				"down": {"uv": [14, 0, 15, 2], "rotation": 270, "texture": "#1"}
			}
		},
		{
			"from": [-1.96875, 7.5, 9],
			"to": [1.96875, 11.46875, 15],
			"rotation": {"angle": -22.5, "axis": "x", "origin": [0, 9.48438, 12]},
			"faces": {
				"north": {"uv": [0, 0, 1.96875, 1.98438], "texture": "#missing"},
				"east": {"uv": [0, 1, 3, 2.98438], "texture": "#1"},
				"south": {"uv": [0, 0, 1.96875, 1.98438], "texture": "#missing"},
				"west": {"uv": [5, 1, 8, 2.98438], "texture": "#1"},
				"up": {"uv": [5, 1, 8, 2.96875], "rotation": 90, "texture": "#1"},
				"down": {"uv": [0, 1, 3, 2.96875], "rotation": 270, "texture": "#1"}
			}
		},
		{
			"from": [14, 0.5, 10],
			"to": [18, 4.5, 14],
			"rotation": {"angle": 0, "axis": "y", "origin": [24, -1.5, 8]},
			"faces": {
				"north": {"uv": [0, 0, 2, 2], "texture": "#missing"},
				"east": {"uv": [1, 1, 3, 3], "texture": "#1"},
				"south": {"uv": [0, 0, 2, 2], "texture": "#missing"},
				"west": {"uv": [5, 1, 7, 3], "texture": "#1"},
				"up": {"uv": [5, 1, 7, 3], "rotation": 90, "texture": "#1"},
				"down": {"uv": [5, 1, 7, 3], "rotation": 270, "texture": "#1"}
			}
		},
		{
			"from": [14.03125, 7.5, 9],
			"to": [17.96875, 11.46875, 15],
			"rotation": {"angle": -22.5, "axis": "x", "origin": [16, 9.48438, 12]},
			"faces": {
				"north": {"uv": [0, 0, 1.96875, 1.98438], "texture": "#missing"},
				"east": {"uv": [0, 1, 3, 3], "texture": "#1"},
				"south": {"uv": [0, 0, 1.96875, 1.98438], "texture": "#missing"},
				"west": {"uv": [5, 1, 8, 2.98438], "texture": "#1"},
				"up": {"uv": [5, 1, 8, 2.96875], "rotation": 90, "texture": "#1"},
				"down": {"uv": [0, 1, 3, 2.96875], "rotation": 270, "texture": "#1"}
			}
		},
		{
			"from": [14, 0, 14],
			"to": [18, 13, 16],
			"rotation": {"angle": 0, "axis": "y", "origin": [8, -2, 24]},
			"faces": {
				"north": {"uv": [3, 1.5, 5, 8], "texture": "#1"},
				"east": {"uv": [4, 1.5, 5, 8], "texture": "#1"},
				"south": {"uv": [10, 9.5, 12, 16], "texture": "#1"},
				"west": {"uv": [3, 1.5, 4, 8], "texture": "#1"},
				"up": {"uv": [15, 0, 16, 2], "rotation": 270, "texture": "#1"},
				"down": {"uv": [15, 0, 16, 2], "rotation": 90, "texture": "#1"}
			}
		}
	],
	"groups": [
		0,
		1,
		{
			"name": "group",
			"origin": [8, 8, 8],
			"color": 0,
			"children": [2, 3, 4]
		},
		{
			"name": "group",
			"origin": [8, 8, 8],
			"color": 0,
			"children": [5, 6, 7]
		}
	]
}