{
	"credit": "Made with Blockbench",
	"parent": "minecraft:block/fence_post",
	"texture_size": [32, 32],
	"textures": {
		"1": "block/spruce_fence",
		"particle": "block/spruce_fence"
	},
	"elements": [
		{
			"from": [-2, 0, 6],
			"to": [2, 14.03125, 10],
			"rotation": {"angle": 0, "axis": "y", "origin": [-8, 0, 0]},
			"faces": {
				"north": {"uv": [3, 1, 5, 8], "texture": "#1"},
				"east": {"uv": [3, 1, 5, 8], "texture": "#1"},
				"south": {"uv": [3, 1, 5, 8], "texture": "#1"},
				"west": {"uv": [3, 1, 5, 8], "texture": "#1"},
				"up": {"uv": [14, 0, 16, 2], "texture": "#1"},
				"down": {"uv": [14, 0, 16, 2], "texture": "#1"}
			}
		},
		{
			"from": [14, 0, 6],
			"to": [18, 14.03125, 10],
			"rotation": {"angle": 0, "axis": "y", "origin": [8, 0, 0]},
			"faces": {
				"north": {"uv": [3, 1, 5, 8], "texture": "#1"},
				"east": {"uv": [3, 1, 5, 8], "texture": "#1"},
				"south": {"uv": [3, 1, 5, 8], "texture": "#1"},
				"west": {"uv": [3, 1, 5, 8], "texture": "#1"},
				"up": {"uv": [14, 0, 16, 2], "texture": "#1"},
				"down": {"uv": [14, 0, 16, 2], "texture": "#1"}
			}
		},
		{
			"from": [2, 0.5, 6],
			"to": [6, 4.5, 10],
			"rotation": {"angle": 0, "axis": "y", "origin": [0, -1.5, 0]},
			"faces": {
				"north": {"uv": [1, 1, 3, 3], "texture": "#1"},
				"east": {"uv": [0, 0, 2, 2], "texture": "#missing"},
				"south": {"uv": [5, 1, 7, 3], "texture": "#1"},
				"west": {"uv": [0, 0, 2, 2], "texture": "#missing"},
				"up": {"uv": [5, 1, 7, 3], "texture": "#1"},
				"down": {"uv": [5, 1, 7, 3], "texture": "#1"}
			}
		},
		{
			"from": [6, 0, 6],
			"to": [8, 13, 10],
			"rotation": {"angle": 0, "axis": "y", "origin": [0, -2, 0]},
			"faces": {
				"north": {"uv": [4, 1.5, 5, 8], "texture": "#1"},
				"east": {"uv": [10, 8, 12, 14.5], "texture": "#1"},
				"south": {"uv": [3, 1.5, 4, 8], "texture": "#1"},
				"west": {"uv": [3, 1.5, 5, 8], "texture": "#1"},
				"up": {"uv": [14, 0, 15, 2], "texture": "#1"},
				"down": {"uv": [14, 0, 15, 2], "texture": "#1"}
			}
		},
		{
			"from": [1, 7.5, 6.03125],
			"to": [7, 11.46875, 9.96875],
			"rotation": {"angle": 22.5, "axis": "z", "origin": [4, 9.48438, 8]},
			"faces": {
				"north": {"uv": [0, 1, 3, 2.98438], "texture": "#1"},
				"east": {"uv": [0, 0, 1.96875, 1.98438], "texture": "#missing"},
				"south": {"uv": [5, 1, 8, 2.98438], "texture": "#1"},
				"west": {"uv": [0, 0, 1.96875, 1.98438], "texture": "#missing"},
				"up": {"uv": [5, 1, 8, 2.96875], "texture": "#1"},
				"down": {"uv": [0, 1, 3, 2.96875], "texture": "#1"}
			}
		},
		{
			"from": [10, 0.5, 6],
			"to": [14, 4.5, 10],
			"rotation": {"angle": 0, "axis": "y", "origin": [16, -1.5, 16]},
			"faces": {
				"north": {"uv": [5, 1, 7, 3], "texture": "#1"},
				"east": {"uv": [0, 0, 2, 2], "texture": "#missing"},
				"south": {"uv": [1, 1, 3, 3], "texture": "#1"},
				"west": {"uv": [0, 0, 2, 2], "texture": "#missing"},
				"up": {"uv": [5, 1, 7, 3], "rotation": 180, "texture": "#1"},
				"down": {"uv": [5, 1, 7, 3], "rotation": 180, "texture": "#1"}
			}
		},
		{
			"from": [9, 7.5, 6.03125],
			"to": [15, 11.46875, 9.96875],
			"rotation": {"angle": -22.5, "axis": "z", "origin": [12, 9.48438, 8]},
			"faces": {
				"north": {"uv": [5, 1, 8, 2.98438], "texture": "#1"},
				"east": {"uv": [0, 0, 1.96875, 1.98438], "texture": "#missing"},
				"south": {"uv": [0, 1, 3, 3], "texture": "#1"},
				"west": {"uv": [0, 0, 1.96875, 1.98438], "texture": "#missing"},
				"up": {"uv": [5, 1, 8, 2.96875], "rotation": 180, "texture": "#1"},
				"down": {"uv": [0, 1, 3, 2.96875], "rotation": 180, "texture": "#1"}
			}
		},
		{
			"from": [8, 0, 6],
			"to": [10, 13, 10],
			"rotation": {"angle": 0, "axis": "y", "origin": [0, -2, 0]},
			"faces": {
				"north": {"uv": [3, 1.5, 4, 8], "texture": "#1"},
				"east": {"uv": [3, 1.5, 5, 8], "texture": "#1"},
				"south": {"uv": [4, 1.5, 5, 8], "texture": "#1"},
				"west": {"uv": [10, 9.5, 12, 16], "texture": "#1"},
				"up": {"uv": [15, 0, 16, 2], "texture": "#1"},
				"down": {"uv": [15, 0, 16, 2], "texture": "#1"}
			}
		}
	],
	"groups": [
		0,
		1,
		{
			"name": "group",
			"origin": [8, 8, 8],
			"color": 0,
			"children": [2, 3, 4]
		},
		{
			"name": "group",
			"origin": [8, 8, 8],
			"color": 0,
			"children": [5, 6, 7]
		}
	]
}