{
	"credit": "Made with Blockbench",
	"texture_size": [64, 64],
	"textures": {
		"0": "block/door",
		"particle": "block/door"
	},
	"elements": [
		{
			"from": [0, 2, 13.5],
			"to": [16, 6, 17.5],
			"rotation": {"angle": 0, "axis": "y", "origin": [0, 0, 16]},
			"faces": {
				"north": {"uv": [8, 6.5, 4, 7.5], "texture": "#0"},
				"east": {"uv": [12, 6.5, 11, 7.5], "texture": "#0"},
				"south": {"uv": [8, 6.5, 4, 7.5], "texture": "#0"},
				"west": {"uv": [12, 6.5, 11, 7.5], "texture": "#0"},
				"up": {"uv": [13, 4, 12, 8], "rotation": 270, "texture": "#0"},
				"down": {"uv": [13, 4, 12, 8], "rotation": 90, "texture": "#0"}
			}
		},
		{
			"from": [0, 0, 14.5],
			"to": [4, 16, 16.5],
			"rotation": {"angle": 0, "axis": "y", "origin": [0, 0, 16]},
			"faces": {
				"north": {"uv": [5, 4, 4, 8], "texture": "#0"},
				"east": {"uv": [11.75, 4, 11.25, 8], "texture": "#0"},
				"south": {"uv": [7, 4, 6, 8], "texture": "#0"},
				"west": {"uv": [11.75, 4, 11.25, 8], "texture": "#0"},
				"up": {"uv": [13.75, 0, 13, 4], "rotation": 270, "texture": "#0"},
				"down": {"uv": [15.25, 0, 14.75, 1], "rotation": 90, "texture": "#0"}
			}
		},
		{
			"from": [8, 0, 14.5],
			"to": [12, 16, 16.5],
			"rotation": {"angle": 0, "axis": "y", "origin": [0, 0, 16]},
			"faces": {
				"north": {"uv": [7, 4, 6, 8], "texture": "#0"},
				"east": {"uv": [11.75, 4, 11.25, 8], "texture": "#0"},
				"south": {"uv": [5, 4, 4, 8], "texture": "#0"},
				"west": {"uv": [11.75, 4, 11.25, 8], "texture": "#0"},
				"up": {"uv": [13.75, 0, 13, 4], "rotation": 270, "texture": "#0"},
				"down": {"uv": [15.25, 2, 14.75, 3], "rotation": 90, "texture": "#0"}
			}
		},
		{
			"from": [12, 0.5, 14],
			"to": [16, 16, 17],
			"rotation": {"angle": 0, "axis": "y", "origin": [0, 0, 16]},
			"faces": {
				"north": {"uv": [8, 4, 7, 7.875], "texture": "#0"},
				"east": {"uv": [11.875, 4, 11.125, 7.875], "texture": "#0"},
				"south": {"uv": [6, 4, 5, 7.875], "texture": "#0"},
				"west": {"uv": [11.875, 4, 11.125, 7.875], "texture": "#0"},
				"up": {"uv": [13.75, 0, 13, 4], "rotation": 270, "texture": "#0"},
				"down": {"uv": [15.375, 3, 14.625, 4], "rotation": 90, "texture": "#0"}
			}
		},
		{
			"from": [4, 0.5, 14],
			"to": [8, 16, 17],
			"rotation": {"angle": 0, "axis": "y", "origin": [0, 0, 16]},
			"faces": {
				"north": {"uv": [6, 4, 5, 7.875], "texture": "#0"},
				"east": {"uv": [11.875, 4, 11.125, 7.875], "texture": "#0"},
				"south": {"uv": [8, 4, 7, 7.875], "texture": "#0"},
				"west": {"uv": [11.875, 4, 11.125, 7.875], "texture": "#0"},
				"up": {"uv": [13.75, 0, 13, 4], "rotation": 270, "texture": "#0"},
				"down": {"uv": [15.375, 1, 14.625, 2], "rotation": 90, "texture": "#0"}
			}
		},
		{
			"from": [12, 15, 13],
			"to": [15, 16, 14],
			"rotation": {"angle": 0, "axis": "y", "origin": [0, 0, 16]},
			"faces": {
				"north": {"uv": [16, 7.5, 15.25, 7.75], "texture": "#0"},
				"east": {"uv": [15.25, 7.5, 15, 7.75], "texture": "#0"},
				"south": {"uv": [16, 7.5, 15.25, 7.75], "texture": "#0"},
				"west": {"uv": [15.25, 7.5, 15, 7.75], "texture": "#0"},
				"up": {"uv": [15.25, 7.5, 16, 7.25], "texture": "#0"},
				"down": {"uv": [15.25, 8, 16, 7.75], "rotation": 180, "texture": "#0"}
			}
		},
		{
			"from": [12, 15, 17],
			"to": [15, 16, 18],
			"rotation": {"angle": 0, "axis": "y", "origin": [0, 0, 16]},
			"faces": {
				"north": {"uv": [16, 7.5, 15.25, 7.75], "texture": "#0"},
				"east": {"uv": [15.25, 7.5, 15, 7.75], "texture": "#0"},
				"south": {"uv": [16, 7.5, 15.25, 7.75], "texture": "#0"},
				"west": {"uv": [15.25, 7.5, 15, 7.75], "texture": "#0"},
				"up": {"uv": [15.25, 7.5, 16, 7.25], "texture": "#0"},
				"down": {"uv": [15.25, 8, 16, 7.75], "rotation": 180, "texture": "#0"}
			}
		}
	],
	"groups": [
		{
			"name": "group",
			"origin": [0, 0, 0],
			"color": 0,
			"children": [0, 1, 2, 3, 4, 5, 6]
		}
	]
}