{
	"credit": "Made with Blockbench",
	"parent": "minecraft:block/fence_post",
	"texture_size": [32, 32],
	"textures": {
		"1": "block/spruce_fence",
		"particle": "block/spruce_fence"
	},
	"elements": [
		{
			"from": [6.03125, 11, 0],
			"to": [9.96875, 15, 6],
			"rotation": {"angle": 0, "axis": "y", "origin": [0, 1, 0]},
			"faces": {
				"east": {"uv": [13, 2, 16, 4], "texture": "#1"},
				"west": {"uv": [8, 2, 11, 4], "texture": "#1"},
				"up": {"uv": [14, 4, 15.96875, 7], "texture": "#1"},
				"down": {"uv": [3, 0, 5, 3], "texture": "#1"}
			}
		},
		{
			"from": [6.25, 8.5, 2.25],
			"to": [9.75, 12, 8.25],
			"rotation": {"angle": 45, "axis": "x", "origin": [8, 10.25, 5.25]},
			"faces": {
				"east": {"uv": [5, 1, 8, 3], "texture": "#1"},
				"west": {"uv": [0, 1, 3, 3], "texture": "#1"},
				"up": {"uv": [3, 0, 5, 3], "texture": "#1"},
				"down": {"uv": [3, 0, 5, 3], "texture": "#1"}
			}
		}
	]
}