{
	"credit": "Made with Blockbench",
	"textures": {
		"particle": "block/stone_button",
		"texture": "block/stone_button"
	},
	"elements": [
		{
			"from": [6, 5, 6],
			"to": [10, 6, 10],
			"faces": {
				"north": {"uv": [9.33333, 0, 14.66667, 1.33333], "texture": "#texture"},
				"east": {"uv": [9.33333, 0, 14.66667, 1.33333], "texture": "#texture"},
				"south": {"uv": [9.33333, 0, 14.66667, 1.33333], "texture": "#texture"},
				"west": {"uv": [9.33333, 0, 14.66667, 1.33333], "texture": "#texture"},
				"up": {"uv": [1.33333, 1.33333, 6.66667, 6.66667], "texture": "#texture"}
			}
		},
		{
			"from": [5, 4, 6],
			"to": [11, 5, 10],
			"faces": {
				"north": {"uv": [8, 1.33333, 16, 2.66667], "texture": "#texture"},
				"east": {"uv": [9.33333, 1.33333, 14.66667, 2.66667], "texture": "#texture"},
				"south": {"uv": [8, 1.33333, 16, 2.66667], "texture": "#texture"},
				"west": {"uv": [9.33333, 1.33333, 14.66667, 2.66667], "texture": "#texture"},
				"up": {"uv": [0, 1.33333, 8, 6.66667], "texture": "#texture"},
				"down": {"uv": [0, 9.33333, 8, 14.66667], "texture": "#texture"}
			}
		},
		{
			"from": [6, 4, 5],
			"to": [10, 5, 6],
			"faces": {
				"north": {"uv": [9.33333, 1.33333, 14.66667, 2.66667], "texture": "#texture"},
				"east": {"uv": [14.66667, 1.33333, 16, 2.66667], "texture": "#texture"},
				"west": {"uv": [8, 1.33333, 9.33333, 2.66667], "texture": "#texture"},
				"up": {"uv": [1.33333, 0, 6.66667, 1.33333], "texture": "#texture"},
				"down": {"uv": [1.33333, 14.66667, 6.66667, 16], "texture": "#texture"}
			}
		},
		{
			"from": [6, 4, 10],
			"to": [10, 5, 11],
			"faces": {
				"east": {"uv": [8, 1.33333, 9.33333, 2.66667], "texture": "#texture"},
				"south": {"uv": [9.33333, 1.33333, 14.66667, 2.66667], "texture": "#texture"},
				"west": {"uv": [14.66667, 1.33333, 16, 2.66667], "texture": "#texture"},
				"up": {"uv": [1.33333, 6.66667, 6.66667, 8], "texture": "#texture"},
				"down": {"uv": [1.33333, 8, 6.66667, 9.33333], "texture": "#texture"}
			}
		}
	]
}