{
	"credit": "Made with Blockbench",
	"texture_size": [64, 64],
	"textures": {
		"0": "block/strawberry",
		"particle": "block/strawberry"
	},
	"elements": [
		{
			"name": "cube inverted",
			"from": [6.125, 5.04167, 13.04166],
			"to": [3.125, 2.04167, 10.04166],
			"rotation": {"angle": 45, "axis": "z", "origin": [4.91667, 3.25, 11.24999]},
			"faces": {
				"south": {"uv": [3, 0, 0, 3], "rotation": 90, "texture": "#0"},
				"west": {"uv": [0, 6, 3, 3], "rotation": 270, "texture": "#0"},
				"up": {"uv": [3, 6, 6, 3], "texture": "#0"}
			}
		},
		{
			"from": [3.125, 2.04167, 10.04166],
			"to": [6.125, 5.04167, 13.04166],
			"rotation": {"angle": 45, "axis": "z", "origin": [4.91667, 3.25, 11.24999]},
			"faces": {
				"north": {"uv": [0, 0, 3, 3], "rotation": 90, "texture": "#0"},
				"east": {"uv": [0, 3, 3, 6], "rotation": 90, "texture": "#0"},
				"down": {"uv": [3, 3, 6, 6], "rotation": 180, "texture": "#0"}
			}
		},
		{
			"name": "cube inverted",
			"from": [9.125, 7.04167, 13.04166],
			"to": [6.125, 4.04167, 10.04166],
			"rotation": {"angle": 45, "axis": "y", "origin": [7.91667, 5.25, 11.24999]},
			"faces": {
				"south": {"uv": [3, 0, 0, 3], "rotation": 90, "texture": "#0"},
				"west": {"uv": [0, 6, 3, 3], "rotation": 270, "texture": "#0"},
				"up": {"uv": [3, 6, 6, 3], "texture": "#0"}
			}
		},
		{
			"from": [6.125, 4.04167, 10.04166],
			"to": [9.125, 7.04167, 13.04166],
			"rotation": {"angle": 45, "axis": "y", "origin": [7.91667, 5.25, 11.24999]},
			"faces": {
				"north": {"uv": [0, 0, 3, 3], "rotation": 90, "texture": "#0"},
				"east": {"uv": [0, 3, 3, 6], "rotation": 90, "texture": "#0"},
				"down": {"uv": [3, 3, 6, 6], "rotation": 180, "texture": "#0"}
			}
		},
		{
			"name": "cube inverted",
			"from": [12.70833, 5.04167, 13.04166],
			"to": [9.70833, 2.04167, 10.04166],
			"rotation": {"angle": 22.5, "axis": "x", "origin": [10.91667, 3.25, 11.24999]},
			"faces": {
				"east": {"uv": [3, 6, 6, 3], "rotation": 90, "texture": "#0"},
				"south": {"uv": [3, 0, 0, 3], "rotation": 180, "texture": "#0"},
				"up": {"uv": [0, 6, 3, 3], "texture": "#0"}
			}
		},
		{
			"from": [9.70833, 2.04167, 10.04166],
			"to": [12.70833, 5.04167, 13.04166],
			"rotation": {"angle": 22.5, "axis": "x", "origin": [10.91667, 3.25, 11.24999]},
			"faces": {
				"north": {"uv": [0, 0, 3, 3], "texture": "#0"},
				"west": {"uv": [3, 3, 6, 6], "rotation": 270, "texture": "#0"},
				"down": {"uv": [0, 3, 3, 6], "rotation": 180, "texture": "#0"}
			}
		},
		{
			"name": "cube inverted",
			"from": [12.70833, 5.04167, 6.95833],
			"to": [9.70833, 2.04167, 3.95833],
			"rotation": {"angle": -45, "axis": "z", "origin": [10.91667, 3.25, 5.74999]},
			"faces": {
				"north": {"uv": [3, 0, 0, 3], "rotation": 90, "texture": "#0"},
				"east": {"uv": [0, 6, 3, 3], "rotation": 270, "texture": "#0"},
				"up": {"uv": [3, 6, 6, 3], "rotation": 180, "texture": "#0"}
			}
		},
		{
			"from": [9.70833, 2.04167, 3.95833],
			"to": [12.70833, 5.04167, 6.95833],
			"rotation": {"angle": -45, "axis": "z", "origin": [10.91667, 3.25, 5.74999]},
			"faces": {
				"south": {"uv": [0, 0, 3, 3], "rotation": 90, "texture": "#0"},
				"west": {"uv": [0, 3, 3, 6], "rotation": 90, "texture": "#0"},
				"down": {"uv": [3, 3, 6, 6], "texture": "#0"}
			}
		},
		{
			"name": "cube inverted",
			"from": [11.70833, 8.04167, 9.45833],
			"to": [8.70833, 5.04167, 6.45833],
			"rotation": {"angle": 45, "axis": "x", "origin": [9.91667, 6.25, 8.24999]},
			"faces": {
				"north": {"uv": [3, 0, 0, 3], "rotation": 90, "texture": "#0"},
				"east": {"uv": [0, 6, 3, 3], "rotation": 270, "texture": "#0"},
				"up": {"uv": [3, 6, 6, 3], "rotation": 180, "texture": "#0"}
			}
		},
		{
			"from": [8.70833, 5.04167, 6.45833],
			"to": [11.70833, 8.04167, 9.45833],
			"rotation": {"angle": 45, "axis": "x", "origin": [9.91667, 6.25, 8.24999]},
			"faces": {
				"south": {"uv": [0, 0, 3, 3], "rotation": 90, "texture": "#0"},
				"west": {"uv": [0, 3, 3, 6], "rotation": 90, "texture": "#0"},
				"down": {"uv": [3, 3, 6, 6], "texture": "#0"}
			}
		},
		{
			"name": "cube inverted",
			"from": [12.70833, 2.95834, 9.45833],
			"to": [9.70833, -0.04166, 6.45833],
			"rotation": {"angle": -22.5, "axis": "x", "origin": [10.91667, 1.75, 8.24999]},
			"faces": {
				"north": {"uv": [3, 6, 6, 3], "texture": "#0"},
				"east": {"uv": [0, 6, 3, 3], "texture": "#0"},
				"down": {"uv": [3, 0, 0, 3], "rotation": 270, "texture": "#0"}
			}
		},
		{
			"from": [9.70833, -0.04166, 6.45833],
			"to": [12.70833, 2.95834, 9.45833],
			"rotation": {"angle": -22.5, "axis": "x", "origin": [10.91667, 1.75, 8.24999]},
			"faces": {
				"south": {"uv": [3, 3, 6, 6], "texture": "#0"},
				"west": {"uv": [0, 3, 3, 6], "texture": "#0"},
				"up": {"uv": [0, 0, 3, 3], "rotation": 90, "texture": "#0"}
			}
		},
		{
			"name": "cube inverted",
			"from": [9.125, 6.54167, 6.95833],
			"to": [6.125, 3.54167, 3.95833],
			"rotation": {"angle": -22.5, "axis": "z", "origin": [7.91667, 4.75, 5.74999]},
			"faces": {
				"north": {"uv": [3, 0, 0, 3], "rotation": 180, "texture": "#0"},
				"west": {"uv": [3, 6, 6, 3], "rotation": 90, "texture": "#0"},
				"up": {"uv": [0, 6, 3, 3], "rotation": 180, "texture": "#0"}
			}
		},
		{
			"from": [6.125, 3.54167, 3.95833],
			"to": [9.125, 6.54167, 6.95833],
			"rotation": {"angle": -22.5, "axis": "z", "origin": [7.91667, 4.75, 5.74999]},
			"faces": {
				"east": {"uv": [3, 3, 6, 6], "rotation": 270, "texture": "#0"},
				"south": {"uv": [0, 0, 3, 3], "texture": "#0"},
				"down": {"uv": [0, 3, 3, 6], "texture": "#0"}
			}
		},
		{
			"name": "cube inverted",
			"from": [6.125, 4.54167, 9.45833],
			"to": [3.125, 1.54167, 6.45833],
			"rotation": {"angle": 22.5, "axis": "y", "origin": [4.91667, 2.75, 8.24999]},
			"faces": {
				"north": {"uv": [3, 0, 0, 3], "rotation": 180, "texture": "#0"},
				"west": {"uv": [3, 6, 6, 3], "rotation": 90, "texture": "#0"},
				"up": {"uv": [0, 6, 3, 3], "rotation": 180, "texture": "#0"}
			}
		},
		{
			"from": [3.125, 1.54167, 6.45833],
			"to": [6.125, 4.54167, 9.45833],
			"rotation": {"angle": 22.5, "axis": "y", "origin": [4.91667, 2.75, 8.24999]},
			"faces": {
				"east": {"uv": [3, 3, 6, 6], "rotation": 270, "texture": "#0"},
				"south": {"uv": [0, 0, 3, 3], "texture": "#0"},
				"down": {"uv": [0, 3, 3, 6], "texture": "#0"}
			}
		},
		{
			"name": "cube inverted",
			"from": [7.625, 3.95834, 6.45833],
			"to": [4.625, 0.95834, 3.45833],
			"rotation": {"angle": -45, "axis": "z", "origin": [6.41667, 2.75, 5.24999]},
			"faces": {
				"north": {"uv": [3, 0, 0, 3], "rotation": 270, "texture": "#0"},
				"west": {"uv": [0, 6, 3, 3], "rotation": 90, "texture": "#0"},
				"down": {"uv": [3, 6, 6, 3], "texture": "#0"}
			}
		},
		{
			"from": [4.625, 0.95834, 3.45833],
			"to": [7.625, 3.95834, 6.45833],
			"rotation": {"angle": -45, "axis": "z", "origin": [6.41667, 2.75, 5.24999]},
			"faces": {
				"east": {"uv": [0, 3, 3, 6], "rotation": 270, "texture": "#0"},
				"south": {"uv": [0, 0, 3, 3], "rotation": 270, "texture": "#0"},
				"up": {"uv": [3, 3, 6, 6], "rotation": 180, "texture": "#0"}
			}
		},
		{
			"name": "cube inverted",
			"from": [7.125, 7.29167, 8.45833],
			"to": [4.125, 4.29167, 5.45833],
			"rotation": {"angle": 22.5, "axis": "x", "origin": [5.91667, 5.5, 7.24999]},
			"faces": {
				"north": {"uv": [3, 6, 6, 3], "rotation": 180, "texture": "#0"},
				"west": {"uv": [0, 6, 3, 3], "rotation": 180, "texture": "#0"},
				"up": {"uv": [3, 0, 0, 3], "rotation": 90, "texture": "#0"}
			}
		},
		{
			"from": [4.125, 4.29167, 5.45833],
			"to": [7.125, 7.29167, 8.45833],
			"rotation": {"angle": 22.5, "axis": "x", "origin": [5.91667, 5.5, 7.24999]},
			"faces": {
				"east": {"uv": [0, 3, 3, 6], "rotation": 180, "texture": "#0"},
				"south": {"uv": [3, 3, 6, 6], "rotation": 180, "texture": "#0"},
				"down": {"uv": [0, 0, 3, 3], "rotation": 270, "texture": "#0"}
			}
		},
		{
			"name": "cube inverted",
			"from": [7.125, 7.54167, 11.79166],
			"to": [4.125, 4.54167, 8.79166],
			"rotation": {"angle": -22.5, "axis": "y", "origin": [5.91667, 5.75, 9.99999]},
			"faces": {
				"south": {"uv": [0, 6, 3, 3], "rotation": 180, "texture": "#0"},
				"west": {"uv": [3, 6, 6, 3], "rotation": 180, "texture": "#0"},
				"up": {"uv": [3, 0, 0, 3], "texture": "#0"}
			}
		},
		{
			"from": [4.125, 4.54167, 8.79166],
			"to": [7.125, 7.54167, 11.79166],
			"rotation": {"angle": -22.5, "axis": "y", "origin": [5.91667, 5.75, 9.99999]},
			"faces": {
				"north": {"uv": [0, 3, 3, 6], "rotation": 180, "texture": "#0"},
				"east": {"uv": [3, 3, 6, 6], "rotation": 180, "texture": "#0"},
				"down": {"uv": [0, 0, 3, 3], "texture": "#0"}
			}
		},
		{
			"name": "cube inverted",
			"from": [9.375, 5.04167, 13.04166],
			"to": [6.375, 2.04167, 10.04166],
			"rotation": {"angle": -22.5, "axis": "z", "origin": [8.16667, 3.25, 11.24999]},
			"faces": {
				"south": {"uv": [3, 0, 0, 3], "rotation": 90, "texture": "#0"},
				"west": {"uv": [0, 6, 3, 3], "rotation": 270, "texture": "#0"},
				"up": {"uv": [3, 6, 6, 3], "texture": "#0"}
			}
		},
		{
			"from": [6.375, 2.04167, 10.04166],
			"to": [9.375, 5.04167, 13.04166],
			"rotation": {"angle": -22.5, "axis": "z", "origin": [8.16667, 3.25, 11.24999]},
			"faces": {
				"north": {"uv": [0, 0, 3, 3], "rotation": 90, "texture": "#0"},
				"east": {"uv": [0, 3, 3, 6], "rotation": 90, "texture": "#0"},
				"down": {"uv": [3, 3, 6, 6], "rotation": 180, "texture": "#0"}
			}
		},
		{
			"from": [8, 0, 4],
			"to": [8, 7, 12],
			"rotation": {"angle": -45, "axis": "y", "origin": [8, 6, 8]},
			"faces": {
				"east": {"uv": [0, 8, 8, 16], "texture": "#0"},
				"west": {"uv": [0, 8, 8, 16], "texture": "#0"}
			}
		},
		{
			"from": [8, 0, 4],
			"to": [8, 7, 12],
			"rotation": {"angle": 45, "axis": "y", "origin": [8, 6, 8]},
			"faces": {
				"east": {"uv": [8, 8, 16, 16], "texture": "#0"},
				"west": {"uv": [8, 8, 16, 16], "texture": "#0"}
			}
		}
	],
	"groups": [
		{
			"name": "group",
			"origin": [8, 8, 8],
			"color": 0,
			"children": [
				{
					"name": "berry",
					"origin": [8, 8, 8],
					"color": 0,
					"children": [0, 1]
				},
				{
					"name": "berry",
					"origin": [8, 8, 8],
					"color": 0,
					"children": [2, 3]
				},
				{
					"name": "berry",
					"origin": [8, 8, 8],
					"color": 0,
					"children": [4, 5]
				},
				{
					"name": "berry",
					"origin": [8, 8, 8],
					"color": 0,
					"children": [6, 7]
				},
				{
					"name": "berry",
					"origin": [8, 8, 8],
					"color": 0,
					"children": [8, 9]
				},
				{
					"name": "berry",
					"origin": [8, 8, 8],
					"color": 0,
					"children": [10, 11]
				},
				{
					"name": "berry",
					"origin": [8, 8, 8],
					"color": 0,
					"children": [12, 13]
				},
				{
					"name": "berry",
					"origin": [8, 8, 8],
					"color": 0,
					"children": [14, 15]
				},
				{
					"name": "berry",
					"origin": [8, 8, 8],
					"color": 0,
					"children": [16, 17]
				},
				{
					"name": "berry",
					"origin": [8, 8, 8],
					"color": 0,
					"children": [18, 19]
				},
				{
					"name": "berry",
					"origin": [8, 8, 8],
					"color": 0,
					"children": [20, 21]
				},
				{
					"name": "berry",
					"origin": [8, 8, 8],
					"color": 0,
					"children": [22, 23]
				}
			]
		},
		{
			"name": "group",
			"origin": [8, 6, 8],
			"color": 0,
			"children": [24, 25]
		}
	]
}