{
	"credit": "Made with Blockbench",
	"textures": {
		"2": "block/strawberry"
	},
	"elements": [
		{
			"from": [8, 0, 1],
			"to": [8, 14, 15],
			"rotation": {"angle": -45, "axis": "y", "origin": [8, 9, 8]},
			"faces": {
				"east": {"uv": [8, 8, 16, 16], "texture": "#2"},
				"west": {"uv": [0, 8, 8, 16], "texture": "#2"}
			}
		},
		{
			"from": [8, 5, 3],
			"to": [8, 14, 13],
			"rotation": {"angle": -45, "axis": "y", "origin": [8, 9, 8]},
			"faces": {
				"east": {"uv": [8, 8, 16, 16], "texture": "#2"},
				"west": {"uv": [0, 8, 8, 16], "texture": "#2"}
			}
		},
		{
			"name": "cube inverted",
			"from": [13.5, 15.875, 6.125],
			"to": [7.5, 9.875, 0.125],
			"rotation": {"angle": 22.5, "axis": "z", "origin": [7.5, 9.875, 6.125]},
			"faces": {
				"north": {"uv": [6.25, 0, 3.125, 3.125], "rotation": 180, "texture": "#2"},
				"east": {"uv": [3.125, 3.125, 6.25, 0], "rotation": 90, "texture": "#2"},
				"south": {"uv": [10, 0, 6.875, 3.125], "texture": "#2"},
				"west": {"uv": [6.75, 3.125, 9.875, 0], "rotation": 270, "texture": "#2"},
				"up": {"uv": [0, 3.125, 3.125, 0], "texture": "#2"},
				"down": {"uv": [7.125, 3.125, 10.25, 0], "rotation": 180, "texture": "#2"}
			}
		},
		{
			"from": [7.5, 9.875, 0.125],
			"to": [13.5, 15.875, 6.125],
			"rotation": {"angle": 22.5, "axis": "z", "origin": [7.5, 9.875, 6.125]},
			"faces": {
				"south": {"uv": [3.125, 0, 6.25, 3.125], "texture": "#2"},
				"west": {"uv": [3.125, 0, 6.25, 3.125], "rotation": 270, "texture": "#2"},
				"down": {"uv": [0, 0, 3.125, 3.125], "rotation": 180, "texture": "#2"}
			}
		},
		{
			"name": "cube inverted",
			"from": [15.375, 15.875, 13.375],
			"to": [9.375, 9.875, 7.375],
			"rotation": {"angle": -22.5, "axis": "x", "origin": [9.375, 9.875, 7.375]},
			"faces": {
				"north": {"uv": [6.75, 3.125, 9.875, 0], "rotation": 270, "texture": "#2"},
				"east": {"uv": [6.25, 0, 3.125, 3.125], "rotation": 180, "texture": "#2"},
				"south": {"uv": [3.125, 3.125, 6.25, 0], "rotation": 90, "texture": "#2"},
				"west": {"uv": [10, 0, 6.875, 3.125], "texture": "#2"},
				"up": {"uv": [0, 3.125, 3.125, 0], "rotation": 90, "texture": "#2"},
				"down": {"uv": [7.125, 3.125, 10.25, 0], "rotation": 90, "texture": "#2"}
			}
		},
		{
			"from": [9.5, 10.25, 7.625],
			"to": [10.5, 11.25, 8.625],
			"rotation": {"angle": -22.5, "axis": "x", "origin": [9.5, 10, 7.5]},
			"faces": {
				"north": {"uv": [14, 0, 13.5, 0.5], "rotation": 270, "texture": "#2"},
				"east": {"uv": [14, 0, 13.5, 0.5], "rotation": 270, "texture": "#2"},
				"south": {"uv": [14, 0, 13.5, 0.5], "rotation": 270, "texture": "#2"},
				"west": {"uv": [14, 0, 13.5, 0.5], "rotation": 270, "texture": "#2"},
				"up": {"uv": [14, 0, 13.5, 0.5], "rotation": 270, "texture": "#2"},
				"down": {"uv": [14, 0, 13.5, 0.5], "rotation": 270, "texture": "#2"}
			}
		},
		{
			"from": [9.375, 9.875, 7.375],
			"to": [15.375, 15.875, 13.375],
			"rotation": {"angle": -22.5, "axis": "x", "origin": [9.375, 9.875, 7.375]},
			"faces": {
				"north": {"uv": [3.125, 0, 6.25, 3.125], "rotation": 270, "texture": "#2"},
				"west": {"uv": [3.125, 0, 6.25, 3.125], "texture": "#2"},
				"down": {"uv": [0, 0, 3.125, 3.125], "rotation": 90, "texture": "#2"}
			}
		},
		{
			"name": "cube inverted",
			"from": [17.25, 13.375, 5.25],
			"to": [11.25, 7.375, -0.75],
			"rotation": {"angle": -22.5, "axis": "z", "origin": [13.4375, 9.5625, 3.0625]},
			"faces": {
				"north": {"uv": [0, 3.125, 3.125, 0], "rotation": 270, "texture": "#2"},
				"east": {"uv": [6.25, 0, 3.125, 3.125], "rotation": 270, "texture": "#2"},
				"south": {"uv": [7.125, 3.125, 10.25, 0], "rotation": 90, "texture": "#2"},
				"west": {"uv": [10, 0, 6.875, 3.125], "rotation": 270, "texture": "#2"},
				"up": {"uv": [3.125, 3.125, 6.25, 0], "rotation": 90, "texture": "#2"},
				"down": {"uv": [6.75, 3.125, 9.875, 0], "rotation": 90, "texture": "#2"}
			}
		},
		{
			"from": [11.25, 7.375, -0.75],
			"to": [17.25, 13.375, 5.25],
			"rotation": {"angle": -22.5, "axis": "z", "origin": [13.4375, 9.5625, 3.0625]},
			"faces": {
				"south": {"uv": [0, 0, 3.125, 3.125], "rotation": 90, "texture": "#2"},
				"west": {"uv": [3.125, 0, 6.25, 3.125], "rotation": 270, "texture": "#2"},
				"down": {"uv": [3.125, 0, 6.25, 3.125], "rotation": 90, "texture": "#2"}
			}
		},
		{
			"name": "cube inverted",
			"from": [6.5, 16.75, 11],
			"to": [0.5, 10.75, 5],
			"rotation": {"angle": -45, "axis": "x", "origin": [4.5, 12.75, 7.125]},
			"faces": {
				"north": {"uv": [6.75, 3.125, 9.875, 0], "texture": "#2"},
				"east": {"uv": [7.125, 3.125, 10.25, 0], "texture": "#2"},
				"south": {"uv": [3.125, 3.125, 6.25, 0], "texture": "#2"},
				"west": {"uv": [0, 3.125, 3.125, 0], "texture": "#2"},
				"up": {"uv": [6.25, 0, 3.125, 3.125], "rotation": 90, "texture": "#2"},
				"down": {"uv": [10, 0, 6.875, 3.125], "rotation": 270, "texture": "#2"}
			}
		},
		{
			"from": [5.375, 10.875, 5.25],
			"to": [6.375, 11.875, 6.25],
			"rotation": {"angle": -45, "axis": "x", "origin": [4.5, 12.75, 7.125]},
			"faces": {
				"north": {"uv": [14, 0, 13.5, 0.5], "rotation": 270, "texture": "#2"},
				"east": {"uv": [14, 0, 13.5, 0.5], "rotation": 270, "texture": "#2"},
				"south": {"uv": [14, 0, 13.5, 0.5], "rotation": 270, "texture": "#2"},
				"west": {"uv": [14, 0, 13.5, 0.5], "rotation": 270, "texture": "#2"},
				"up": {"uv": [14, 0, 13.5, 0.5], "rotation": 270, "texture": "#2"},
				"down": {"uv": [14, 0, 13.5, 0.5], "rotation": 270, "texture": "#2"}
			}
		},
		{
			"from": [0.5, 10.75, 5],
			"to": [6.5, 16.75, 11],
			"rotation": {"angle": -45, "axis": "x", "origin": [4.5, 12.75, 7.125]},
			"faces": {
				"north": {"uv": [3.125, 0, 6.25, 3.125], "texture": "#2"},
				"east": {"uv": [0, 0, 3.125, 3.125], "texture": "#2"},
				"down": {"uv": [3.125, 0, 6.25, 3.125], "rotation": 270, "texture": "#2"}
			}
		},
		{
			"name": "cube inverted",
			"from": [25.75, 12.125, 11.75],
			"to": [19.75, 6.125, 5.75],
			"rotation": {"angle": -45, "axis": "y", "origin": [19.75, 6.125, -0.25]},
			"faces": {
				"north": {"uv": [0, 3.125, 3.125, 0], "rotation": 270, "texture": "#2"},
				"east": {"uv": [6.25, 0, 3.125, 3.125], "rotation": 270, "texture": "#2"},
				"south": {"uv": [7.125, 3.125, 10.25, 0], "rotation": 90, "texture": "#2"},
				"west": {"uv": [10, 0, 6.875, 3.125], "rotation": 270, "texture": "#2"},
				"up": {"uv": [3.125, 3.125, 6.25, 0], "rotation": 90, "texture": "#2"},
				"down": {"uv": [6.75, 3.125, 9.875, 0], "rotation": 90, "texture": "#2"}
			}
		},
		{
			"from": [19.75, 6.125, 5.75],
			"to": [25.75, 12.125, 11.75],
			"rotation": {"angle": -45, "axis": "y", "origin": [19.75, 6.125, -0.25]},
			"faces": {
				"south": {"uv": [0, 0, 3.125, 3.125], "rotation": 90, "texture": "#2"},
				"west": {"uv": [3.125, 0, 6.25, 3.125], "rotation": 270, "texture": "#2"},
				"down": {"uv": [3.125, 0, 6.25, 3.125], "rotation": 90, "texture": "#2"}
			}
		},
		{
			"name": "cube inverted",
			"from": [8.375, 12.25, 5],
			"to": [2.375, 6.25, -1],
			"rotation": {"angle": -45, "axis": "y", "origin": [8.375, 6.25, 5]},
			"faces": {
				"north": {"uv": [6.25, 0, 3.125, 3.125], "rotation": 270, "texture": "#2"},
				"east": {"uv": [7.125, 3.125, 10.25, 0], "rotation": 90, "texture": "#2"},
				"south": {"uv": [10, 0, 6.875, 3.125], "rotation": 270, "texture": "#2"},
				"west": {"uv": [0, 3.125, 3.125, 0], "rotation": 270, "texture": "#2"},
				"up": {"uv": [3.125, 3.125, 6.25, 0], "texture": "#2"},
				"down": {"uv": [6.75, 3.125, 9.875, 0], "rotation": 180, "texture": "#2"}
			}
		},
		{
			"from": [2.375, 6.25, -1],
			"to": [8.375, 12.25, 5],
			"rotation": {"angle": -45, "axis": "y", "origin": [8.375, 6.25, 5]},
			"faces": {
				"east": {"uv": [0, 0, 3.125, 3.125], "rotation": 90, "texture": "#2"},
				"south": {"uv": [3.125, 0, 6.25, 3.125], "rotation": 270, "texture": "#2"},
				"down": {"uv": [3.125, 0, 6.25, 3.125], "rotation": 180, "texture": "#2"}
			}
		},
		{
			"name": "cube inverted",
			"from": [5.50323, 13.125, 5.06479],
			"to": [-0.49677, 7.125, -0.93521],
			"rotation": {"angle": -22.5, "axis": "x", "origin": [3.55501, 9.125, 3.06479]},
			"faces": {
				"north": {"uv": [6.25, 0, 3.125, 3.125], "rotation": 270, "texture": "#2"},
				"east": {"uv": [7.125, 3.125, 10.25, 0], "rotation": 90, "texture": "#2"},
				"south": {"uv": [10, 0, 6.875, 3.125], "rotation": 270, "texture": "#2"},
				"west": {"uv": [0, 3.125, 3.125, 0], "rotation": 270, "texture": "#2"},
				"up": {"uv": [3.125, 3.125, 6.25, 0], "texture": "#2"},
				"down": {"uv": [6.75, 3.125, 9.875, 0], "rotation": 180, "texture": "#2"}
			}
		},
		{
			"from": [-0.49677, 7.125, -0.93521],
			"to": [5.50323, 13.125, 5.06479],
			"rotation": {"angle": -22.5, "axis": "x", "origin": [3.55501, 9.125, 3.06479]},
			"faces": {
				"east": {"uv": [0, 0, 3.125, 3.125], "rotation": 90, "texture": "#2"},
				"south": {"uv": [3.125, 0, 6.25, 3.125], "rotation": 270, "texture": "#2"},
				"down": {"uv": [3.125, 0, 6.25, 3.125], "rotation": 180, "texture": "#2"}
			}
		},
		{
			"name": "cube inverted",
			"from": [4.625, 12.125, 13.625],
			"to": [-1.375, 6.125, 7.625],
			"rotation": {"angle": -45, "axis": "y", "origin": [4.625, 6.125, 7.625]},
			"faces": {
				"north": {"uv": [6.75, 3.125, 9.875, 0], "texture": "#2"},
				"east": {"uv": [7.125, 3.125, 10.25, 0], "texture": "#2"},
				"south": {"uv": [3.125, 3.125, 6.25, 0], "texture": "#2"},
				"west": {"uv": [0, 3.125, 3.125, 0], "texture": "#2"},
				"up": {"uv": [6.25, 0, 3.125, 3.125], "rotation": 90, "texture": "#2"},
				"down": {"uv": [10, 0, 6.875, 3.125], "rotation": 270, "texture": "#2"}
			}
		},
		{
			"from": [-1.375, 6.125, 7.625],
			"to": [4.625, 12.125, 13.625],
			"rotation": {"angle": -45, "axis": "y", "origin": [4.625, 6.125, 7.625]},
			"faces": {
				"north": {"uv": [3.125, 0, 6.25, 3.125], "texture": "#2"},
				"east": {"uv": [0, 0, 3.125, 3.125], "texture": "#2"},
				"down": {"uv": [3.125, 0, 6.25, 3.125], "rotation": 270, "texture": "#2"}
			}
		},
		{
			"name": "cube inverted",
			"from": [5, 13.625, 16.625],
			"to": [-1, 7.625, 10.625],
			"rotation": {"angle": 22.5, "axis": "z", "origin": [2.8125, 9.8125, 12.8125]},
			"faces": {
				"north": {"uv": [7.125, 3.125, 10.25, 0], "rotation": 90, "texture": "#2"},
				"east": {"uv": [10, 0, 6.875, 3.125], "rotation": 270, "texture": "#2"},
				"south": {"uv": [0, 3.125, 3.125, 0], "rotation": 270, "texture": "#2"},
				"west": {"uv": [6.25, 0, 3.125, 3.125], "rotation": 270, "texture": "#2"},
				"up": {"uv": [3.125, 3.125, 6.25, 0], "rotation": 270, "texture": "#2"},
				"down": {"uv": [6.75, 3.125, 9.875, 0], "rotation": 270, "texture": "#2"}
			}
		},
		{
			"from": [-1, 7.625, 10.625],
			"to": [5, 13.625, 16.625],
			"rotation": {"angle": 22.5, "axis": "z", "origin": [2.8125, 9.8125, 12.8125]},
			"faces": {
				"north": {"uv": [0, 0, 3.125, 3.125], "rotation": 90, "texture": "#2"},
				"east": {"uv": [3.125, 0, 6.25, 3.125], "rotation": 270, "texture": "#2"},
				"down": {"uv": [3.125, 0, 6.25, 3.125], "rotation": 270, "texture": "#2"}
			}
		},
		{
			"name": "cube inverted",
			"from": [14.625, 12.125, 17.625],
			"to": [8.625, 6.125, 11.625],
			"rotation": {"angle": -45, "axis": "y", "origin": [8.625, 6.125, 11.625]},
			"faces": {
				"north": {"uv": [7.125, 3.125, 10.25, 0], "texture": "#2"},
				"east": {"uv": [3.125, 3.125, 6.25, 0], "texture": "#2"},
				"south": {"uv": [0, 3.125, 3.125, 0], "texture": "#2"},
				"west": {"uv": [6.75, 3.125, 9.875, 0], "texture": "#2"},
				"up": {"uv": [6.25, 0, 3.125, 3.125], "texture": "#2"},
				"down": {"uv": [10, 0, 6.875, 3.125], "texture": "#2"}
			}
		},
		{
			"from": [8.75, 6.25, 11.875],
			"to": [9.75, 7.25, 12.875],
			"rotation": {"angle": -45, "axis": "y", "origin": [8.75, 6.25, 11.75]},
			"faces": {
				"north": {"uv": [14, 0, 13.5, 0.5], "rotation": 270, "texture": "#2"},
				"east": {"uv": [14, 0, 13.5, 0.5], "rotation": 270, "texture": "#2"},
				"south": {"uv": [14, 0, 13.5, 0.5], "rotation": 270, "texture": "#2"},
				"west": {"uv": [14, 0, 13.5, 0.5], "rotation": 270, "texture": "#2"},
				"up": {"uv": [14, 0, 13.5, 0.5], "rotation": 270, "texture": "#2"},
				"down": {"uv": [14, 0, 13.5, 0.5], "rotation": 270, "texture": "#2"}
			}
		},
		{
			"from": [8.625, 6.125, 11.625],
			"to": [14.625, 12.125, 17.625],
			"rotation": {"angle": -45, "axis": "y", "origin": [8.625, 6.125, 11.625]},
			"faces": {
				"north": {"uv": [0, 0, 3.125, 3.125], "texture": "#2"},
				"west": {"uv": [3.125, 0, 6.25, 3.125], "texture": "#2"},
				"down": {"uv": [3.125, 0, 6.25, 3.125], "texture": "#2"}
			}
		},
		{
			"name": "cube inverted",
			"from": [16.875, 13.125, 16.875],
			"to": [10.875, 7.125, 10.875],
			"rotation": {"angle": 22.5, "axis": "x", "origin": [13.15, 9.65, 12.9]},
			"faces": {
				"north": {"uv": [7.125, 3.125, 10.25, 0], "texture": "#2"},
				"east": {"uv": [3.125, 3.125, 6.25, 0], "texture": "#2"},
				"south": {"uv": [0, 3.125, 3.125, 0], "texture": "#2"},
				"west": {"uv": [6.75, 3.125, 9.875, 0], "texture": "#2"},
				"up": {"uv": [6.25, 0, 3.125, 3.125], "texture": "#2"},
				"down": {"uv": [10, 0, 6.875, 3.125], "texture": "#2"}
			}
		},
		{
			"from": [10.875, 7.125, 10.875],
			"to": [16.875, 13.125, 16.875],
			"rotation": {"angle": 22.5, "axis": "x", "origin": [13.15, 9.65, 12.9]},
			"faces": {
				"north": {"uv": [0, 0, 3.125, 3.125], "texture": "#2"},
				"west": {"uv": [3.125, 0, 6.25, 3.125], "texture": "#2"},
				"down": {"uv": [3.125, 0, 6.25, 3.125], "texture": "#2"}
			}
		},
		{
			"name": "cube inverted",
			"from": [12.75, 15.875, 15.125],
			"to": [6.75, 9.875, 9.125],
			"rotation": {"angle": 45, "axis": "z", "origin": [6.75, 9.875, 9.125]},
			"faces": {
				"north": {"uv": [6.75, 3.125, 9.875, 0], "rotation": 270, "texture": "#2"},
				"east": {"uv": [6.25, 0, 3.125, 3.125], "rotation": 180, "texture": "#2"},
				"south": {"uv": [3.125, 3.125, 6.25, 0], "rotation": 90, "texture": "#2"},
				"west": {"uv": [10, 0, 6.875, 3.125], "texture": "#2"},
				"up": {"uv": [0, 3.125, 3.125, 0], "rotation": 90, "texture": "#2"},
				"down": {"uv": [7.125, 3.125, 10.25, 0], "rotation": 90, "texture": "#2"}
			}
		},
		{
			"from": [6.75, 9.875, 9.125],
			"to": [12.75, 15.875, 15.125],
			"rotation": {"angle": 45, "axis": "z", "origin": [6.75, 9.875, 9.125]},
			"faces": {
				"north": {"uv": [3.125, 0, 6.25, 3.125], "rotation": 270, "texture": "#2"},
				"west": {"uv": [3.125, 0, 6.25, 3.125], "texture": "#2"},
				"down": {"uv": [0, 0, 3.125, 3.125], "rotation": 90, "texture": "#2"}
			}
		},
		{
			"name": "cube inverted",
			"from": [18, 6.125, 12.125],
			"to": [12, 0.125, 6.125],
			"rotation": {"angle": 22.5, "axis": "x", "origin": [12, 6.125, 6.125]},
			"faces": {
				"north": {"uv": [9.875, 3.125, 6.75, 0], "rotation": 270, "texture": "#2"},
				"east": {"uv": [6.25, 3.125, 3.125, 0], "rotation": 180, "texture": "#2"},
				"south": {"uv": [6.25, 3.125, 3.125, 0], "rotation": 90, "texture": "#2"},
				"west": {"uv": [10, 3.125, 6.875, 0], "texture": "#2"},
				"up": {"uv": [7.125, 0, 10.25, 3.125], "rotation": 270, "texture": "#2"},
				"down": {"uv": [0, 0, 3.125, 3.125], "rotation": 270, "texture": "#2"}
			}
		},
		{
			"from": [12.125, 4.75, 6.375],
			"to": [13.125, 5.75, 7.375],
			"rotation": {"angle": 22.5, "axis": "x", "origin": [12, 6, 6.25]},
			"faces": {
				"north": {"uv": [14, 0, 13.5, 0.5], "rotation": 270, "texture": "#2"},
				"east": {"uv": [14, 0, 13.5, 0.5], "rotation": 270, "texture": "#2"},
				"south": {"uv": [14, 0, 13.5, 0.5], "rotation": 270, "texture": "#2"},
				"west": {"uv": [14, 0, 13.5, 0.5], "rotation": 270, "texture": "#2"},
				"up": {"uv": [14, 0, 13.5, 0.5], "rotation": 270, "texture": "#2"},
				"down": {"uv": [14, 0, 13.5, 0.5], "rotation": 270, "texture": "#2"}
			}
		},
		{
			"from": [12, 0.125, 6.125],
			"to": [18, 6.125, 12.125],
			"rotation": {"angle": 22.5, "axis": "x", "origin": [12, 6.125, 6.125]},
			"faces": {
				"north": {"uv": [6.25, 0, 3.125, 3.125], "rotation": 270, "texture": "#2"},
				"west": {"uv": [3.125, 3.125, 6.25, 0], "texture": "#2"},
				"up": {"uv": [0, 3.125, 3.125, 0], "rotation": 270, "texture": "#2"}
			}
		},
		{
			"name": "cube inverted",
			"from": [8.25, 6.125, 18],
			"to": [2.25, 0.125, 12],
			"rotation": {"angle": 22.5, "axis": "z", "origin": [8.25, 6.125, 12]},
			"faces": {
				"north": {"uv": [10, 3.125, 6.875, 0], "texture": "#2"},
				"east": {"uv": [9.875, 3.125, 6.75, 0], "rotation": 270, "texture": "#2"},
				"south": {"uv": [6.25, 3.125, 3.125, 0], "rotation": 180, "texture": "#2"},
				"west": {"uv": [6.25, 3.125, 3.125, 0], "rotation": 90, "texture": "#2"},
				"up": {"uv": [10.25, 3.125, 7.125, 0], "rotation": 180, "texture": "#2"},
				"down": {"uv": [3.125, 3.125, 0, 0], "texture": "#2"}
			}
		},
		{
			"from": [2.25, 0.125, 12],
			"to": [8.25, 6.125, 18],
			"rotation": {"angle": 22.5, "axis": "z", "origin": [8.25, 6.125, 12]},
			"faces": {
				"north": {"uv": [3.125, 3.125, 6.25, 0], "texture": "#2"},
				"east": {"uv": [6.25, 0, 3.125, 3.125], "rotation": 270, "texture": "#2"},
				"up": {"uv": [3.125, 0, 0, 3.125], "rotation": 180, "texture": "#2"}
			}
		},
		{
			"name": "cube inverted",
			"from": [16.375, 5.625, 16.875],
			"to": [10.375, -0.375, 10.875],
			"rotation": {"angle": -22.5, "axis": "x", "origin": [12.5625, 3.4375, 13.0625]},
			"faces": {
				"north": {"uv": [6.875, 0, 10, 3.125], "rotation": 270, "texture": "#2"},
				"east": {"uv": [3.125, 3.125, 0, 0], "rotation": 270, "texture": "#2"},
				"south": {"uv": [3.125, 0, 6.25, 3.125], "rotation": 270, "texture": "#2"},
				"west": {"uv": [10.25, 3.125, 7.125, 0], "rotation": 90, "texture": "#2"},
				"up": {"uv": [9.875, 3.125, 6.75, 0], "rotation": 180, "texture": "#2"},
				"down": {"uv": [6.25, 3.125, 3.125, 0], "texture": "#2"}
			}
		},
		{
			"from": [10.375, -0.375, 10.875],
			"to": [16.375, 5.625, 16.875],
			"rotation": {"angle": -22.5, "axis": "x", "origin": [12.5625, 3.4375, 13.0625]},
			"faces": {
				"north": {"uv": [6.25, 0, 3.125, 3.125], "rotation": 270, "texture": "#2"},
				"west": {"uv": [3.125, 0, 0, 3.125], "rotation": 90, "texture": "#2"},
				"up": {"uv": [6.25, 0, 3.125, 3.125], "rotation": 180, "texture": "#2"}
			}
		},
		{
			"name": "cube inverted",
			"from": [10.625, 5.25, 3.875],
			"to": [4.625, -0.75, -2.125],
			"rotation": {"angle": 45, "axis": "z", "origin": [8.5, 3.25, 1.875]},
			"faces": {
				"north": {"uv": [0, 0, 3.125, 3.125], "texture": "#2"},
				"east": {"uv": [6.75, 0, 9.875, 3.125], "texture": "#2"},
				"south": {"uv": [7.125, 0, 10.25, 3.125], "texture": "#2"},
				"west": {"uv": [3.125, 0, 6.25, 3.125], "texture": "#2"},
				"up": {"uv": [6.875, 0, 10, 3.125], "texture": "#2"},
				"down": {"uv": [3.125, 0, 6.25, 3.125], "texture": "#2"}
			}
		},
		{
			"from": [4.625, -0.75, -2.125],
			"to": [10.625, 5.25, 3.875],
			"rotation": {"angle": 45, "axis": "z", "origin": [8.5, 3.25, 1.875]},
			"faces": {
				"east": {"uv": [3.125, 3.125, 6.25, 0], "texture": "#2"},
				"south": {"uv": [0, 3.125, 3.125, 0], "texture": "#2"},
				"up": {"uv": [6.25, 0, 3.125, 3.125], "texture": "#2"}
			}
		},
		{
			"name": "cube inverted",
			"from": [17.56021, 5.875, 4.62823],
			"to": [11.56021, -0.125, -1.37177],
			"rotation": {"angle": 22.5, "axis": "z", "origin": [13.56021, 3.875, 2.68001]},
			"faces": {
				"north": {"uv": [3.125, 3.125, 0, 0], "rotation": 270, "texture": "#2"},
				"east": {"uv": [3.125, 0, 6.25, 3.125], "rotation": 270, "texture": "#2"},
				"south": {"uv": [10.25, 3.125, 7.125, 0], "rotation": 90, "texture": "#2"},
				"west": {"uv": [6.875, 0, 10, 3.125], "rotation": 270, "texture": "#2"},
				"up": {"uv": [6.75, 0, 9.875, 3.125], "rotation": 270, "texture": "#2"},
				"down": {"uv": [3.125, 0, 6.25, 3.125], "rotation": 270, "texture": "#2"}
			}
		},
		{
			"from": [11.56021, -0.125, -1.37177],
			"to": [17.56021, 5.875, 4.62823],
			"rotation": {"angle": 22.5, "axis": "z", "origin": [13.56021, 3.875, 2.68001]},
			"faces": {
				"south": {"uv": [3.125, 0, 0, 3.125], "rotation": 90, "texture": "#2"},
				"west": {"uv": [6.25, 0, 3.125, 3.125], "rotation": 270, "texture": "#2"},
				"up": {"uv": [3.125, 3.125, 6.25, 0], "rotation": 270, "texture": "#2"}
			}
		},
		{
			"name": "cube inverted",
			"from": [5, 6.375, 3.625],
			"to": [-1, 0.375, -2.375],
			"rotation": {"angle": 22.5, "axis": "x", "origin": [2.8125, 4.1875, 1.4375]},
			"faces": {
				"north": {"uv": [3.125, 0, 6.25, 3.125], "rotation": 270, "texture": "#2"},
				"east": {"uv": [10.25, 3.125, 7.125, 0], "rotation": 90, "texture": "#2"},
				"south": {"uv": [6.875, 0, 10, 3.125], "rotation": 270, "texture": "#2"},
				"west": {"uv": [3.125, 3.125, 0, 0], "rotation": 270, "texture": "#2"},
				"up": {"uv": [9.875, 3.125, 6.75, 0], "texture": "#2"},
				"down": {"uv": [6.25, 3.125, 3.125, 0], "rotation": 180, "texture": "#2"}
			}
		},
		{
			"from": [3.875, 5.25, 2.5],
			"to": [4.875, 6.25, 3.5],
			"rotation": {"angle": 22.5, "axis": "x", "origin": [2.8125, 4.1875, 1.4375]},
			"faces": {
				"north": {"uv": [14, 0, 13.5, 0.5], "rotation": 270, "texture": "#2"},
				"east": {"uv": [14, 0, 13.5, 0.5], "rotation": 270, "texture": "#2"},
				"south": {"uv": [14, 0, 13.5, 0.5], "rotation": 270, "texture": "#2"},
				"west": {"uv": [14, 0, 13.5, 0.5], "rotation": 270, "texture": "#2"},
				"up": {"uv": [14, 0, 13.5, 0.5], "rotation": 270, "texture": "#2"},
				"down": {"uv": [14, 0, 13.5, 0.5], "rotation": 270, "texture": "#2"}
			}
		},
		{
			"from": [-1, 0.375, -2.375],
			"to": [5, 6.375, 3.625],
			"rotation": {"angle": 22.5, "axis": "x", "origin": [2.8125, 4.1875, 1.4375]},
			"faces": {
				"east": {"uv": [3.125, 0, 0, 3.125], "rotation": 90, "texture": "#2"},
				"south": {"uv": [6.25, 0, 3.125, 3.125], "rotation": 270, "texture": "#2"},
				"up": {"uv": [6.25, 0, 3.125, 3.125], "texture": "#2"}
			}
		},
		{
			"name": "cube inverted",
			"from": [4.75, 5.875, 16.5],
			"to": [-1.25, -0.125, 10.5],
			"rotation": {"angle": -22.5, "axis": "z", "origin": [2.725, 3.35, 12.775]},
			"faces": {
				"north": {"uv": [6.75, 0, 9.875, 3.125], "texture": "#2"},
				"east": {"uv": [7.125, 0, 10.25, 3.125], "texture": "#2"},
				"south": {"uv": [3.125, 0, 6.25, 3.125], "texture": "#2"},
				"west": {"uv": [0, 0, 3.125, 3.125], "texture": "#2"},
				"up": {"uv": [10, 3.125, 6.875, 0], "rotation": 90, "texture": "#2"},
				"down": {"uv": [6.25, 3.125, 3.125, 0], "rotation": 270, "texture": "#2"}
			}
		},
		{
			"from": [-1.25, -0.125, 10.5],
			"to": [4.75, 5.875, 16.5],
			"rotation": {"angle": -22.5, "axis": "z", "origin": [2.725, 3.35, 12.775]},
			"faces": {
				"north": {"uv": [3.125, 3.125, 6.25, 0], "texture": "#2"},
				"east": {"uv": [0, 3.125, 3.125, 0], "texture": "#2"},
				"up": {"uv": [3.125, 3.125, 6.25, 0], "rotation": 90, "texture": "#2"}
			}
		},
		{
			"name": "cube inverted",
			"from": [4.5, 6.125, 12.875],
			"to": [-1.5, 0.125, 6.875],
			"rotation": {"angle": 45, "axis": "x", "origin": [4.5, 6.125, 6.875]},
			"faces": {
				"north": {"uv": [10, 3.125, 6.875, 0], "texture": "#2"},
				"east": {"uv": [9.875, 3.125, 6.75, 0], "rotation": 270, "texture": "#2"},
				"south": {"uv": [6.25, 3.125, 3.125, 0], "rotation": 180, "texture": "#2"},
				"west": {"uv": [6.25, 3.125, 3.125, 0], "rotation": 90, "texture": "#2"},
				"up": {"uv": [10.25, 3.125, 7.125, 0], "rotation": 180, "texture": "#2"},
				"down": {"uv": [3.125, 3.125, 0, 0], "texture": "#2"}
			}
		},
		{
			"from": [-1.5, 0.125, 6.875],
			"to": [4.5, 6.125, 12.875],
			"rotation": {"angle": 45, "axis": "x", "origin": [4.5, 6.125, 6.875]},
			"faces": {
				"north": {"uv": [3.125, 3.125, 6.25, 0], "texture": "#2"},
				"east": {"uv": [6.25, 0, 3.125, 3.125], "rotation": 270, "texture": "#2"},
				"up": {"uv": [3.125, 0, 0, 3.125], "rotation": 180, "texture": "#2"}
			}
		}
	],
	"groups": [
		{
			"name": "stem",
			"origin": [1, 4, 27],
			"color": 0,
			"children": [0, 1]
		},
		{
			"name": "group",
			"origin": [8, 8, 8],
			"color": 0,
			"children": [
				{
					"name": "bud",
					"origin": [8, 8, 8],
					"color": 0,
					"children": [2, 3]
				},
				{
					"name": "bud",
					"origin": [8, 8, 8],
					"color": 0,
					"children": [4, 5, 6]
				},
				{
					"name": "bud",
					"origin": [8, 8, 8],
					"color": 0,
					"children": [7, 8]
				},
				{
					"name": "bud",
					"origin": [8, 8, 8],
					"color": 0,
					"children": [9, 10, 11]
				},
				{
					"name": "bud",
					"origin": [8, 8, 8],
					"color": 0,
					"children": [12, 13]
				},
				{
					"name": "bud",
					"origin": [8, 8, 8],
					"color": 0,
					"children": [14, 15]
				},
				{
					"name": "bud",
					"origin": [8, 8, 8],
					"color": 0,
					"children": [16, 17]
				},
				{
					"name": "bud",
					"origin": [8, 8, 8],
					"color": 0,
					"children": [18, 19]
				},
				{
					"name": "bud",
					"origin": [8, 8, 8],
					"color": 0,
					"children": [20, 21]
				},
				{
					"name": "bud",
					"origin": [8, 8, 8],
					"color": 0,
					"children": [22, 23, 24]
				},
				{
					"name": "bud",
					"origin": [8, 8, 8],
					"color": 0,
					"children": [25, 26]
				},
				{
					"name": "bud",
					"origin": [8, 8, 8],
					"color": 0,
					"children": [27, 28]
				}
			]
		},
		{
			"name": "group",
			"origin": [8, 8, 8],
			"color": 0,
			"children": [
				{
					"name": "bud",
					"origin": [8, 8, 8],
					"color": 0,
					"children": [29, 30, 31]
				},
				{
					"name": "bud",
					"origin": [8, 8, 8],
					"color": 0,
					"children": [32, 33]
				},
				{
					"name": "bud",
					"origin": [8, 8, 8],
					"color": 0,
					"children": [34, 35]
				},
				{
					"name": "bud",
					"origin": [8, 8, 8],
					"color": 0,
					"children": [36, 37]
				},
				{
					"name": "bud",
					"origin": [8, 8, 8],
					"color": 0,
					"children": [38, 39]
				},
				{
					"name": "bud",
					"origin": [8, 8, 8],
					"color": 0,
					"children": [40, 41, 42]
				},
				{
					"name": "bud",
					"origin": [8, 8, 8],
					"color": 0,
					"children": [43, 44]
				},
				{
					"name": "bud",
					"origin": [8, 8, 8],
					"color": 0,
					"children": [45, 46]
				}
			]
		}
	]
}