{
	"credit": "Made with Blockbench",
	"parent": "block/block",
	"elements": [
		{
			"from": [7, 8, 7],
			"to": [9, 10.25, 9],
			"rotation": {"angle": 0, "axis": "y", "origin": [9, 9, 9]},
			"faces": {
				"north": {"uv": [10, 2, 12, 6.5], "texture": "#1"},
				"east": {"uv": [10, 2, 12, 6.5], "texture": "#1"},
				"south": {"uv": [10, 2, 12, 6.25], "texture": "#1"},
				"west": {"uv": [10, 2, 12, 6.25], "texture": "#1"},
				"up": {"uv": [10, 4, 12, 6], "texture": "#1"},
				"down": {"uv": [1, 10, 5, 14], "texture": "#missing"}
			}
		},
		{
			"from": [7, 8, 8.63583],
			"to": [9, 9.08082, 13],
			"rotation": {"angle": 22.5, "axis": "x", "origin": [8, 8.5, 10.5]},
			"faces": {
				"north": {"uv": [0, 0, 2, 1], "texture": "#missing"},
				"east": {"uv": [8, 0, 12.25, 1], "texture": "#1"},
				"south": {"uv": [10, 2, 12, 3], "texture": "#1"},
				"west": {"uv": [8, 1, 12.25, 2], "texture": "#1"},
				"up": {"uv": [8, 2.5, 10, 6.75], "texture": "#1"},
				"down": {"uv": [0, 0, 2, 5], "texture": "#missing"}
			}
		},
		{
			"from": [7, 8, 3],
			"to": [9, 9.08082, 7.36417],
			"rotation": {"angle": -22.5, "axis": "x", "origin": [8, 8.5, 5.5]},
			"faces": {
				"north": {"uv": [10, 2, 12, 3], "texture": "#1"},
				"east": {"uv": [8, 1, 12.25, 2], "texture": "#1"},
				"south": {"uv": [0, 0, 2, 1], "texture": "#missing"},
				"west": {"uv": [8, 0, 12.25, 1], "texture": "#1"},
				"up": {"uv": [8, 2, 10, 6.25], "texture": "#1"},
				"down": {"uv": [0, 0, 2, 5], "texture": "#missing"}
			}
		},
		{
			"from": [3, 8, 7],
			"to": [7.36417, 9.08082, 9],
			"rotation": {"angle": 22.5, "axis": "z", "origin": [5.5, 8.5, 8]},
			"faces": {
				"north": {"uv": [8, 1, 12.25, 2], "texture": "#1"},
				"east": {"uv": [0, 0, 2, 1], "texture": "#missing"},
				"south": {"uv": [8, 0, 12.25, 1], "texture": "#1"},
				"west": {"uv": [10, 2, 12, 3], "texture": "#1"},
				"up": {"uv": [8, 6.75, 12.25, 8.75], "texture": "#1"},
				"down": {"uv": [0, 0, 5, 2], "texture": "#missing"}
			}
		},
		{
			"from": [8.63583, 8, 7],
			"to": [13, 9.08082, 9],
			"rotation": {"angle": -22.5, "axis": "z", "origin": [10.5, 8.5, 8]},
			"faces": {
				"north": {"uv": [8, 0, 12.25, 1], "texture": "#1"},
				"east": {"uv": [10, 2, 12, 3], "texture": "#1"},
				"south": {"uv": [8, 1, 12.25, 2], "texture": "#1"},
				"west": {"uv": [0, 0, 2, 1], "texture": "#missing"},
				"up": {"uv": [8.5, 6.75, 12.75, 8.75], "texture": "#1"},
				"down": {"uv": [0, 0, 5, 2], "texture": "#missing"}
			}
		},
		{
			"from": [7, 1.5, 10.5],
			"to": [9, 7.5, 11.5],
			"rotation": {"angle": 22.5, "axis": "x", "origin": [8, 4.5, 11]},
			"faces": {
				"north": {"uv": [0, 9, 6, 11], "rotation": 270, "texture": "#1"},
				"east": {"uv": [0, 11, 6, 12], "rotation": 90, "texture": "#1"},
				"south": {"uv": [0, 9, 6, 11], "rotation": 90, "texture": "#1"},
				"west": {"uv": [0, 11, 6, 12], "rotation": 90, "texture": "#1"},
				"up": {"uv": [0, 11, 6, 12], "texture": "#1"},
				"down": {"uv": [0, 11, 6, 12], "texture": "#1"}
			}
		},
		{
			"from": [7, 1.5, 4.5],
			"to": [9, 7.5, 5.5],
			"rotation": {"angle": -22.5, "axis": "x", "origin": [8, 4.5, 5]},
			"faces": {
				"north": {"uv": [0, 9, 6, 11], "rotation": 270, "texture": "#1"},
				"east": {"uv": [0, 11, 6, 12], "rotation": 90, "texture": "#1"},
				"south": {"uv": [0, 9, 6, 11], "rotation": 270, "texture": "#1"},
				"west": {"uv": [0, 11, 6, 12], "rotation": 90, "texture": "#1"},
				"up": {"uv": [0, 11, 6, 12], "texture": "#1"},
				"down": {"uv": [0, 11, 6, 12], "texture": "#1"}
			}
		},
		{
			"from": [4.5, 1.5, 7],
			"to": [5.5, 7.5, 9],
			"rotation": {"angle": 22.5, "axis": "z", "origin": [5, 4.5, 8]},
			"faces": {
				"north": {"uv": [0, 11, 6, 12], "rotation": 90, "texture": "#1"},
				"east": {"uv": [0, 9, 6, 11], "rotation": 270, "texture": "#1"},
				"south": {"uv": [0, 11, 6, 12], "rotation": 90, "texture": "#1"},
				"west": {"uv": [0, 9, 6, 11], "rotation": 270, "texture": "#1"},
				"up": {"uv": [0, 0, 2, 1], "rotation": 270, "texture": "#missing"},
				"down": {"uv": [10, 2, 12, 3], "rotation": 270, "texture": "#1"}
			}
		},
		{
			"from": [10.5, 1.5, 7],
			"to": [11.5, 7.5, 9],
			"rotation": {"angle": -22.5, "axis": "z", "origin": [11, 4.5, 8]},
			"faces": {
				"north": {"uv": [0, 11, 6, 12], "rotation": 90, "texture": "#1"},
				"east": {"uv": [0, 9, 6, 11], "rotation": 270, "texture": "#1"},
				"south": {"uv": [0, 11, 6, 12], "rotation": 90, "texture": "#1"},
				"west": {"uv": [0, 9, 6, 11], "rotation": 270, "texture": "#1"},
				"up": {"uv": [0, 0, 2, 1], "rotation": 270, "texture": "#missing"},
				"down": {"uv": [10, 2, 12, 3], "rotation": 270, "texture": "#1"}
			}
		},
		{
			"from": [6, 1, 6],
			"to": [10, 2, 10],
			"rotation": {"angle": -45, "axis": "y", "origin": [8, 1.5, 8]},
			"faces": {
				"north": {"uv": [6, 9, 10, 10], "texture": "#1"},
				"east": {"uv": [6, 9, 10, 10], "texture": "#1"},
				"south": {"uv": [6, 9, 10, 10], "texture": "#1"},
				"west": {"uv": [6, 9, 10, 10], "texture": "#1"},
				"up": {"uv": [0, 12, 4, 16], "texture": "#1"},
				"down": {"uv": [4, 12, 8, 16], "texture": "#1"}
			}
		},
		{
			"from": [6, 0, 6],
			"to": [10, 1, 10],
			"rotation": {"angle": 0, "axis": "y", "origin": [15, 8, 15]},
			"faces": {
				"north": {"uv": [6, 11, 10, 12], "texture": "#1"},
				"east": {"uv": [6, 11, 10, 12], "texture": "#1"},
				"south": {"uv": [6, 11, 10, 12], "texture": "#1"},
				"west": {"uv": [6, 11, 10, 12], "texture": "#1"},
				"up": {"uv": [8, 12, 12, 16], "texture": "#1"},
				"down": {"uv": [0, 12, 4, 16], "texture": "#1"}
			}
		},
		{
			"from": [4, 7, 4],
			"to": [12, 8, 12],
			"rotation": {"angle": 45, "axis": "y", "origin": [8, 7.5, 8]},
			"faces": {
				"north": {"uv": [0, 8, 8, 9], "texture": "#1"},
				"east": {"uv": [0, 8, 8, 9], "texture": "#1"},
				"south": {"uv": [0, 8, 8, 9], "texture": "#1"},
				"west": {"uv": [0, 8, 8, 9], "texture": "#1"},
				"up": {"uv": [0, 0, 8, 8], "texture": "#1"},
				"down": {"uv": [0, 0, 8, 8], "texture": "#1"}
			}
		},
		{
			"from": [5, 7.5, 5.75],
			"to": [6.25, 8.5, 10.25],
			"rotation": {"angle": 45, "axis": "y", "origin": [8, 8.5, 8]},
			"faces": {
				"north": {"uv": [3, 3, 9, 4], "texture": "#missing"},
				"east": {"uv": [3, 3, 9, 4], "texture": "#missing"},
				"south": {"uv": [3, 3, 9, 4], "texture": "#missing"},
				"west": {"uv": [1, 1, 7, 2], "texture": "#1"},
				"up": {"uv": [5, 1, 7, 7], "texture": "#1"},
				"down": {"uv": [0, 0, 6, 6], "texture": "#missing"}
			}
		},
		{
			"from": [10, 7.5, 5.75],
			"to": [11, 8.5, 10.25],
			"rotation": {"angle": 45, "axis": "y", "origin": [8, 8.5, 8]},
			"faces": {
				"north": {"uv": [3, 3, 9, 4], "texture": "#missing"},
				"east": {"uv": [1, 1, 7, 2], "texture": "#1"},
				"south": {"uv": [3, 3, 9, 4], "texture": "#missing"},
				"west": {"uv": [3, 3, 9, 4], "texture": "#missing"},
				"up": {"uv": [1, 1, 2.5, 7], "texture": "#1"},
				"down": {"uv": [0, 0, 6, 6], "texture": "#missing"}
			}
		},
		{
			"from": [5.75, 7.5, 5],
			"to": [10.25, 8.5, 6.25],
			"rotation": {"angle": 45, "axis": "y", "origin": [8, 8.5, 8]},
			"faces": {
				"north": {"uv": [1, 1, 7, 2], "texture": "#1"},
				"east": {"uv": [3, 3, 9, 4], "texture": "#missing"},
				"south": {"uv": [3, 3, 9, 4], "texture": "#missing"},
				"west": {"uv": [3, 3, 9, 4], "texture": "#missing"},
				"up": {"uv": [1, 1, 7, 2.5], "texture": "#1"},
				"down": {"uv": [0, 0, 6, 6], "texture": "#missing"}
			}
		},
		{
			"from": [5.75, 7.5, 10],
			"to": [10.25, 8.5, 11],
			"rotation": {"angle": 45, "axis": "y", "origin": [8, 8.5, 8]},
			"faces": {
				"north": {"uv": [3, 3, 9, 4], "texture": "#missing"},
				"east": {"uv": [3, 3, 9, 4], "texture": "#missing"},
				"south": {"uv": [1, 1, 7, 2], "texture": "#1"},
				"west": {"uv": [3, 3, 9, 4], "texture": "#missing"},
				"up": {"uv": [1, 5.25, 7, 6.75], "texture": "#1"},
				"down": {"uv": [0, 0, 6, 6], "texture": "#missing"}
			}
		},
		{
			"from": [6, 8, 7],
			"to": [7, 9, 9],
			"rotation": {"angle": 45, "axis": "y", "origin": [8, 8.5, 8]},
			"faces": {
				"north": {"uv": [4, 3, 8, 4], "rotation": 180, "texture": "#missing"},
				"east": {"uv": [4, 3, 8, 4], "rotation": 180, "texture": "#missing"},
				"south": {"uv": [4, 3, 8, 4], "rotation": 180, "texture": "#missing"},
				"west": {"uv": [2, 1, 6, 2], "rotation": 180, "texture": "#1"},
				"up": {"uv": [5.25, 1, 7, 7], "texture": "#1"},
				"down": {"uv": [0, 0, 4, 4], "texture": "#missing"}
			}
		},
		{
			"from": [7, 8, 9],
			"to": [9, 9, 10],
			"rotation": {"angle": 45, "axis": "y", "origin": [8, 8.5, 8]},
			"faces": {
				"north": {"uv": [4, 3, 8, 4], "rotation": 180, "texture": "#missing"},
				"east": {"uv": [4, 3, 8, 4], "rotation": 180, "texture": "#missing"},
				"south": {"uv": [2, 1, 6, 2], "rotation": 180, "texture": "#1"},
				"west": {"uv": [4, 3, 8, 4], "rotation": 180, "texture": "#missing"},
				"up": {"uv": [1, 5, 7, 7], "texture": "#1"},
				"down": {"uv": [0, 0, 4, 4], "texture": "#missing"}
			}
		},
		{
			"from": [7, 8, 6],
			"to": [9, 9, 7],
			"rotation": {"angle": 45, "axis": "y", "origin": [8, 8.5, 8]},
			"faces": {
				"north": {"uv": [2, 1, 6, 2], "rotation": 180, "texture": "#1"},
				"east": {"uv": [4, 3, 8, 4], "rotation": 180, "texture": "#missing"},
				"south": {"uv": [4, 3, 8, 4], "rotation": 180, "texture": "#missing"},
				"west": {"uv": [4, 3, 8, 4], "rotation": 180, "texture": "#missing"},
				"up": {"uv": [1, 5.25, 7, 7], "texture": "#1"},
				"down": {"uv": [0, 0, 4, 4], "texture": "#missing"}
			}
		},
		{
			"from": [9, 8, 7],
			"to": [10, 9, 9],
			"rotation": {"angle": 45, "axis": "y", "origin": [8, 8.5, 8]},
			"faces": {
				"north": {"uv": [4, 3, 8, 4], "rotation": 180, "texture": "#missing"},
				"east": {"uv": [2, 1, 6, 2], "rotation": 180, "texture": "#1"},
				"south": {"uv": [4, 3, 8, 4], "rotation": 180, "texture": "#missing"},
				"west": {"uv": [4, 3, 8, 4], "rotation": 180, "texture": "#missing"},
				"up": {"uv": [1, 1, 2.75, 7], "texture": "#1"},
				"down": {"uv": [0, 0, 4, 4], "texture": "#missing"}
			}
		},
		{
			"from": [6.25, 2, 6.25],
			"to": [9.75, 3, 9.75],
			"rotation": {"angle": 45, "axis": "y", "origin": [8, -0.5, 8]},
			"faces": {
				"north": {"uv": [12, 15, 16, 16], "texture": "#1"},
				"east": {"uv": [12, 15, 16, 16], "texture": "#1"},
				"south": {"uv": [12, 15, 16, 16], "texture": "#1"},
				"west": {"uv": [12, 15, 16, 16], "texture": "#1"},
				"up": {"uv": [0, 0, 3.5, 3.5], "texture": "#missing"},
				"down": {"uv": [0, 0, 3.5, 3.5], "texture": "#missing"}
			}
		},
		{
			"from": [6, 3, 6],
			"to": [10, 4, 10],
			"rotation": {"angle": -45, "axis": "y", "origin": [8, -0.5, 8]},
			"faces": {
				"north": {"uv": [12, 11.75, 16, 12.75], "texture": "#1"},
				"east": {"uv": [12, 11.75, 16, 12.75], "texture": "#1"},
				"south": {"uv": [12, 11.75, 16, 12.75], "texture": "#1"},
				"west": {"uv": [12, 11.75, 16, 12.75], "texture": "#1"},
				"up": {"uv": [0, 0, 4, 4], "texture": "#missing"},
				"down": {"uv": [12, 10.25, 16, 14], "texture": "#1"}
			}
		},
		{
			"from": [5.5, 5, 5.5],
			"to": [10.5, 6, 10.5],
			"rotation": {"angle": -45, "axis": "y", "origin": [8, -0.5, 8]},
			"faces": {
				"north": {"uv": [12, 9.75, 16, 10.75], "texture": "#1"},
				"east": {"uv": [12, 9.75, 16, 10.75], "texture": "#1"},
				"south": {"uv": [12, 9.75, 16, 10.75], "texture": "#1"},
				"west": {"uv": [12, 9.75, 16, 10.75], "texture": "#1"},
				"up": {"uv": [0, 0, 5, 5], "texture": "#missing"},
				"down": {"uv": [12, 10.25, 16, 14], "texture": "#1"}
			}
		},
		{
			"from": [5.75, 4, 5.75],
			"to": [10.25, 5, 10.25],
			"rotation": {"angle": -45, "axis": "y", "origin": [8, -0.5, 8]},
			"faces": {
				"north": {"uv": [12, 10.75, 16, 11.75], "texture": "#1"},
				"east": {"uv": [12, 10.75, 16, 11.75], "texture": "#1"},
				"south": {"uv": [12, 10.75, 16, 11.75], "texture": "#1"},
				"west": {"uv": [12, 10.75, 16, 11.75], "texture": "#1"},
				"up": {"uv": [0, 0, 4.5, 4.5], "texture": "#missing"},
				"down": {"uv": [12, 10.25, 16, 14], "texture": "#1"}
			}
		},
		{
			"from": [5.25, 6, 5.25],
			"to": [10.75, 7, 10.75],
			"rotation": {"angle": 45, "axis": "y", "origin": [8, -0.5, 8]},
			"faces": {
				"north": {"uv": [12, 8.75, 16, 9.75], "texture": "#1"},
				"east": {"uv": [12, 8.75, 16, 9.75], "texture": "#1"},
				"south": {"uv": [12, 8.75, 16, 9.75], "texture": "#1"},
				"west": {"uv": [12, 8.75, 16, 9.75], "texture": "#1"},
				"up": {"uv": [0, 0, 5.5, 5.5], "texture": "#missing"},
				"down": {"uv": [12, 10.25, 16, 14], "texture": "#1"}
			}
		}
	],
	"groups": [
		{
			"name": "main",
			"origin": [8, 8, 8],
			"children": [
				{
					"name": "socket",
					"origin": [8, 8, 8],
					"children": [0]
				},
				{
					"name": "top frame",
					"origin": [10.5, 7.5, 8],
					"children": [1, 2, 3, 4]
				},
				{
					"name": "bottom frame",
					"origin": [11, 4.5, 8],
					"children": [5, 6, 7, 8]
				},
				{
					"name": "flat",
					"origin": [15, 9, 15],
					"children": [9, 10, 11]
				}, 12, 13, 14, 15, 16, 17, 18, 19]
		},
		{
			"name": "screen",
			"origin": [8, 0.5, 8],
			"children": [20, 21, 22, 23, 24]
		}
	]
}