{
  "name": "incendium:phantom/main_hive",
  "fallback": "minecraft:empty",
  "elements": [
    {
      "weight": 1,
      "element": {
        "location": "incendium:phantom/hive1",
        "processors": "incendium:phantom_nest",
        "projection": "rigid",
        "element_type": "minecraft:single_pool_element"
      }
    },
    {
      "weight": 1,
      "element": {
        "location": "incendium:phantom/hive2",
        "processors": "incendium:phantom_nest",
        "projection": "rigid",
        "element_type": "minecraft:single_pool_element"
      }
    },
    {
      "weight": 1,
      "element": {
        "location": "incendium:phantom/hive3",
        "processors": "incendium:phantom_nest",
        "projection": "rigid",
        "element_type": "minecraft:single_pool_element"
      }
    }
  ]
}
