{
  "name": "incendium:phantom/main_hive",
  "fallback": "minecraft:empty",
  "elements": [
    {
      "weight": 1,
      "element": {
        "location": "incendium:phantom/ribbon1",
        "processors": "incendium:phantom_nest",
        "projection": "rigid",
        "element_type": "minecraft:single_pool_element"
      }
    },
    {
      "weight": 1,
      "element": {
        "location": "incendium:phantom/ribbon2",
        "processors": "incendium:phantom_nest",
        "projection": "rigid",
        "element_type": "minecraft:single_pool_element"
      }
    },
    {
      "weight": 1,
      "element": {
        "location": "incendium:phantom/ribbon3",
        "processors": "incendium:phantom_nest",
        "projection": "rigid",
        "element_type": "minecraft:single_pool_element"
      }
    },
    {
      "weight": 1,
      "element": {
        "location": "incendium:phantom/ribbon4",
        "processors": "incendium:phantom_nest",
        "projection": "rigid",
        "element_type": "minecraft:single_pool_element"
      }
    },
    {
      "weight": 1,
      "element": {
        "location": "incendium:phantom/ribbon5",
        "processors": "incendium:phantom_nest",
        "projection": "rigid",
        "element_type": "minecraft:single_pool_element"
      }
    },
    {
      "weight": 1,
      "element": {
        "location": "incendium:phantom/ribbon6",
        "processors": "incendium:phantom_nest",
        "projection": "rigid",
        "element_type": "minecraft:single_pool_element"
      }
    },
    {
      "weight": 1,
      "element": {
        "location": "incendium:phantom/ribbon7",
        "processors": "incendium:phantom_nest",
        "projection": "rigid",
        "element_type": "minecraft:single_pool_element"
      }
    },
    {
      "weight": 1,
      "element": {
        "location": "incendium:phantom/ribbon8",
        "processors": "incendium:phantom_nest",
        "projection": "rigid",
        "element_type": "minecraft:single_pool_element"
      }
    }
  ]
}
