{
  "name": "incendium:generic",
  "fallback": "minecraft:empty",
  "elements": [
    {
      "weight": 5,
      "element": {
        "location": "incendium:castle/1x1_l3",
        "processors": "incendium:castle_floor",
        "projection": "rigid",
        "element_type": "minecraft:single_pool_element"
      }
    },
    {
      "weight": 3,
      "element": {
        "location": "incendium:castle/2x1_l3",
        "processors": "incendium:castle_floor",
        "projection": "rigid",
        "element_type": "minecraft:single_pool_element"
      }
    },
    {
      "weight": 2,
      "element": {
        "location": "incendium:castle/2x2_l3",
        "processors": "incendium:castle_floor",
        "projection": "rigid",
        "element_type": "minecraft:single_pool_element"
      }
    }
  ]
}
