{
  "name": "incendium:generic",
  "fallback": "minecraft:empty",
  "elements": [
    {
      "weight": 150,
      "element": {
        "location": "incendium:castle/wall_simple1",
        "processors": "incendium:castle_floor",
        "projection": "rigid",
        "element_type": "minecraft:single_pool_element"
      }
    },
    {
      "weight": 150,
      "element": {
        "location": "incendium:castle/wall_simple1",
        "processors": "incendium:castle_floor",
        "projection": "rigid",
        "element_type": "minecraft:single_pool_element"
      }
    },
    {
      "weight": 150,
      "element": {
        "location": "incendium:castle/wall_simple1",
        "processors": "incendium:castle_floor",
        "projection": "rigid",
        "element_type": "minecraft:single_pool_element"
      }
    },
    {
      "weight": 1,
      "element": {
        "location": "incendium:castle/wall_simple1_fb",
        "processors": "incendium:castle_floor",
        "projection": "rigid",
        "element_type": "minecraft:single_pool_element"
      }
    }
  ]
}
