{
  "max_exclusive": -1,
  "when_in_range": 64.0,
  "when_out_of_range": {
    "argument1": {
      "argument": {
        "max_exclusive": 184.0,
        "when_in_range": {
          "argument1": -0.07500000000000001,
          "argument2": {
            "argument1": -0.025,
            "argument2": {
              "noise": "incendium:math/cave/tunnel_thickness",
              "xz_scale": 1.0,
              "y_scale": 1.0,
              "type": "minecraft:noise"
            },
            "type": "minecraft:mul"
          },
          "type": "minecraft:add"
        },
        "when_out_of_range": 0.0,
        "input": "minecraft:y",
        "min_inclusive": -60.0,
        "type": "minecraft:range_choice"
      },
      "type": "minecraft:interpolated"
    },
    "argument2": {
      "argument1": 1.5,
      "argument2": {
        "argument1": {
          "argument": {
            "argument": {
              "max_exclusive": 184.0,
              "when_in_range": {
                "noise": "incendium:math/cave/tunnel_a",
                "xz_scale": 4.0,
                "y_scale": 10.0,
                "type": "minecraft:noise"
              },
              "when_out_of_range": 0.0,
              "input": "minecraft:y",
              "min_inclusive": -60.0,
              "type": "minecraft:range_choice"
            },
            "type": "minecraft:interpolated"
          },
          "type": "minecraft:abs"
        },
        "argument2": {
          "argument": {
            "argument": {
              "max_exclusive": 184.0,
              "when_in_range": {
                "noise": "incendium:math/cave/tunnel_b",
                "xz_scale": 2.0,
                "y_scale": 10.0,
                "type": "minecraft:noise"
              },
              "when_out_of_range": 0.0,
              "input": "minecraft:y",
              "min_inclusive": -60.0,
              "type": "minecraft:range_choice"
            },
            "type": "minecraft:interpolated"
          },
          "type": "minecraft:abs"
        },
        "type": "minecraft:max"
      },
      "type": "minecraft:mul"
    },
    "type": "minecraft:add"
  },
  "input": {
    "argument": {
      "max_exclusive": 184.0,
      "when_in_range": {
        "noise": "incendium:math/cave/tunnel_toggle",
        "xz_scale": 1.0,
        "y_scale": 1.0,
        "type": "minecraft:noise"
      },
      "when_out_of_range": -1.0,
      "input": "minecraft:y",
      "min_inclusive": -60.0,
      "type": "minecraft:range_choice"
    },
    "type": "minecraft:interpolated"
  },
  "min_inclusive": -1000000.0,
  "type": "minecraft:range_choice"
}