{

      "argument1":{
  "argument1":{
  "type": "minecraft:clamp",
  "input": {
    "type": "minecraft:add",
    "argument1": {
      "type": "minecraft:blend_density",
      "argument":
      {"type":"add","argument1":
      {"type":"interpolated","argument":
        {
        "type":"abs","argument":{
          "type": "minecraft:noise",
          "noise": "terralith:math/noodle/ridge",
          "xz_scale": 1.0,
          "y_scale": 1.0
        }
      }
      },
    
        "argument2":
        0.001
    }
      
    },
    "argument2": -0.075
  },
  "min": -0.075,
  "max": 0.75
},
"type":"mul",
"argument2":1.0
},
      "argument2":{
  "argument1":{
  "type": "minecraft:clamp",
  "input": {
    "type": "minecraft:add",
    "argument1": {
      "type": "minecraft:blend_density",
      "argument":
      {"type":"add","argument1":
      {"type":"interpolated","argument":
        {
        "type":"abs","argument":{
          "type": "minecraft:noise",
          "noise": "terralith:math/noodle/ridge2",
          "xz_scale": 1.0,
          "y_scale": 1.0
        }
      }
      },
    
        "argument2":
        0.001
    }
      
    },
    "argument2": -0.075
  },
  "min": -0.075,
  "max": 0.75
},
"type":"mul",
"argument2":1.0
},
"type":"max"
}