{
  "argument1":{
  "type": "minecraft:clamp",
  "input": {
    "type": "minecraft:add",
    "argument1": {
      "type": "minecraft:blend_density",
      "argument":
      {"type":"add","argument1":
      {"type":"abs","argument":
        {
        "type":"abs","argument":{
          "type": "minecraft:noise",
          "noise": "terralith:math/noodle/ridge",
          "xz_scale": 6.0,
          "y_scale": 6.0
        }
      }
      },
    
        "argument2":
        {"type":"abs","argument":
        {
        "type":"interpolated","argument":{
          "type": "minecraft:noise",
          "noise": "noodle_ridge_a",
          "xz_scale": 1,
          "y_scale": 1
        }
      }
      }
    }
      
    },
    "argument2": -0.125
  },
  "min": -0.125,
  "max": 0
},
"type":"mul",
"argument2":5.0
}
