{
  "name": "incendium:pipes/pipe_start",
  "fallback": "minecraft:empty",
  "elements": [
    {
      "weight": 2,
      "element": {
        "location": "incendium:steam/large_h",
        "processors": "incendium:pipe_large",
        "projection": "rigid",
        "element_type": "minecraft:single_pool_element"
      }
    },
    {
      "weight": 3,
      "element": {
        "location": "incendium:steam/large_hv",
        "processors": "incendium:pipe_large",
        "projection": "rigid",
        "element_type": "minecraft:single_pool_element"
      }
    },
    {
      "weight": 3,
      "element": {
        "location": "incendium:steam/large_vh",
        "processors": "incendium:pipe_large",
        "projection": "rigid",
        "element_type": "minecraft:single_pool_element"
      }
    },
    {
      "weight": 4,
      "element": {
        "location": "incendium:steam/starter1",
        "processors": "incendium:pipe_large",
        "projection": "rigid",
        "element_type": "minecraft:single_pool_element"
      }
    },
    {
      "weight": 4,
      "element": {
        "location": "incendium:steam/starter2",
        "processors": "incendium:pipe_large",
        "projection": "rigid",
        "element_type": "minecraft:single_pool_element"
      }
    }
  ]
}
